age,gender,gpa,family_income,household_size,extracurricular_score,community_service_hours,attendance_rate,has_disability,is_first_generation,previous_scholarship,region,eligible
16,Female,2.14,34473.0,2,2.3,34.0,92.1,No,Yes,No,Rural,0
23,Female,3.84,90788.0,3,0.0,4.0,97.7,No,Yes,Yes,Urban,0
22,Male,3.56,37102.0,4,5.3,44.0,100.0,No,No,No,Urban,1
20,Female,3.19,3135.0,4,4.4,19.0,86.7,No,No,No,Urban,1
20,Male,3.09,23212.0,4,0.8,26.0,82.1,No,No,No,Urban,0
24,Female,3.76,55109.0,4,6.3,58.0,91.8,No,Yes,No,Urban,1
16,Female,3.67,70373.0,3,1.3,31.0,84.9,No,Yes,No,Urban,0
22,Male,3.64,30174.0,7,4.8,75.0,83.2,No,Yes,Yes,Urban,0
18,Male,3.25,14674.0,6,6.7,18.0,87.9,No,Yes,No,Urban,1
16,Female,2.81,46960.0,5,5.6,7.0,83.3,No,No,No,Suburban,0
21,Male,3.42,58075.0,5,5.4,82.0,100.0,No,Yes,No,Suburban,1
25,Female,3.45,10239.0,2,4.0,9.0,85.9,No,No,No,Urban,1
23,Female,2.9,65441.0,3,5.4,93.0,87.8,No,Yes,No,Urban,0
23,Female,2.81,54632.0,3,6.1,22.0,94.5,No,No,Yes,Suburban,0
23,Male,3.62,85683.0,4,3.6,15.0,100.0,No,No,No,Urban,0
23,Female,3.92,10604.0,5,2.5,52.0,86.2,No,Yes,No,Rural,1
21,Female,2.59,32391.0,4,6.7,10.0,73.0,No,Yes,No,Urban,0
17,Male,2.86,22832.0,3,9.1,48.0,87.4,No,No,No,Suburban,0
24,Male,3.19,25175.0,4,8.3,8.0,74.4,No,No,No,Urban,1
20,Male,3.27,40730.0,2,0.0,9.0,83.9,No,No,No,Urban,1
21,Male,2.71,83043.0,4,7.8,2.0,100.0,Yes,No,No,Urban,1
19,Female,4.0,169742.0,5,3.6,26.0,81.6,No,Yes,Yes,Urban,0
17,Male,3.23,109787.0,7,9.0,30.0,79.6,No,No,Yes,Urban,0
25,Female,3.29,25781.0,5,2.7,15.0,94.9,No,Yes,No,Suburban,1
23,Male,3.97,29894.0,7,2.5,90.0,86.3,No,Yes,No,Urban,1
22,Male,2.75,19133.0,4,4.9,56.0,97.7,No,Yes,No,Urban,1
20,Male,2.95,41048.0,2,4.1,85.0,85.8,Yes,No,No,Urban,1
24,Female,2.31,9279.0,1,4.2,39.0,93.2,No,No,No,Suburban,0
21,Female,2.91,33750.0,2,7.1,47.0,75.7,No,No,No,Urban,0
20,Male,2.18,24973.0,3,7.7,36.0,80.5,No,Yes,Yes,Suburban,0
20,Female,3.41,31222.0,1,2.9,92.0,86.5,No,No,No,Suburban,0
18,Male,3.23,40630.0,4,8.6,41.0,84.8,Yes,No,Yes,Urban,1
16,Male,2.85,48282.0,5,2.3,22.0,100.0,No,No,No,Suburban,0
21,Male,2.94,40772.0,5,3.7,42.0,96.1,No,Yes,Yes,Urban,0
24,Other,3.42,34232.0,5,10.0,38.0,95.9,No,No,No,Urban,1
16,Female,2.38,51547.0,9,5.8,57.0,86.6,Yes,No,No,Urban,0
24,Female,3.11,35674.0,4,3.6,40.0,76.9,No,No,Yes,Rural,1
24,Male,3.38,41989.0,7,5.6,17.0,100.0,No,No,No,Urban,1
18,Male,2.02,26455.0,6,6.6,0.0,75.0,No,No,No,Rural,0
22,Female,3.38,71324.0,5,5.7,3.0,83.6,No,Yes,No,Suburban,0
17,Male,2.08,25464.0,1,7.8,28.0,92.6,No,Yes,No,Rural,0
23,Female,2.94,6261.0,3,3.1,3.0,100.0,No,No,No,Rural,0
23,Female,2.36,11001.0,7,3.6,19.0,100.0,No,No,No,Urban,0
19,Male,3.79,51884.0,8,3.0,39.0,93.0,No,Yes,Yes,Suburban,1
16,Female,2.36,22230.0,5,3.2,70.0,100.0,Yes,No,Yes,Urban,0
25,Other,2.09,67133.0,6,5.1,5.0,84.0,No,Yes,No,Urban,0
20,Male,3.07,39460.0,3,2.7,9.0,91.6,No,No,No,Rural,0
24,Female,2.77,70969.0,3,5.6,14.0,99.7,Yes,Yes,Yes,Urban,1
22,Female,2.17,6916.0,5,6.4,13.0,76.8,No,No,No,Urban,0
23,Male,3.29,25308.0,3,2.3,35.0,91.0,No,No,Yes,Suburban,0
23,Female,1.9,18816.0,7,3.6,21.0,91.5,No,No,No,Suburban,0
17,Male,2.43,175394.0,4,3.9,92.0,91.3,No,Yes,No,Urban,0
19,Female,2.68,28737.0,2,4.5,101.0,79.7,No,Yes,No,Suburban,1
20,Female,3.44,10846.0,4,4.6,61.0,91.5,No,No,No,Rural,0
20,Female,3.71,51207.0,6,7.0,16.0,90.4,No,No,No,Urban,0
16,Female,3.61,17467.0,6,7.2,88.0,83.6,No,No,No,Rural,1
21,Female,2.92,75933.0,1,3.2,45.0,94.2,No,No,No,Suburban,0
17,Male,1.66,84447.0,1,6.5,12.0,98.8,No,Yes,No,Suburban,0
23,Male,3.21,18972.0,2,8.0,15.0,82.4,Yes,Yes,No,Rural,1
22,Male,3.81,22762.0,5,7.7,48.0,92.0,No,No,Yes,Suburban,1
25,Female,3.68,47923.0,3,5.5,95.0,99.0,No,No,No,Urban,1
23,Male,3.25,77428.0,4,4.9,19.0,99.2,No,Yes,Yes,Rural,0
19,Male,2.35,51855.0,4,1.9,16.0,86.8,No,No,No,Suburban,0
25,Female,2.71,28774.0,5,4.1,20.0,96.6,No,No,No,Urban,0
20,Male,4.0,12908.0,6,1.7,14.0,86.1,No,No,No,Urban,1
19,Male,2.22,116301.0,5,7.5,4.0,94.5,No,No,No,Urban,0
25,Male,2.37,52727.0,2,4.4,101.0,82.1,No,Yes,No,Suburban,1
19,Male,3.52,132351.0,1,4.8,6.0,75.8,No,No,No,Urban,0
16,Female,2.76,58029.0,7,3.6,6.0,92.3,No,No,No,Suburban,0
20,Male,2.35,121339.0,2,1.9,27.0,95.0,No,No,No,Urban,0
23,Male,3.84,21100.0,8,6.6,6.0,93.6,No,No,No,Urban,1
17,Other,3.25,22406.0,4,6.1,17.0,81.5,No,No,No,Suburban,0
20,Female,2.79,34657.0,9,7.1,98.0,68.2,No,No,No,Rural,1
17,Female,2.37,19732.0,2,1.1,12.0,95.0,No,Yes,No,Urban,0
22,Female,4.0,9254.0,2,7.9,46.0,99.7,No,No,No,Suburban,1
20,Female,2.99,24343.0,4,4.7,34.0,72.8,No,Yes,Yes,Urban,0
19,Male,3.77,57468.0,5,6.7,5.0,85.6,No,No,Yes,Urban,1
18,Female,3.49,14361.0,2,0.0,19.0,80.5,No,No,No,Urban,0
21,Female,2.71,15832.0,5,5.9,43.0,90.0,No,No,Yes,Urban,1
22,Male,2.72,25603.0,3,4.8,28.0,98.7,No,Yes,No,Urban,1
25,Male,3.8,17926.0,4,4.5,1.0,86.1,No,No,No,Suburban,1
20,Male,3.8,26766.0,3,4.8,43.0,84.0,No,No,No,Rural,1
17,Female,1.97,36602.0,5,3.7,4.0,91.1,No,Yes,Yes,Urban,0
24,Female,3.3,15255.0,4,1.9,7.0,71.0,No,Yes,No,Urban,1
22,Female,2.93,26075.0,4,2.2,30.0,94.7,Yes,No,No,Urban,1
23,Male,2.43,39071.0,5,5.1,34.0,96.5,No,Yes,Yes,Suburban,0
16,Male,3.14,20395.0,4,7.9,43.0,88.0,No,Yes,No,Urban,1
19,Male,2.26,12904.0,1,7.4,84.0,84.5,No,No,No,Rural,0
23,Female,2.74,21658.0,5,5.5,29.0,85.7,No,No,No,Urban,0
24,Female,2.56,30042.0,4,3.9,48.0,85.8,No,Yes,No,Suburban,0
20,Female,2.73,8775.0,3,9.5,111.0,87.5,No,No,No,Rural,1
24,Female,2.96,58070.0,2,6.5,15.0,75.5,No,Yes,Yes,Suburban,0
24,Female,2.44,31290.0,3,6.3,67.0,91.3,No,No,Yes,Suburban,0
19,Other,3.87,21756.0,1,2.1,99.0,85.1,No,No,No,Suburban,1
24,Male,3.27,10214.0,5,5.6,20.0,88.2,No,No,Yes,Rural,1
18,Male,3.99,53072.0,5,2.3,21.0,83.4,No,No,No,Suburban,1
18,Male,2.91,85003.0,2,9.6,159.0,91.0,No,Yes,No,Suburban,0
22,Male,2.7,25154.0,4,3.1,1.0,98.6,No,Yes,No,Urban,0
22,Male,3.97,124964.0,1,3.7,9.0,89.7,No,No,No,Rural,0
17,Male,2.68,37742.0,2,3.6,6.0,74.9,Yes,No,No,Rural,0
24,Female,2.9,38762.0,3,4.2,26.0,88.0,No,No,No,Suburban,1
17,Male,3.4,69273.0,6,6.5,11.0,89.7,No,Yes,No,Suburban,1
24,Female,2.32,55002.0,10,5.0,11.0,87.6,Yes,No,No,Suburban,0
16,Female,3.39,14275.0,3,5.1,51.0,81.9,No,Yes,No,Urban,1
23,Female,3.32,24412.0,2,6.6,58.0,87.6,No,Yes,No,Suburban,1
23,Female,3.7,77270.0,8,1.7,31.0,94.7,No,No,No,Suburban,0
23,Male,3.49,55767.0,5,6.6,18.0,85.6,No,No,No,Suburban,0
22,Female,3.71,125700.0,4,5.3,20.0,99.0,No,No,No,Urban,0
20,Male,2.94,49987.0,3,3.5,35.0,82.8,No,No,No,Urban,0
23,Female,2.53,57076.0,3,5.3,4.0,79.8,No,No,Yes,Urban,0
18,Male,4.0,21599.0,4,5.2,81.0,86.1,No,No,No,Suburban,1
23,Male,2.16,84143.0,3,0.0,10.0,71.7,No,No,Yes,Urban,0
21,Female,2.22,4286.0,4,8.0,49.0,87.9,No,No,No,Rural,0
20,Female,3.31,43729.0,6,7.7,25.0,85.3,No,Yes,No,Rural,1
21,Male,3.89,58248.0,3,2.1,2.0,93.5,No,No,No,Suburban,1
21,Female,3.1,47699.0,3,3.3,17.0,74.3,No,No,No,Urban,0
16,Male,3.55,37972.0,3,8.0,14.0,94.1,No,Yes,No,Suburban,1
17,Female,1.9,34911.0,2,6.5,1.0,89.2,No,No,No,Urban,0
18,Male,2.73,39123.0,9,5.9,3.0,100.0,No,No,No,Urban,1
17,Male,1.97,16309.0,4,6.0,87.0,86.6,No,No,No,Urban,0
20,Male,3.43,47528.0,8,5.8,14.0,90.7,No,No,No,Urban,1
22,Male,2.15,21799.0,5,2.7,12.0,93.1,No,No,No,Rural,0
22,Male,2.3,25171.0,4,3.8,49.0,71.7,No,No,No,Suburban,0
20,Male,3.28,14737.0,6,7.2,25.0,96.9,No,No,Yes,Rural,1
24,Male,3.58,200000.0,2,6.4,14.0,87.0,No,Yes,No,Urban,0
21,Male,2.91,45212.0,4,5.6,2.0,77.8,Yes,No,No,Urban,0
16,Female,3.31,12122.0,2,3.6,6.0,87.4,Yes,Yes,Yes,Urban,1
23,Male,3.3,41935.0,2,7.2,11.0,97.4,No,No,No,Suburban,1
21,Female,2.88,83527.0,5,2.9,8.0,85.3,No,No,No,Rural,0
22,Female,2.4,47158.0,6,8.3,88.0,88.8,No,No,No,Rural,0
21,Male,3.31,37243.0,5,3.4,47.0,72.0,No,Yes,Yes,Urban,1
21,Female,3.34,20361.0,3,3.1,18.0,81.2,No,No,No,Urban,1
16,Male,3.49,47213.0,2,5.1,47.0,93.7,No,No,No,Urban,1
21,Male,3.17,64505.0,5,5.5,126.0,96.5,No,No,No,Urban,1
23,Female,2.36,64977.0,3,5.2,43.0,89.7,No,Yes,No,Suburban,0
19,Female,3.38,44135.0,4,2.1,37.0,92.7,No,No,No,Suburban,1
22,Female,3.0,44038.0,4,5.9,6.0,84.8,No,No,No,Suburban,0
16,Male,2.73,92659.0,3,7.2,45.0,88.2,No,Yes,No,Rural,0
19,Female,2.84,86386.0,2,4.8,33.0,79.5,No,Yes,Yes,Rural,1
20,Male,2.62,33458.0,2,1.6,5.0,84.1,Yes,Yes,No,Suburban,0
25,Male,3.49,118816.0,1,4.5,17.0,87.8,No,No,No,Urban,0
18,Male,2.22,12325.0,4,2.5,36.0,75.5,No,No,Yes,Rural,0
18,Other,2.45,45542.0,4,0.8,15.0,100.0,No,No,No,Urban,0
20,Male,2.82,48811.0,6,3.8,5.0,82.4,No,Yes,Yes,Urban,0
25,Female,3.89,19390.0,5,8.6,33.0,89.7,No,No,Yes,Urban,1
24,Female,3.58,10009.0,3,4.8,27.0,78.0,No,Yes,No,Urban,1
16,Female,2.1,19752.0,7,4.4,23.0,63.8,No,Yes,No,Urban,0
18,Female,3.74,73301.0,5,6.6,2.0,100.0,No,Yes,No,Urban,1
24,Female,3.74,74734.0,5,6.3,36.0,88.5,No,No,No,Suburban,1
16,Male,2.35,62153.0,3,1.8,0.0,70.6,No,No,No,Urban,0
24,Male,1.61,22112.0,5,9.1,17.0,79.8,No,Yes,Yes,Rural,0
18,Female,2.96,75354.0,6,5.4,40.0,100.0,No,Yes,No,Suburban,1
25,Male,3.62,23375.0,3,7.0,56.0,91.9,No,No,No,Urban,1
18,Male,3.88,47514.0,4,3.7,19.0,67.4,No,Yes,No,Suburban,1
20,Male,2.52,38948.0,3,0.7,37.0,83.9,No,Yes,No,Rural,0
22,Male,3.96,29104.0,5,4.7,14.0,86.5,No,No,No,Urban,1
17,Male,1.77,60090.0,4,2.6,6.0,92.2,No,No,Yes,Urban,0
21,Male,2.8,68322.0,2,7.6,20.0,87.9,No,No,Yes,Rural,0
21,Female,2.77,21048.0,6,1.9,17.0,74.1,No,Yes,No,Urban,0
23,Male,3.63,40634.0,6,5.1,46.0,82.9,No,No,No,Rural,1
25,Other,3.71,65953.0,2,6.3,27.0,80.7,No,No,Yes,Urban,1
22,Other,3.52,2274.0,5,5.9,17.0,94.0,No,No,Yes,Urban,0
20,Male,2.26,51998.0,1,3.9,10.0,83.7,No,No,No,Suburban,0
20,Female,3.47,66879.0,5,1.1,17.0,83.6,No,No,No,Urban,0
20,Female,3.28,53624.0,3,1.7,22.0,85.9,No,No,No,Suburban,0
24,Female,2.08,55405.0,1,3.3,17.0,81.1,No,No,No,Suburban,0
19,Male,1.86,36916.0,4,1.9,14.0,100.0,No,Yes,No,Rural,0
17,Male,3.57,63828.0,6,4.8,12.0,97.0,No,Yes,No,Urban,1
19,Male,2.9,13913.0,5,3.3,16.0,97.4,No,Yes,Yes,Urban,1
16,Female,2.29,19844.0,2,2.2,64.0,78.1,No,No,No,Urban,0
17,Other,2.89,54752.0,6,1.9,56.0,90.8,No,No,No,Suburban,0
16,Female,3.2,63968.0,6,1.5,27.0,94.3,No,No,Yes,Suburban,0
23,Female,2.95,83882.0,5,4.9,2.0,79.8,No,Yes,No,Urban,1
23,Other,2.15,107648.0,2,3.4,64.0,78.6,No,No,Yes,Urban,0
22,Female,4.0,22360.0,4,5.1,117.0,80.1,No,No,No,Urban,1
20,Male,3.55,16054.0,3,4.8,14.0,76.3,No,No,Yes,Urban,1
23,Female,2.82,72186.0,1,4.6,165.0,96.4,No,Yes,No,Urban,1
17,Male,2.84,28133.0,4,6.4,16.0,95.6,No,Yes,Yes,Urban,1
25,Male,3.2,38014.0,7,1.8,43.0,85.4,No,No,No,Suburban,1
21,Female,2.38,67389.0,5,6.4,22.0,87.5,No,Yes,No,Suburban,0
25,Female,3.18,45479.0,6,5.9,6.0,82.5,No,No,No,Urban,0
17,Male,2.27,62482.0,4,4.6,32.0,100.0,No,No,No,Urban,0
20,Female,2.96,20668.0,6,3.2,1.0,84.5,No,No,No,Suburban,1
22,Male,2.36,49231.0,6,5.1,26.0,83.8,No,No,No,Rural,0
20,Male,2.39,48517.0,8,6.0,11.0,87.0,No,Yes,No,Urban,1
20,Male,3.91,82919.0,3,1.9,49.0,77.5,No,No,No,Rural,0
17,Female,3.03,95154.0,4,6.3,43.0,90.1,No,No,No,Urban,0
19,Female,3.11,27654.0,3,8.8,1.0,99.4,No,No,No,Suburban,1
18,Male,1.89,17722.0,5,4.9,24.0,86.6,Yes,No,No,Suburban,0
19,Male,2.67,64978.0,5,7.9,61.0,94.4,No,Yes,No,Suburban,0
22,Male,3.25,9109.0,6,6.0,30.0,72.3,No,No,No,Suburban,1
22,Male,3.11,68053.0,1,5.6,49.0,80.4,No,No,No,Suburban,1
22,Female,1.82,71600.0,4,3.5,59.0,88.8,No,No,No,Rural,0
19,Female,3.11,25970.0,2,4.2,55.0,73.2,No,Yes,No,Rural,0
25,Female,3.2,3017.0,4,2.8,1.0,90.6,No,No,No,Urban,1
16,Male,3.71,76673.0,2,7.1,21.0,85.5,No,Yes,No,Urban,1
19,Female,2.64,99491.0,5,3.4,15.0,90.4,No,Yes,No,Urban,0
17,Male,1.77,95137.0,2,8.9,40.0,86.1,Yes,Yes,No,Urban,0
19,Male,2.45,97150.0,5,6.0,17.0,86.7,No,Yes,No,Suburban,0
25,Female,2.4,12983.0,5,5.9,14.0,67.2,No,No,No,Urban,0
19,Female,3.41,41513.0,4,2.1,41.0,79.3,No,No,Yes,Suburban,0
25,Female,1.51,48301.0,3,6.5,50.0,92.1,No,Yes,No,Suburban,0
20,Female,2.75,43316.0,2,4.5,38.0,76.7,Yes,Yes,No,Urban,0
22,Female,3.78,62920.0,4,3.8,46.0,80.1,No,No,No,Urban,1
20,Female,3.0,16774.0,4,3.6,91.0,84.5,No,No,No,Urban,0
18,Male,3.49,8854.0,3,2.3,42.0,85.2,No,No,Yes,Urban,1
23,Male,2.1,6248.0,4,5.0,103.0,93.7,No,No,Yes,Urban,0
25,Male,2.12,77752.0,7,4.6,5.0,89.8,No,No,Yes,Urban,0
18,Male,3.79,12845.0,3,2.1,31.0,82.7,No,Yes,No,Urban,1
23,Male,3.06,43114.0,4,6.1,6.0,74.3,No,No,No,Urban,0
18,Male,3.06,25023.0,4,9.7,19.0,100.0,No,No,No,Urban,0
23,Female,2.39,25941.0,3,1.9,69.0,88.3,No,No,No,Suburban,0
23,Female,3.06,34267.0,6,4.8,19.0,95.3,No,Yes,No,Suburban,1
20,Female,2.37,26843.0,3,8.6,87.0,68.9,No,No,No,Urban,0
23,Male,3.65,8875.0,5,3.3,3.0,85.0,No,No,No,Urban,1
18,Female,4.0,34286.0,5,6.0,19.0,84.7,No,Yes,No,Urban,1
16,Male,3.27,21039.0,4,5.9,22.0,84.3,No,No,No,Suburban,0
16,Male,2.65,20179.0,2,6.4,3.0,94.2,No,Yes,No,Urban,1
20,Male,1.61,118051.0,6,9.0,89.0,85.9,No,No,No,Urban,0
25,Male,2.07,11039.0,4,1.1,62.0,84.6,No,No,No,Suburban,0
17,Male,3.86,33072.0,6,5.4,49.0,87.9,No,No,No,Urban,0
20,Female,2.43,45807.0,6,3.9,62.0,88.2,Yes,Yes,No,Urban,0
23,Female,2.8,118134.0,2,4.9,207.0,78.3,No,No,No,Suburban,0
18,Female,3.36,15257.0,3,5.1,13.0,95.9,Yes,No,No,Rural,1
23,Male,3.82,91930.0,5,4.4,2.0,83.4,No,No,Yes,Urban,1
19,Female,2.89,34097.0,5,2.6,32.0,87.2,No,No,No,Urban,0
24,Female,2.78,35043.0,2,2.8,19.0,100.0,No,Yes,No,Urban,1
21,Male,3.04,60438.0,3,9.7,37.0,100.0,No,Yes,Yes,Urban,1
21,Female,2.65,101397.0,4,2.0,2.0,91.7,No,Yes,No,Suburban,0
17,Female,2.68,26679.0,4,7.7,181.0,74.1,No,Yes,No,Urban,0
20,Male,3.23,48247.0,5,2.7,70.0,85.7,No,Yes,No,Urban,1
24,Male,3.1,43687.0,4,5.2,66.0,100.0,Yes,No,No,Urban,1
16,Female,4.0,42193.0,4,9.3,22.0,86.2,Yes,Yes,No,Urban,1
23,Male,3.24,67595.0,3,6.7,2.0,94.7,No,Yes,No,Rural,1
20,Male,3.63,22270.0,1,1.8,81.0,94.5,Yes,No,No,Rural,1
23,Male,2.41,29629.0,8,4.3,49.0,82.4,No,No,No,Urban,0
22,Female,3.29,9127.0,4,4.9,65.0,100.0,Yes,Yes,No,Suburban,1
20,Male,2.6,57224.0,4,7.3,26.0,91.4,No,No,Yes,Suburban,0
19,Male,3.22,40798.0,4,5.1,17.0,87.8,No,No,No,Suburban,0
22,Male,3.38,99760.0,3,4.7,40.0,86.7,No,No,No,Rural,0
17,Female,3.03,14958.0,3,8.8,3.0,78.6,No,No,No,Urban,0
21,Female,4.0,127685.0,2,8.5,1.0,81.7,No,Yes,No,Suburban,1
16,Female,3.79,63872.0,2,6.5,57.0,79.8,Yes,No,No,Urban,1
22,Male,3.65,62005.0,5,3.6,65.0,100.0,No,No,No,Urban,1
22,Male,3.42,24540.0,4,0.0,28.0,96.3,No,No,Yes,Suburban,1
16,Female,3.97,31961.0,5,2.2,18.0,79.9,No,No,Yes,Urban,1
23,Male,2.21,28011.0,4,1.6,69.0,100.0,No,No,No,Urban,1
20,Female,3.75,88265.0,5,4.9,2.0,98.9,No,No,No,Suburban,1
23,Female,2.45,7737.0,4,7.1,15.0,82.9,No,Yes,No,Urban,0
16,Male,2.69,35561.0,3,9.3,62.0,92.2,No,Yes,No,Suburban,1
17,Other,3.31,37814.0,2,7.8,38.0,82.5,No,No,No,Suburban,1
20,Female,3.68,27243.0,5,3.4,13.0,96.2,No,No,No,Suburban,1
17,Male,2.37,18402.0,1,5.6,268.0,91.9,No,No,No,Suburban,0
19,Female,2.72,3989.0,2,5.9,5.0,84.6,No,No,No,Urban,0
22,Male,3.05,35998.0,2,1.6,59.0,78.1,No,No,No,Suburban,0
17,Female,2.9,57122.0,4,3.1,30.0,87.5,No,No,Yes,Urban,0
22,Male,3.47,40833.0,5,4.1,20.0,91.9,No,Yes,No,Rural,1
17,Male,4.0,18419.0,6,9.7,4.0,98.4,No,No,No,Urban,1
17,Female,3.23,38102.0,1,5.9,6.0,93.0,No,No,Yes,Urban,0
21,Male,2.6,100541.0,7,2.1,19.0,95.4,No,No,No,Urban,0
23,Male,2.29,23076.0,2,4.1,5.0,82.0,No,Yes,No,Suburban,0
17,Female,2.82,45196.0,5,6.0,70.0,72.2,No,Yes,No,Suburban,0
18,Male,2.48,49788.0,1,4.4,40.0,74.5,No,Yes,No,Suburban,0
25,Male,3.26,11845.0,2,4.2,47.0,85.7,No,Yes,No,Urban,1
25,Male,3.25,30829.0,6,6.6,117.0,81.8,No,No,Yes,Urban,1
21,Male,2.75,31109.0,4,8.1,37.0,87.0,No,No,No,Suburban,1
20,Male,4.0,39673.0,2,7.7,6.0,93.9,No,Yes,Yes,Suburban,1
19,Female,2.6,86332.0,3,4.3,25.0,93.0,Yes,Yes,No,Suburban,0
22,Female,2.93,14474.0,2,4.6,6.0,69.2,No,Yes,Yes,Suburban,1
21,Male,3.35,89875.0,1,4.3,46.0,100.0,No,No,No,Suburban,0
18,Female,3.49,60085.0,7,7.3,39.0,91.1,No,No,No,Urban,1
16,Female,3.7,129954.0,10,4.1,11.0,90.3,No,No,No,Urban,0
17,Female,3.24,5558.0,4,0.8,25.0,86.8,Yes,No,Yes,Suburban,1
25,Female,3.58,2685.0,4,6.1,2.0,85.8,No,No,No,Rural,1
20,Female,2.63,175962.0,5,6.2,43.0,96.8,No,No,No,Rural,0
20,Female,3.5,11364.0,1,4.1,29.0,80.2,No,No,Yes,Suburban,1
20,Female,3.5,19560.0,1,9.1,9.0,90.5,No,No,No,Urban,0
23,Female,3.83,19712.0,4,3.8,35.0,100.0,No,No,No,Urban,1
16,Male,2.08,58141.0,6,8.1,42.0,89.5,No,No,No,Rural,0
16,Male,2.5,32875.0,4,2.1,19.0,92.1,Yes,Yes,No,Suburban,0
18,Female,3.45,22179.0,4,5.6,3.0,76.8,No,No,No,Urban,1
20,Male,1.54,114989.0,7,3.2,3.0,94.6,No,No,No,Suburban,0
22,Male,3.27,4555.0,4,4.8,15.0,91.0,No,No,No,Urban,1
20,Male,3.58,75740.0,4,6.7,79.0,87.2,No,No,No,Rural,0
20,Male,2.68,37167.0,4,3.7,64.0,93.8,No,No,No,Urban,0
25,Female,2.76,21856.0,6,3.5,0.0,78.9,No,No,No,Rural,0
17,Female,2.41,24085.0,4,4.5,4.0,100.0,No,No,No,Suburban,1
21,Male,2.71,30396.0,1,10.0,87.0,100.0,No,No,No,Suburban,1
21,Male,2.73,19935.0,2,5.4,15.0,83.2,No,No,No,Rural,0
20,Male,2.62,67904.0,1,5.3,62.0,97.4,No,No,No,Urban,0
24,Male,2.59,28459.0,3,6.0,23.0,86.8,No,No,No,Urban,0
18,Female,2.85,61450.0,3,1.2,14.0,78.2,No,No,No,Suburban,0
25,Female,2.84,24398.0,4,7.0,49.0,98.4,No,No,No,Rural,1
19,Female,4.0,44634.0,5,6.6,6.0,85.7,No,No,Yes,Urban,1
21,Female,2.78,44620.0,2,1.1,15.0,92.9,No,Yes,No,Urban,0
21,Other,3.19,39386.0,2,10.0,22.0,100.0,Yes,Yes,No,Urban,1
24,Female,2.68,91741.0,2,5.0,64.0,92.2,No,No,No,Rural,0
20,Female,2.68,97796.0,1,2.5,57.0,89.7,No,Yes,No,Rural,0
18,Male,2.06,65507.0,6,5.7,32.0,80.3,No,No,No,Rural,0
16,Male,2.14,79943.0,1,3.0,19.0,80.3,Yes,No,Yes,Suburban,0
19,Female,2.34,63110.0,2,1.5,4.0,86.9,No,No,No,Urban,0
24,Male,3.1,26887.0,7,4.4,40.0,85.0,No,Yes,No,Urban,1
16,Male,3.59,34951.0,6,4.5,24.0,93.4,No,No,No,Suburban,1
24,Other,2.02,5602.0,3,1.5,5.0,79.3,No,No,No,Rural,0
21,Female,2.7,17302.0,4,3.3,10.0,81.8,No,Yes,Yes,Urban,1
17,Male,2.25,11440.0,4,2.7,58.0,86.8,Yes,No,No,Urban,0
19,Male,2.85,21694.0,2,4.2,7.0,88.8,No,No,No,Suburban,1
21,Male,3.59,47190.0,3,6.4,45.0,88.5,Yes,No,No,Urban,1
19,Female,2.75,26113.0,5,5.3,61.0,86.4,No,No,No,Suburban,0
17,Male,2.97,70111.0,7,4.9,39.0,81.7,No,Yes,No,Urban,0
22,Female,3.8,17898.0,5,1.0,15.0,92.6,No,No,No,Suburban,0
22,Female,3.25,59501.0,4,4.9,12.0,97.5,No,No,No,Suburban,0
17,Female,2.58,16548.0,5,2.6,12.0,90.5,No,Yes,No,Urban,0
18,Female,3.09,87516.0,4,1.2,6.0,83.4,No,No,No,Urban,0
18,Male,2.54,17865.0,6,6.9,26.0,72.7,No,Yes,No,Suburban,0
22,Male,3.23,53620.0,5,2.1,21.0,100.0,No,Yes,No,Rural,0
23,Female,3.28,22212.0,6,5.2,21.0,86.6,No,Yes,No,Urban,1
23,Male,2.25,107462.0,1,3.9,36.0,98.6,No,Yes,Yes,Urban,0
25,Male,3.1,104573.0,5,2.9,5.0,100.0,No,Yes,No,Rural,0
23,Male,2.94,52362.0,3,7.7,12.0,94.4,No,No,No,Urban,0
19,Male,3.3,51642.0,3,3.7,42.0,95.6,No,No,No,Urban,0
17,Male,3.46,66657.0,6,3.8,102.0,95.0,No,Yes,No,Urban,0
22,Female,3.26,58815.0,3,3.4,48.0,86.2,No,Yes,No,Suburban,1
25,Female,2.83,72770.0,4,5.4,105.0,78.8,No,Yes,No,Urban,1
25,Female,3.51,17515.0,4,4.6,79.0,94.4,No,Yes,No,Suburban,1
18,Female,2.52,39394.0,4,3.5,207.0,75.8,Yes,Yes,No,Urban,1
18,Male,2.27,23584.0,3,3.0,74.0,84.9,No,Yes,Yes,Suburban,0
16,Female,1.24,103530.0,4,4.9,28.0,82.9,No,Yes,No,Suburban,0
17,Female,2.96,13264.0,5,3.6,75.0,92.6,No,Yes,No,Urban,1
21,Male,2.55,115497.0,1,8.8,37.0,89.9,No,No,No,Suburban,0
21,Female,3.22,39914.0,4,3.8,93.0,82.9,No,Yes,No,Urban,1
19,Male,1.92,73524.0,6,5.7,17.0,84.6,No,No,No,Rural,0
19,Male,2.64,25932.0,5,4.8,25.0,100.0,No,Yes,No,Rural,1
24,Male,3.26,12241.0,5,4.4,1.0,81.7,No,No,No,Suburban,0
20,Male,2.43,100869.0,5,7.0,48.0,86.5,Yes,Yes,No,Urban,0
24,Male,3.23,55670.0,7,6.3,7.0,92.6,No,Yes,Yes,Urban,0
25,Female,2.69,14404.0,1,6.2,104.0,88.6,No,Yes,No,Rural,0
19,Female,2.98,36119.0,4,6.2,26.0,92.9,No,No,No,Urban,1
18,Male,3.33,34099.0,2,1.4,1.0,96.8,No,No,No,Urban,1
25,Female,3.52,54332.0,7,6.0,71.0,99.5,No,No,Yes,Rural,1
22,Male,3.05,17446.0,5,4.5,44.0,88.4,No,No,No,Suburban,1
18,Female,2.55,14107.0,2,3.9,33.0,91.2,No,No,Yes,Suburban,0
22,Male,2.75,43364.0,5,10.0,61.0,89.7,No,No,No,Rural,1
21,Male,3.35,18349.0,2,1.8,20.0,80.8,No,No,Yes,Suburban,0
25,Female,2.44,102937.0,4,4.8,5.0,89.6,No,Yes,No,Suburban,0
18,Female,2.9,68849.0,3,4.6,3.0,74.8,No,No,No,Urban,0
25,Female,2.79,67487.0,8,4.8,16.0,91.0,No,No,No,Suburban,0
25,Female,2.94,5457.0,6,2.8,153.0,70.9,No,No,No,Suburban,0
17,Female,2.44,26776.0,4,5.5,87.0,80.1,No,No,No,Urban,0
17,Male,1.98,31295.0,4,2.5,19.0,94.8,No,Yes,No,Suburban,0
21,Male,3.29,15902.0,4,5.6,20.0,91.7,No,No,No,Urban,1
16,Male,3.53,58965.0,8,5.3,12.0,87.9,No,No,No,Urban,1
18,Male,2.01,53609.0,2,4.5,34.0,84.4,Yes,No,Yes,Rural,0
20,Male,3.2,65646.0,3,4.8,6.0,81.1,No,Yes,No,Urban,0
25,Female,3.6,78889.0,3,8.5,14.0,83.4,No,No,No,Suburban,1
25,Male,3.33,76246.0,2,6.3,13.0,93.5,No,No,No,Suburban,0
17,Female,2.77,185485.0,3,5.4,11.0,86.0,No,Yes,No,Suburban,0
24,Female,2.48,38457.0,5,5.9,6.0,71.3,No,No,No,Urban,0
16,Female,3.04,33707.0,3,5.1,13.0,78.1,No,No,No,Urban,0
23,Female,3.14,58437.0,4,6.2,74.0,81.5,No,Yes,No,Urban,0
24,Male,3.05,88334.0,7,3.7,47.0,85.9,No,No,Yes,Rural,0
24,Male,2.9,8946.0,4,9.9,7.0,85.7,Yes,No,No,Urban,1
18,Female,2.4,20591.0,3,5.4,10.0,79.6,No,Yes,No,Suburban,0
24,Female,3.23,24740.0,6,10.0,62.0,92.9,No,No,Yes,Urban,1
17,Male,3.26,41372.0,2,9.9,16.0,72.2,No,No,No,Suburban,0
21,Male,3.11,26900.0,3,3.9,34.0,82.0,No,No,No,Urban,0
20,Female,3.06,79718.0,4,5.5,24.0,94.3,No,No,No,Suburban,1
19,Female,3.92,45670.0,1,5.8,52.0,92.3,No,Yes,No,Suburban,1
16,Male,2.66,35803.0,1,7.1,13.0,85.8,No,No,No,Rural,0
23,Male,3.7,53948.0,2,5.3,4.0,95.5,No,Yes,No,Suburban,1
19,Female,2.6,6438.0,3,7.7,8.0,90.1,No,No,No,Rural,0
22,Male,3.61,52129.0,3,1.1,80.0,88.6,Yes,No,No,Rural,1
20,Female,3.68,18812.0,6,3.7,6.0,92.8,No,No,No,Urban,1
19,Male,2.84,70383.0,6,4.6,35.0,91.3,No,Yes,No,Urban,0
24,Female,3.91,7679.0,6,3.5,21.0,98.7,No,No,No,Urban,1
16,Male,3.26,56465.0,1,1.2,1.0,85.8,No,No,No,Urban,0
23,Male,2.52,19255.0,3,6.9,128.0,86.1,No,No,No,Suburban,0
23,Female,2.79,89512.0,4,2.6,32.0,89.6,No,Yes,No,Urban,0
19,Male,3.62,9713.0,3,3.5,36.0,88.2,No,Yes,No,Rural,1
18,Female,3.51,40271.0,5,6.7,72.0,100.0,No,Yes,No,Suburban,1
16,Male,2.42,63577.0,7,7.7,12.0,92.2,No,Yes,No,Urban,0
25,Female,2.92,50029.0,3,3.8,29.0,82.2,No,Yes,No,Rural,0
25,Female,3.11,49800.0,5,2.7,134.0,76.1,No,No,No,Suburban,0
18,Female,2.72,13165.0,7,3.2,31.0,100.0,No,No,Yes,Urban,1
16,Male,4.0,12374.0,5,7.5,59.0,85.0,No,No,No,Rural,1
17,Female,3.13,48452.0,10,7.6,42.0,90.6,No,No,Yes,Urban,1
16,Female,2.97,43288.0,6,5.7,9.0,87.9,No,No,Yes,Urban,1
24,Female,3.65,16583.0,2,5.5,300.0,94.5,No,No,Yes,Rural,1
24,Male,2.8,15756.0,7,2.1,20.0,83.6,Yes,No,No,Suburban,1
17,Male,3.55,36221.0,6,6.0,57.0,89.0,No,No,No,Urban,1
23,Male,2.08,29127.0,5,6.7,37.0,83.6,No,No,No,Urban,0
17,Female,2.75,127034.0,7,5.4,48.0,100.0,No,Yes,Yes,Rural,1
19,Other,3.58,93038.0,3,5.4,14.0,82.0,No,No,No,Urban,0
21,Male,3.86,68654.0,4,2.7,44.0,92.5,No,No,No,Suburban,1
23,Female,2.57,100620.0,4,7.6,13.0,100.0,No,No,No,Urban,0
24,Female,2.51,23296.0,5,2.0,15.0,96.8,No,No,No,Rural,0
16,Male,3.31,26202.0,6,5.0,13.0,87.8,No,Yes,No,Urban,1
17,Male,2.66,84282.0,5,6.0,4.0,89.3,No,No,No,Suburban,0
18,Female,2.85,40182.0,4,7.5,83.0,81.5,No,No,No,Rural,1
19,Female,3.48,42000.0,7,7.3,109.0,100.0,No,No,Yes,Suburban,1
25,Male,2.7,14822.0,3,7.5,0.0,86.2,No,No,Yes,Urban,1
23,Female,1.92,81734.0,5,4.3,8.0,87.4,No,No,No,Urban,0
19,Female,2.28,58349.0,2,10.0,63.0,81.0,No,No,No,Rural,0
25,Female,3.01,31782.0,5,7.4,0.0,85.5,No,Yes,No,Suburban,0
20,Female,1.98,26358.0,5,4.2,166.0,88.5,No,No,No,Rural,0
21,Female,2.84,90545.0,3,4.4,94.0,96.7,No,No,No,Urban,0
20,Female,2.23,23530.0,2,6.7,24.0,90.1,No,No,No,Rural,0
17,Male,3.9,10872.0,5,4.0,2.0,96.8,No,No,No,Urban,1
25,Female,4.0,93921.0,7,2.2,7.0,69.7,Yes,No,No,Urban,1
16,Male,2.42,95165.0,3,5.2,135.0,99.2,No,Yes,No,Suburban,1
17,Female,3.14,23454.0,2,0.0,32.0,77.3,No,Yes,No,Rural,0
18,Male,2.47,143018.0,7,5.8,38.0,94.2,No,No,No,Suburban,0
18,Female,2.83,36889.0,4,6.4,76.0,63.1,No,Yes,No,Urban,0
17,Male,3.99,23670.0,4,4.4,81.0,88.5,No,No,No,Urban,1
16,Male,2.74,57045.0,6,7.5,49.0,95.6,No,Yes,No,Rural,1
22,Male,2.84,12857.0,6,6.9,19.0,81.3,No,Yes,No,Urban,1
25,Female,2.48,18241.0,7,2.8,28.0,88.3,No,Yes,Yes,Suburban,1
17,Female,3.63,48670.0,6,5.1,25.0,95.4,No,No,No,Suburban,1
18,Male,1.21,42691.0,5,3.9,53.0,93.9,No,Yes,No,Suburban,0
21,Female,2.76,73318.0,6,4.3,2.0,75.5,No,No,Yes,Urban,0
25,Female,2.97,14673.0,3,7.5,62.0,96.0,No,No,No,Suburban,1
22,Male,2.64,127605.0,4,6.4,124.0,100.0,No,Yes,No,Rural,0
23,Female,3.47,28690.0,3,3.4,16.0,97.7,No,Yes,No,Suburban,1
21,Male,3.66,41582.0,4,5.5,60.0,78.2,No,Yes,No,Suburban,1
20,Male,2.22,27674.0,3,3.3,2.0,79.3,No,No,Yes,Urban,0
17,Female,4.0,12759.0,1,3.9,116.0,88.6,No,No,No,Suburban,1
24,Male,2.22,38361.0,3,8.4,17.0,92.7,No,Yes,No,Suburban,0
24,Female,3.71,62991.0,4,10.0,23.0,95.0,No,No,No,Urban,1
16,Female,3.08,34211.0,5,8.9,39.0,81.7,No,No,No,Suburban,1
23,Female,2.72,20008.0,3,5.6,15.0,87.4,No,No,No,Rural,0
16,Female,2.77,74959.0,7,5.4,22.0,81.5,No,No,No,Urban,0
23,Female,2.98,76865.0,8,7.2,24.0,79.9,Yes,Yes,No,Suburban,0
24,Other,3.11,32879.0,2,5.2,11.0,91.3,No,No,No,Suburban,1
17,Male,2.49,50817.0,2,1.9,0.0,87.4,No,Yes,No,Suburban,0
20,Male,2.87,74591.0,10,9.0,12.0,91.6,No,No,No,Suburban,1
17,Female,2.58,62509.0,4,2.4,18.0,83.4,No,No,No,Suburban,0
21,Male,2.33,49816.0,3,7.7,61.0,93.4,No,No,No,Suburban,0
25,Male,2.55,60766.0,4,6.7,1.0,79.0,No,No,No,Rural,0
16,Male,2.37,53278.0,1,9.1,27.0,84.4,No,No,No,Rural,0
19,Female,2.77,39986.0,1,6.9,5.0,79.1,No,No,No,Urban,0
25,Male,3.24,14404.0,1,3.7,26.0,90.3,No,Yes,No,Suburban,1
19,Male,3.07,17603.0,3,7.4,16.0,100.0,No,No,No,Urban,1
17,Male,4.0,54883.0,7,4.2,1.0,90.9,No,Yes,No,Rural,1
20,Male,1.78,27457.0,8,2.8,51.0,87.2,No,No,No,Rural,0
21,Female,3.26,53522.0,5,1.0,45.0,86.4,No,Yes,No,Suburban,1
22,Male,3.0,14065.0,3,4.7,14.0,83.4,No,No,No,Suburban,0
19,Female,3.45,21576.0,4,1.3,27.0,96.8,No,No,No,Suburban,1
25,Female,3.39,34210.0,2,8.2,73.0,91.3,No,Yes,No,Rural,1
21,Male,2.91,4301.0,3,1.5,40.0,74.6,No,No,No,Urban,0
18,Female,3.09,19311.0,8,4.2,66.0,96.7,No,No,No,Suburban,1
25,Female,2.59,23914.0,6,4.3,41.0,81.0,No,Yes,No,Urban,0
25,Female,3.34,44928.0,3,5.4,95.0,82.8,No,No,No,Suburban,1
20,Male,1.97,32665.0,2,3.1,3.0,91.2,No,No,Yes,Suburban,0
16,Male,3.43,46642.0,4,7.5,23.0,83.2,No,No,No,Suburban,1
21,Other,2.99,41024.0,4,5.4,64.0,100.0,No,Yes,Yes,Urban,1
21,Female,2.73,31665.0,4,5.0,33.0,86.1,No,No,Yes,Rural,0
17,Female,2.87,24043.0,2,3.6,54.0,93.1,No,Yes,Yes,Suburban,0
22,Female,2.91,42027.0,4,6.2,31.0,75.6,No,No,No,Urban,1
24,Male,3.71,88433.0,5,8.1,113.0,83.1,No,No,Yes,Suburban,0
17,Female,4.0,23929.0,6,10.0,29.0,87.0,No,Yes,No,Suburban,1
23,Male,3.67,124289.0,4,2.9,9.0,96.0,No,Yes,No,Urban,0
17,Female,2.69,42599.0,3,4.7,131.0,79.4,Yes,No,No,Urban,1
23,Male,3.35,70862.0,4,0.8,12.0,97.6,No,No,Yes,Urban,0
20,Male,3.37,51215.0,6,6.5,48.0,89.0,No,No,No,Urban,1
16,Female,2.49,56495.0,5,2.0,3.0,90.6,No,Yes,Yes,Urban,0
25,Female,2.31,19186.0,1,5.6,3.0,82.0,No,Yes,No,Suburban,0
17,Female,2.97,27272.0,4,7.7,102.0,80.3,No,Yes,No,Rural,1
21,Male,3.44,8740.0,5,4.1,24.0,70.6,No,No,No,Suburban,1
17,Male,2.11,33635.0,3,2.9,118.0,90.4,No,No,Yes,Urban,0
25,Other,2.6,60138.0,6,7.9,24.0,93.0,No,No,No,Rural,0
23,Male,3.31,33818.0,1,6.6,42.0,85.1,No,Yes,Yes,Urban,1
24,Male,3.02,73473.0,2,2.5,50.0,75.3,No,No,No,Suburban,0
20,Female,3.78,29359.0,6,5.3,37.0,83.6,No,No,No,Urban,1
20,Male,2.22,22745.0,1,3.1,9.0,91.0,No,Yes,No,Urban,0
22,Female,4.0,26374.0,6,7.3,10.0,89.5,No,No,No,Rural,1
23,Male,2.15,64099.0,8,5.3,30.0,93.4,No,No,No,Suburban,0
24,Female,1.88,107309.0,3,8.4,9.0,75.1,No,No,No,Suburban,0
16,Female,2.97,132407.0,1,3.0,125.0,84.8,No,No,Yes,Urban,0
22,Female,2.38,59650.0,2,5.5,46.0,87.2,No,No,No,Suburban,0
17,Female,2.98,71234.0,4,5.0,2.0,93.1,No,No,No,Rural,0
18,Male,2.96,10828.0,7,5.6,6.0,83.2,No,No,No,Rural,1
24,Female,2.89,13800.0,5,3.8,88.0,92.3,Yes,No,No,Urban,1
18,Female,2.54,19882.0,1,0.0,29.0,80.4,No,No,Yes,Urban,0
23,Female,3.24,91926.0,3,6.5,32.0,89.7,Yes,No,No,Urban,0
20,Female,2.83,91076.0,3,5.1,49.0,85.7,No,Yes,No,Urban,1
18,Female,3.61,151476.0,5,3.2,116.0,85.2,No,Yes,No,Urban,0
19,Female,2.9,19510.0,4,3.9,12.0,100.0,Yes,No,No,Urban,1
21,Female,2.47,36651.0,3,2.4,28.0,85.3,No,Yes,No,Suburban,0
23,Male,2.07,8681.0,2,0.9,27.0,84.6,No,No,No,Suburban,0
22,Female,2.91,11909.0,5,7.3,5.0,76.6,No,Yes,Yes,Urban,1
25,Female,2.3,31570.0,2,6.3,32.0,95.9,No,No,No,Rural,1
24,Male,2.26,20233.0,5,2.0,34.0,83.7,No,No,No,Suburban,0
23,Female,3.29,20434.0,1,10.0,18.0,87.7,No,No,No,Urban,1
22,Female,2.02,24802.0,1,2.5,1.0,81.2,No,No,Yes,Urban,0
18,Male,3.78,98761.0,3,6.6,45.0,91.3,No,No,No,Suburban,0
20,Female,3.09,80288.0,5,5.0,8.0,95.5,No,No,Yes,Suburban,1
17,Female,2.98,17424.0,3,2.2,53.0,98.5,No,Yes,No,Urban,0
19,Female,2.43,78829.0,2,5.8,79.0,87.1,Yes,Yes,No,Urban,1
25,Male,3.42,21591.0,4,4.6,3.0,83.3,Yes,No,No,Urban,1
20,Female,3.0,10691.0,3,3.6,29.0,82.7,No,No,No,Suburban,1
17,Male,2.62,24109.0,2,7.9,213.0,88.1,No,No,No,Rural,0
22,Female,3.11,48004.0,1,6.4,194.0,90.0,No,No,No,Urban,0
25,Male,2.07,19122.0,3,6.6,17.0,92.4,No,No,No,Rural,0
24,Female,2.1,58913.0,2,4.5,174.0,81.2,No,No,No,Suburban,0
18,Female,2.38,25467.0,6,5.8,75.0,89.1,No,Yes,No,Rural,0
20,Female,3.19,50444.0,6,4.9,113.0,79.8,No,Yes,Yes,Suburban,1
21,Female,3.0,17247.0,3,6.1,75.0,87.0,No,No,No,Rural,1
18,Female,3.58,39307.0,3,2.9,38.0,99.2,No,No,No,Rural,0
18,Female,2.49,19617.0,5,0.0,30.0,86.2,No,No,No,Urban,0
18,Male,3.32,32268.0,2,8.0,15.0,80.9,Yes,No,No,Suburban,1
25,Female,2.94,125480.0,4,5.0,11.0,90.8,No,No,Yes,Urban,0
23,Female,2.48,28151.0,5,6.3,92.0,95.2,No,No,No,Rural,1
24,Other,3.21,13529.0,5,3.5,1.0,81.8,No,No,No,Urban,0
24,Other,2.96,41111.0,1,4.5,63.0,77.2,No,No,No,Rural,0
25,Female,2.65,41615.0,5,8.3,3.0,81.5,No,No,No,Rural,0
17,Female,3.02,41423.0,3,5.8,33.0,84.5,No,No,No,Urban,0
24,Female,2.93,56617.0,7,9.9,35.0,100.0,No,Yes,No,Suburban,1
16,Male,2.92,27135.0,4,7.0,53.0,76.8,No,No,No,Urban,1
20,Female,2.77,60430.0,5,3.5,51.0,74.4,No,No,No,Urban,0
21,Female,2.28,38156.0,3,6.0,56.0,90.2,No,No,No,Suburban,0
19,Female,3.04,12844.0,1,8.7,37.0,82.3,No,No,No,Urban,0
17,Female,2.56,66217.0,1,5.5,57.0,80.1,No,No,No,Urban,0
17,Male,2.44,43945.0,3,6.4,138.0,93.2,Yes,Yes,No,Rural,1
24,Male,2.87,58307.0,4,8.1,41.0,88.7,No,No,No,Suburban,0
19,Female,3.4,14232.0,3,0.0,51.0,96.0,No,Yes,No,Suburban,1
19,Male,3.1,68845.0,2,6.5,67.0,93.9,No,No,No,Rural,0
25,Male,2.71,146696.0,4,8.0,18.0,78.3,No,Yes,No,Suburban,0
17,Male,2.69,13295.0,4,3.3,60.0,74.6,No,No,No,Suburban,0
25,Female,3.35,75317.0,7,7.3,5.0,97.0,No,No,No,Urban,1
25,Female,1.68,44076.0,7,5.0,73.0,87.0,Yes,No,No,Urban,0
21,Male,3.44,38448.0,1,1.3,167.0,100.0,No,Yes,No,Urban,1
17,Male,1.97,69372.0,2,6.7,17.0,95.7,No,Yes,No,Suburban,0
17,Male,2.22,64425.0,9,5.0,19.0,99.0,No,No,No,Suburban,0
18,Male,2.72,87799.0,5,4.8,8.0,80.4,No,No,No,Urban,0
21,Female,4.0,14724.0,5,6.4,57.0,87.3,No,Yes,Yes,Suburban,1
17,Female,3.92,90017.0,9,2.9,18.0,94.5,Yes,No,No,Urban,1
20,Male,3.39,50095.0,1,6.7,123.0,87.3,No,No,No,Suburban,1
17,Female,3.2,8938.0,3,3.0,36.0,88.4,No,No,No,Urban,0
21,Male,1.98,28352.0,3,8.3,82.0,89.9,No,Yes,No,Rural,0
16,Male,3.09,44792.0,1,7.5,25.0,82.2,No,Yes,No,Urban,1
23,Female,2.7,27877.0,3,8.4,19.0,80.9,No,No,No,Urban,1
16,Female,2.55,35067.0,2,6.0,6.0,86.5,No,No,Yes,Urban,1
17,Female,3.09,24931.0,4,4.1,14.0,84.7,No,No,No,Suburban,0
17,Male,2.74,195872.0,3,3.4,12.0,81.0,No,No,Yes,Suburban,0
24,Male,3.48,61092.0,3,3.3,58.0,87.0,No,No,No,Urban,0
16,Male,1.94,40961.0,3,4.6,34.0,77.6,No,Yes,No,Suburban,0
20,Female,3.04,16916.0,6,3.5,2.0,94.1,No,No,Yes,Urban,1
21,Other,2.52,87954.0,5,5.7,71.0,92.7,No,Yes,No,Rural,0
21,Male,2.77,55801.0,5,3.2,40.0,93.5,No,No,No,Urban,0
22,Female,3.17,18430.0,6,3.6,52.0,81.3,No,No,Yes,Suburban,0
24,Female,2.39,18539.0,4,4.2,1.0,80.3,No,No,No,Suburban,0
19,Female,3.09,35699.0,5,3.3,106.0,98.6,No,No,No,Rural,1
24,Male,2.88,41259.0,7,4.2,1.0,86.4,No,Yes,No,Suburban,0
19,Female,2.64,60119.0,3,6.3,160.0,92.6,No,No,No,Urban,0
25,Male,2.74,37454.0,4,3.1,4.0,78.8,No,No,No,Suburban,0
21,Female,2.91,63601.0,1,2.4,78.0,85.7,No,No,No,Urban,0
23,Female,2.58,27898.0,5,4.6,67.0,97.5,Yes,Yes,No,Suburban,1
24,Female,3.0,37527.0,4,2.5,2.0,89.1,No,Yes,No,Urban,0
23,Female,2.85,90082.0,4,7.9,42.0,86.0,No,No,Yes,Urban,0
24,Female,2.66,65541.0,6,3.5,27.0,92.5,No,Yes,No,Suburban,0
21,Female,3.87,39172.0,4,5.1,6.0,90.5,No,No,No,Rural,0
16,Female,3.23,48862.0,3,6.0,19.0,100.0,No,No,No,Urban,0
20,Female,2.79,37649.0,4,2.2,29.0,88.3,No,Yes,No,Urban,0
17,Male,3.08,12018.0,4,3.1,4.0,93.2,No,No,No,Urban,0
24,Other,2.44,110348.0,1,3.6,57.0,86.9,No,Yes,Yes,Rural,0
18,Female,2.76,19458.0,2,6.7,50.0,80.1,No,Yes,Yes,Urban,0
18,Female,2.82,29559.0,1,9.0,14.0,91.4,No,No,No,Suburban,1
18,Female,2.31,174874.0,5,9.1,56.0,76.3,No,No,No,Urban,0
22,Female,3.21,16355.0,5,7.8,23.0,95.9,No,Yes,No,Suburban,1
21,Male,2.72,36079.0,3,2.3,44.0,77.5,No,No,No,Rural,0
25,Female,2.8,93958.0,3,3.1,18.0,80.9,No,No,Yes,Urban,0
20,Male,2.69,125878.0,4,8.1,0.0,80.2,No,Yes,No,Suburban,0
18,Male,4.0,55264.0,5,8.4,13.0,93.0,No,Yes,No,Suburban,1
16,Male,2.64,88483.0,2,6.8,24.0,79.0,No,No,No,Urban,0
16,Male,1.86,33421.0,3,6.8,49.0,92.1,No,No,No,Rural,0
19,Male,2.12,2533.0,3,4.1,72.0,82.6,No,Yes,No,Suburban,0
25,Female,3.42,83375.0,10,8.8,47.0,87.1,No,No,No,Urban,1
21,Male,3.74,38522.0,6,3.4,80.0,83.7,No,No,No,Urban,0
24,Female,2.63,30572.0,3,1.5,40.0,100.0,No,No,No,Rural,0
17,Male,3.7,28541.0,3,6.8,41.0,74.7,No,No,No,Urban,1
16,Female,3.41,62759.0,3,3.7,12.0,91.9,No,No,No,Rural,0
24,Female,2.9,62265.0,8,2.1,25.0,87.9,No,Yes,No,Urban,0
17,Male,2.86,39346.0,3,6.9,32.0,81.8,No,Yes,No,Rural,1
16,Female,3.1,53445.0,3,1.0,64.0,91.2,No,No,No,Urban,0
20,Female,3.48,16074.0,10,6.0,7.0,80.3,No,Yes,No,Rural,1
25,Female,3.22,33794.0,2,4.0,13.0,79.4,No,Yes,Yes,Rural,1
22,Male,2.63,16716.0,3,8.5,0.0,78.8,No,Yes,No,Urban,1
16,Female,2.9,16232.0,1,6.0,46.0,88.7,No,No,Yes,Rural,0
24,Female,4.0,49962.0,6,7.4,26.0,83.2,Yes,No,No,Suburban,1
24,Male,3.14,40887.0,3,2.6,11.0,81.1,No,Yes,No,Suburban,0
24,Female,3.48,27943.0,2,1.3,34.0,90.7,No,No,Yes,Urban,1
25,Male,3.3,32552.0,4,4.2,148.0,96.6,No,No,No,Rural,0
18,Female,3.15,52912.0,2,6.3,25.0,76.6,No,Yes,No,Rural,0
25,Male,3.06,63634.0,3,5.2,10.0,90.6,No,No,No,Urban,0
19,Male,3.49,56839.0,5,7.5,78.0,92.2,Yes,No,No,Rural,1
24,Other,3.4,8537.0,4,6.2,45.0,98.2,No,No,No,Urban,0
21,Female,3.15,4001.0,6,2.7,74.0,85.7,No,No,No,Urban,0
23,Female,2.62,21005.0,7,6.0,49.0,100.0,No,No,No,Urban,0
22,Female,3.21,4066.0,5,5.4,6.0,92.7,No,No,Yes,Rural,1
22,Male,2.96,102109.0,2,7.8,26.0,73.0,No,No,Yes,Suburban,0
22,Male,2.83,31741.0,3,3.0,11.0,90.4,No,No,No,Rural,0
23,Male,4.0,12762.0,5,3.5,61.0,87.9,No,No,No,Urban,1
23,Female,2.15,31463.0,4,5.9,25.0,95.9,No,Yes,No,Suburban,0
17,Male,3.53,6624.0,2,8.1,4.0,97.4,No,No,No,Suburban,1
24,Female,2.53,13035.0,4,4.6,123.0,80.2,No,No,No,Urban,0
21,Male,3.07,29701.0,5,6.3,48.0,95.3,No,No,No,Urban,0
19,Male,4.0,26027.0,7,5.1,8.0,87.0,No,No,Yes,Urban,1
21,Male,2.47,29514.0,5,4.9,55.0,82.3,Yes,No,No,Suburban,0
25,Male,2.6,54086.0,2,7.5,17.0,99.6,No,Yes,Yes,Suburban,1
24,Male,2.99,74410.0,4,5.2,118.0,84.2,No,No,No,Urban,0
24,Female,2.53,42782.0,7,4.0,32.0,88.3,No,Yes,No,Urban,1
20,Male,3.49,77053.0,5,3.9,21.0,87.4,No,No,No,Suburban,1
23,Female,2.71,26498.0,10,4.3,15.0,92.1,No,Yes,No,Urban,1
19,Female,3.36,84037.0,2,3.5,9.0,98.6,No,No,Yes,Suburban,1
22,Female,2.27,43271.0,8,4.5,1.0,100.0,No,Yes,No,Suburban,1
22,Female,2.01,70176.0,7,5.1,22.0,95.2,No,No,No,Urban,0
18,Male,2.87,26923.0,1,5.6,9.0,74.5,No,Yes,No,Suburban,0
18,Male,2.14,41874.0,2,2.8,18.0,99.7,No,Yes,No,Rural,0
16,Male,3.84,136678.0,5,4.1,37.0,92.8,No,No,No,Suburban,1
17,Other,2.16,41648.0,6,4.2,0.0,96.8,No,No,No,Suburban,0
20,Female,2.43,73979.0,4,3.3,26.0,85.6,No,No,No,Urban,0
20,Male,3.23,80115.0,4,3.7,22.0,87.9,No,No,No,Rural,0
17,Male,2.68,59863.0,5,7.0,27.0,95.6,No,Yes,No,Rural,0
20,Female,2.16,67170.0,4,8.0,2.0,100.0,No,No,Yes,Rural,0
22,Female,4.0,26986.0,1,4.3,64.0,89.5,No,No,Yes,Suburban,1
18,Female,2.45,20442.0,4,3.4,73.0,78.0,No,No,No,Suburban,0
19,Female,2.89,16923.0,7,4.8,25.0,92.8,Yes,No,No,Rural,1
19,Female,2.88,52342.0,1,5.2,7.0,86.5,No,No,No,Rural,0
21,Female,3.39,40788.0,4,6.5,103.0,79.6,Yes,No,No,Rural,1
19,Male,3.25,49853.0,4,4.1,24.0,86.9,No,Yes,No,Urban,1
23,Male,2.55,14547.0,5,3.8,27.0,91.8,No,No,No,Suburban,0
19,Other,2.82,23148.0,7,10.0,57.0,96.4,No,No,No,Urban,1
20,Female,2.88,72622.0,2,2.2,44.0,84.1,No,No,No,Rural,0
19,Male,3.41,45429.0,3,7.0,71.0,84.5,No,No,No,Urban,1
17,Female,2.36,43500.0,2,8.3,24.0,87.2,No,Yes,No,Suburban,0
22,Male,4.0,33608.0,8,4.4,44.0,100.0,No,No,No,Rural,1
18,Female,2.58,21485.0,5,6.0,6.0,98.7,No,No,Yes,Suburban,0
18,Male,3.0,85869.0,6,1.3,22.0,92.5,No,No,No,Urban,0
23,Female,2.36,95291.0,1,5.1,127.0,92.2,No,No,No,Rural,0
25,Female,2.29,42024.0,4,7.6,26.0,85.5,Yes,No,No,Urban,0
22,Male,2.52,36220.0,6,5.3,31.0,94.2,No,No,No,Rural,0
25,Male,2.47,99820.0,4,5.1,67.0,80.1,No,No,No,Urban,0
24,Female,2.77,23695.0,4,8.8,9.0,91.8,No,No,No,Suburban,1
20,Male,2.46,28331.0,2,6.8,21.0,71.7,No,Yes,No,Urban,1
23,Male,3.38,70370.0,4,6.6,63.0,74.9,No,No,No,Rural,0
19,Female,2.57,27967.0,3,3.2,76.0,72.5,No,No,No,Suburban,0
20,Male,2.51,40319.0,3,0.0,68.0,100.0,No,Yes,No,Urban,0
21,Male,2.78,5224.0,3,5.8,6.0,86.7,No,No,No,Rural,0
25,Male,3.55,96768.0,3,5.0,8.0,77.2,No,No,No,Rural,0
24,Female,3.12,66461.0,3,6.7,33.0,100.0,No,Yes,No,Rural,1
20,Male,2.95,82005.0,3,5.3,0.0,81.8,No,No,No,Urban,0
22,Male,2.21,18943.0,5,5.1,46.0,92.2,No,Yes,No,Suburban,1
18,Male,2.37,110446.0,3,5.1,43.0,81.7,No,No,No,Rural,0
24,Male,2.3,37665.0,3,2.6,47.0,94.4,No,No,No,Rural,0
21,Male,3.72,86693.0,3,0.9,11.0,87.9,No,No,No,Rural,0
21,Male,3.29,51363.0,2,3.1,7.0,82.0,No,Yes,No,Rural,1
23,Male,2.53,68524.0,3,2.6,6.0,77.3,No,No,No,Rural,0
22,Male,2.69,54118.0,5,4.9,46.0,82.3,No,No,No,Urban,0
16,Female,2.55,27802.0,1,1.4,54.0,80.0,No,Yes,Yes,Rural,0
18,Male,2.51,9807.0,4,4.0,13.0,73.9,Yes,No,Yes,Suburban,0
17,Male,3.25,91083.0,2,9.2,25.0,93.9,Yes,Yes,No,Urban,1
23,Female,2.84,2857.0,4,4.8,79.0,96.9,No,No,Yes,Suburban,1
16,Female,4.0,73627.0,3,5.1,5.0,82.6,No,No,No,Urban,0
18,Female,3.69,91007.0,4,5.0,49.0,71.3,No,No,No,Suburban,1
21,Male,3.72,12296.0,1,5.5,66.0,90.9,No,Yes,No,Urban,1
22,Male,3.37,29017.0,5,3.8,7.0,89.2,No,No,No,Urban,1
21,Male,2.77,11030.0,7,4.6,37.0,80.0,No,No,No,Suburban,0
24,Male,3.33,24657.0,8,3.8,14.0,87.5,No,Yes,No,Suburban,1
25,Male,2.81,81129.0,9,1.7,38.0,65.9,No,Yes,No,Suburban,0
17,Female,3.9,68002.0,10,7.6,3.0,88.1,No,No,No,Suburban,1
25,Male,3.22,61989.0,3,3.1,92.0,86.8,No,No,No,Suburban,1
22,Female,3.14,29175.0,6,8.5,44.0,98.6,No,Yes,No,Suburban,1
22,Male,3.07,3298.0,5,3.3,27.0,90.0,No,Yes,No,Suburban,0
16,Male,3.96,13978.0,3,2.0,8.0,88.7,No,No,No,Urban,1
22,Female,2.21,33606.0,1,9.3,21.0,100.0,No,No,Yes,Rural,0
23,Female,4.0,16824.0,6,1.7,14.0,81.7,No,No,No,Urban,1
21,Male,2.9,74151.0,5,0.0,77.0,76.0,No,No,No,Suburban,0
16,Female,2.23,112690.0,4,1.8,24.0,95.3,No,Yes,No,Rural,0
21,Male,2.59,51086.0,4,4.7,15.0,96.4,No,No,No,Urban,0
25,Male,2.09,12156.0,6,2.1,91.0,96.6,No,No,No,Urban,0
23,Female,3.36,93265.0,4,3.8,27.0,86.1,No,Yes,No,Rural,1
17,Male,2.43,43525.0,4,0.5,18.0,82.3,No,No,No,Urban,0
25,Male,3.09,39384.0,5,7.4,8.0,78.1,No,Yes,No,Rural,1
25,Female,3.62,58503.0,3,5.9,42.0,80.9,No,No,No,Urban,1
17,Male,2.63,14522.0,7,2.2,64.0,76.0,No,Yes,No,Urban,1
24,Male,2.85,29552.0,2,0.0,54.0,84.5,No,No,No,Urban,1
20,Male,2.28,37423.0,4,3.0,11.0,100.0,No,No,No,Urban,0
21,Female,2.79,48046.0,7,6.4,2.0,83.6,Yes,No,No,Urban,1
20,Female,4.0,51526.0,8,7.4,21.0,89.0,No,No,No,Rural,1
23,Male,3.43,58433.0,6,4.5,2.0,92.4,No,No,No,Rural,1
25,Male,2.85,25195.0,3,3.9,67.0,85.1,No,No,No,Urban,1
23,Female,2.66,7979.0,3,3.7,49.0,85.1,No,Yes,No,Urban,1
25,Male,2.98,33352.0,8,5.7,2.0,98.3,No,No,Yes,Urban,0
25,Female,3.07,36545.0,5,6.9,18.0,89.5,No,Yes,No,Suburban,1
16,Female,2.77,7612.0,5,4.7,104.0,97.0,No,No,No,Rural,1
18,Male,3.29,24108.0,2,4.2,77.0,100.0,No,No,No,Urban,1
23,Male,2.48,44990.0,6,6.7,13.0,81.0,No,No,No,Urban,0
21,Male,2.47,27198.0,2,8.3,16.0,86.8,No,No,No,Rural,1
16,Male,3.2,43698.0,2,4.4,11.0,86.7,No,Yes,No,Urban,0
16,Male,2.36,26273.0,2,5.2,10.0,84.0,No,Yes,No,Suburban,0
21,Female,3.4,61406.0,5,3.3,42.0,84.5,No,No,No,Urban,0
22,Male,2.99,17994.0,3,5.2,31.0,99.2,No,Yes,No,Suburban,1
17,Female,1.99,39746.0,7,3.0,61.0,88.8,No,No,No,Urban,0
17,Female,3.06,41166.0,8,8.1,59.0,100.0,No,No,Yes,Suburban,1
17,Male,2.07,72248.0,2,6.9,63.0,84.7,No,Yes,No,Suburban,0
21,Male,3.38,30764.0,3,8.8,23.0,100.0,No,No,No,Suburban,1
16,Male,2.86,111670.0,7,3.8,50.0,100.0,No,No,No,Rural,0
21,Female,4.0,108931.0,1,9.6,194.0,87.3,No,No,No,Rural,1
20,Male,3.59,19016.0,6,5.5,68.0,91.6,No,No,No,Urban,1
20,Female,2.42,38902.0,2,4.7,37.0,95.1,No,No,No,Urban,0
22,Female,1.89,13334.0,2,7.8,5.0,83.5,No,No,No,Suburban,0
21,Female,2.58,55347.0,3,2.8,163.0,100.0,Yes,No,No,Urban,1
23,Other,2.33,26901.0,3,5.1,41.0,81.5,No,Yes,No,Urban,0
23,Female,4.0,43096.0,5,4.7,38.0,83.8,No,Yes,No,Suburban,1
25,Female,2.99,32694.0,6,5.9,11.0,83.9,No,No,No,Urban,1
23,Female,3.51,191282.0,4,4.0,38.0,89.8,No,No,No,Urban,0
21,Female,2.84,35598.0,4,3.8,15.0,90.6,No,No,No,Suburban,1
20,Female,2.9,33297.0,5,4.2,2.0,82.9,Yes,Yes,No,Rural,1
18,Female,2.98,75427.0,4,4.4,144.0,87.1,Yes,Yes,No,Urban,1
21,Male,3.61,82695.0,5,5.2,22.0,79.1,No,No,No,Rural,1
17,Female,3.17,47660.0,7,7.8,59.0,97.3,No,Yes,No,Suburban,1
25,Female,2.42,84220.0,4,0.3,31.0,93.6,No,No,No,Urban,0
24,Female,3.89,171223.0,3,6.7,19.0,85.2,No,Yes,Yes,Suburban,0
17,Male,2.84,31395.0,1,4.0,78.0,86.5,No,Yes,No,Suburban,1
23,Female,2.75,14797.0,6,4.6,34.0,82.7,No,No,No,Suburban,0
17,Female,1.44,52416.0,1,2.6,48.0,80.6,No,No,No,Suburban,0
23,Other,3.35,79065.0,3,5.1,11.0,79.4,No,No,No,Urban,0
16,Male,3.06,105847.0,5,4.1,5.0,80.6,No,Yes,No,Urban,0
20,Female,3.05,59099.0,2,4.5,3.0,95.7,No,No,No,Urban,0
22,Female,2.78,40466.0,4,6.3,64.0,96.3,No,No,No,Urban,0
23,Female,2.68,21432.0,3,6.4,5.0,77.0,No,Yes,No,Urban,0
20,Female,2.8,91329.0,1,8.1,84.0,93.6,No,Yes,No,Urban,1
25,Female,3.25,49424.0,4,3.7,16.0,78.2,No,No,No,Rural,0
23,Female,3.35,8188.0,3,6.5,7.0,94.1,No,No,No,Urban,1
18,Male,2.87,136479.0,1,6.4,29.0,88.7,No,No,Yes,Urban,0
22,Other,3.52,15617.0,1,5.2,106.0,83.8,Yes,No,No,Rural,1
23,Male,2.96,80055.0,2,8.7,22.0,91.6,No,Yes,No,Suburban,0
19,Female,2.72,46597.0,3,3.6,29.0,98.8,No,No,No,Rural,0
23,Female,3.11,8844.0,2,5.3,54.0,73.0,No,Yes,No,Urban,1
24,Male,2.25,37099.0,5,5.7,20.0,97.1,No,No,No,Suburban,0
24,Male,3.13,31463.0,1,2.4,33.0,81.6,No,No,No,Urban,0
23,Male,2.15,11023.0,4,7.8,91.0,99.4,No,Yes,No,Urban,1
22,Female,2.43,55249.0,8,4.8,24.0,94.9,No,Yes,No,Suburban,1
18,Female,1.89,72686.0,2,6.0,70.0,79.0,No,Yes,No,Suburban,0
23,Male,2.9,39022.0,7,8.5,42.0,83.3,No,Yes,No,Suburban,1
19,Female,3.89,30822.0,4,5.5,72.0,91.8,No,Yes,No,Urban,1
21,Male,2.94,58185.0,3,5.1,62.0,95.6,No,Yes,No,Rural,0
19,Female,3.35,1962.0,1,5.1,5.0,91.8,No,No,No,Urban,1
19,Male,4.0,28200.0,1,2.8,37.0,91.1,No,No,No,Suburban,1
17,Male,3.22,29857.0,10,4.2,51.0,82.9,No,Yes,No,Urban,1
25,Male,2.58,39956.0,4,4.7,44.0,88.3,No,Yes,No,Suburban,0
17,Female,2.65,10366.0,1,5.2,43.0,87.4,No,Yes,Yes,Urban,1
16,Male,3.0,6008.0,6,8.0,20.0,76.0,No,No,Yes,Urban,1
25,Female,2.65,16973.0,4,7.0,3.0,90.7,Yes,No,No,Rural,1
21,Male,2.69,54654.0,2,3.7,18.0,85.1,No,No,No,Urban,0
20,Male,3.54,29466.0,4,4.9,27.0,99.0,No,No,No,Urban,0
23,Male,3.56,16875.0,4,8.1,2.0,97.4,No,No,Yes,Urban,1
19,Male,2.09,123042.0,6,1.2,17.0,89.5,No,No,No,Rural,0
17,Female,2.55,30801.0,3,4.5,38.0,96.8,No,Yes,No,Suburban,0
23,Male,2.74,40133.0,5,2.1,23.0,92.9,No,No,No,Rural,0
17,Other,3.33,90426.0,6,10.0,10.0,87.8,No,No,No,Urban,0
21,Male,3.63,44454.0,2,6.7,40.0,76.7,Yes,No,No,Suburban,1
25,Male,4.0,57787.0,6,3.9,65.0,86.7,No,No,No,Suburban,1
25,Male,2.74,20562.0,6,4.9,12.0,85.3,No,Yes,Yes,Suburban,1
19,Male,2.77,41731.0,2,3.2,20.0,87.1,No,Yes,No,Urban,0
23,Female,3.32,113079.0,3,9.4,56.0,86.2,No,No,No,Urban,1
22,Female,2.62,52814.0,3,0.0,8.0,96.8,No,No,Yes,Urban,0
20,Male,2.92,47609.0,3,5.7,34.0,97.7,No,Yes,No,Suburban,1
17,Female,2.77,33180.0,6,4.8,14.0,84.1,No,No,No,Urban,0
19,Female,1.56,13157.0,3,2.7,29.0,77.4,No,No,No,Urban,0
22,Female,3.07,84108.0,9,4.4,3.0,80.2,No,No,No,Rural,0
25,Other,2.9,37841.0,6,1.4,1.0,97.9,No,No,No,Urban,0
16,Female,3.7,23069.0,3,8.5,2.0,95.7,No,No,No,Urban,1
23,Female,3.0,11868.0,3,5.1,14.0,78.9,No,Yes,No,Suburban,1
24,Female,2.31,49358.0,4,7.0,14.0,76.3,Yes,No,No,Suburban,0
25,Female,2.86,15155.0,7,3.9,21.0,83.3,Yes,No,No,Urban,1
20,Female,1.85,84599.0,2,8.0,7.0,100.0,No,No,No,Suburban,0
17,Male,2.33,24195.0,5,5.1,3.0,91.4,No,No,No,Urban,0
18,Female,3.35,42398.0,2,7.4,16.0,86.1,No,Yes,Yes,Urban,0
24,Other,2.86,52090.0,4,6.2,94.0,87.0,No,Yes,No,Urban,1
24,Male,3.51,47967.0,7,4.9,30.0,72.9,No,No,No,Suburban,0
22,Female,1.92,72849.0,6,7.2,37.0,85.7,No,No,No,Urban,0
17,Female,2.87,26036.0,5,10.0,19.0,97.9,No,No,No,Urban,0
17,Male,2.74,40338.0,5,2.5,300.0,84.8,No,Yes,No,Urban,0
20,Female,3.53,59968.0,3,4.7,28.0,86.0,No,Yes,No,Rural,0
21,Female,3.37,106097.0,3,2.2,5.0,90.6,No,Yes,No,Suburban,0
16,Other,3.35,69400.0,3,5.9,56.0,79.0,No,No,No,Suburban,0
22,Male,3.85,78253.0,1,5.5,27.0,90.7,No,Yes,No,Suburban,1
21,Male,2.8,31409.0,5,9.3,1.0,81.4,No,No,No,Suburban,0
16,Female,3.73,52794.0,7,4.4,72.0,84.0,No,No,No,Suburban,1
16,Male,2.43,96244.0,3,7.1,55.0,85.0,No,No,No,Urban,0
20,Male,2.41,38876.0,6,0.4,19.0,85.0,No,Yes,No,Urban,0
23,Male,3.41,53013.0,3,5.3,22.0,88.8,No,No,Yes,Urban,1
24,Male,2.17,9371.0,4,3.1,28.0,87.4,Yes,No,No,Urban,0
20,Female,3.32,63969.0,8,6.3,56.0,86.5,No,Yes,No,Urban,1
18,Female,3.06,47250.0,3,7.5,18.0,89.0,No,Yes,No,Suburban,0
25,Female,3.59,61118.0,7,3.7,44.0,80.7,No,No,Yes,Urban,0
20,Female,2.97,31987.0,3,6.2,20.0,70.7,No,No,No,Urban,0
19,Male,3.03,7247.0,5,4.2,62.0,87.9,No,No,No,Rural,1
20,Male,3.28,66031.0,6,5.1,1.0,82.5,No,No,Yes,Urban,0
16,Male,2.64,22899.0,8,5.9,35.0,91.6,No,No,No,Suburban,1
19,Male,2.61,10435.0,7,2.8,14.0,83.6,No,No,No,Urban,1
21,Male,3.26,44971.0,6,2.8,33.0,72.8,No,Yes,Yes,Urban,0
25,Male,2.98,115030.0,3,6.9,60.0,87.0,No,No,No,Urban,0
23,Male,2.78,20154.0,5,3.5,105.0,96.4,No,No,No,Urban,0
23,Male,2.95,23667.0,6,7.8,42.0,90.5,No,No,No,Suburban,1
21,Female,3.88,68276.0,4,1.1,65.0,76.6,No,No,No,Urban,0
17,Female,2.76,34294.0,1,7.1,2.0,83.0,No,No,No,Rural,0
19,Female,2.74,65875.0,3,5.0,51.0,84.0,No,No,No,Urban,0
25,Female,2.06,32918.0,4,4.8,123.0,86.5,No,No,No,Suburban,0
16,Female,2.98,29031.0,3,5.3,55.0,83.3,Yes,No,No,Urban,0
24,Male,3.36,20989.0,7,1.8,68.0,74.0,No,No,Yes,Suburban,0
22,Female,3.46,50228.0,3,7.5,10.0,86.9,No,No,No,Urban,1
18,Male,3.06,20878.0,5,4.1,50.0,99.5,Yes,No,Yes,Urban,1
23,Male,3.53,27683.0,4,3.2,22.0,82.8,No,No,No,Rural,0
24,Male,3.4,83707.0,2,9.8,45.0,78.1,No,Yes,Yes,Suburban,0
16,Male,3.61,147163.0,2,4.2,31.0,99.4,No,Yes,No,Rural,1
17,Male,3.54,54731.0,2,3.1,26.0,100.0,No,No,No,Suburban,1
22,Female,3.86,85855.0,3,6.8,20.0,84.7,No,No,No,Rural,0
25,Female,2.91,30323.0,4,5.6,107.0,89.9,No,Yes,No,Rural,1
16,Female,2.27,33514.0,4,7.2,68.0,89.8,No,No,No,Urban,0
22,Female,3.37,46483.0,5,5.2,67.0,95.1,No,No,No,Urban,1
17,Female,3.43,23180.0,2,7.1,64.0,79.1,Yes,Yes,No,Rural,1
22,Male,3.86,28713.0,2,9.5,15.0,87.8,No,No,No,Urban,1
22,Female,3.7,64362.0,4,3.3,2.0,79.3,No,Yes,No,Suburban,0
16,Female,4.0,41023.0,3,4.0,30.0,90.8,No,No,No,Urban,1
22,Male,3.34,36209.0,2,1.5,12.0,100.0,No,No,No,Rural,0
24,Male,3.13,34912.0,2,5.8,76.0,90.7,No,No,No,Urban,0
24,Female,2.24,17084.0,6,5.3,40.0,81.2,No,Yes,Yes,Suburban,0
16,Female,3.17,45263.0,3,7.8,14.0,96.0,No,Yes,No,Suburban,1
18,Male,2.7,23193.0,5,4.9,67.0,83.1,No,Yes,Yes,Suburban,1
18,Female,3.12,9275.0,4,4.8,104.0,91.8,No,Yes,No,Suburban,0
20,Male,3.03,15039.0,6,5.4,189.0,81.8,No,Yes,Yes,Urban,1
17,Male,3.26,35405.0,4,4.5,5.0,77.4,No,No,No,Urban,0
24,Male,2.95,60846.0,2,5.8,1.0,81.9,No,Yes,Yes,Urban,0
23,Male,3.51,71916.0,1,5.5,14.0,66.4,No,Yes,Yes,Suburban,1
24,Female,1.5,11989.0,2,6.2,43.0,79.3,Yes,No,No,Urban,0
17,Male,3.1,56779.0,4,4.5,50.0,100.0,No,Yes,No,Suburban,1
16,Female,3.66,119528.0,5,6.2,18.0,65.4,No,Yes,No,Urban,1
25,Male,4.0,74337.0,2,6.4,49.0,75.4,No,No,No,Urban,0
18,Female,3.4,44030.0,4,4.3,62.0,100.0,No,No,No,Suburban,0
22,Female,3.93,46632.0,6,4.8,76.0,80.3,No,No,No,Urban,1
25,Female,3.09,43133.0,5,4.6,3.0,84.8,No,No,No,Rural,0
16,Female,3.0,27118.0,3,2.3,67.0,87.9,No,No,No,Rural,0
16,Female,3.29,76735.0,3,3.9,25.0,74.8,No,No,No,Suburban,0
16,Female,3.0,18378.0,4,6.7,8.0,96.4,No,No,No,Urban,1
17,Female,2.57,45690.0,4,6.9,4.0,87.0,No,No,No,Suburban,0
16,Female,2.72,9109.0,1,5.7,20.0,82.9,No,No,No,Urban,0
24,Male,2.39,81394.0,4,2.8,7.0,95.6,No,Yes,No,Rural,0
22,Male,3.29,44393.0,5,7.2,41.0,77.4,No,No,No,Suburban,0
25,Male,3.01,11169.0,1,9.1,38.0,88.3,No,No,No,Urban,0
24,Male,2.8,99609.0,3,6.3,33.0,79.9,No,No,No,Suburban,0
25,Male,2.69,37417.0,1,5.0,1.0,78.0,Yes,No,No,Suburban,0
18,Male,3.28,13656.0,5,3.1,17.0,100.0,No,Yes,No,Urban,1
18,Female,3.43,126412.0,7,5.0,10.0,89.0,No,Yes,No,Suburban,0
24,Male,2.38,32981.0,4,3.9,27.0,95.6,No,No,No,Suburban,0
18,Female,2.29,21280.0,4,4.6,40.0,83.8,No,No,No,Suburban,0
16,Male,3.52,47290.0,4,7.8,15.0,79.8,No,No,No,Rural,0
22,Female,2.24,15140.0,6,6.9,27.0,63.1,No,No,No,Suburban,0
24,Male,3.3,27118.0,1,4.2,1.0,85.5,No,Yes,Yes,Suburban,1
25,Male,3.89,92122.0,4,5.2,11.0,74.7,No,No,Yes,Rural,0
25,Male,3.89,33590.0,9,5.0,232.0,88.8,No,Yes,Yes,Suburban,1
17,Female,3.41,54504.0,4,4.0,64.0,77.7,No,No,No,Urban,0
23,Male,3.39,94830.0,3,2.0,56.0,91.7,No,No,No,Suburban,0
24,Female,4.0,32804.0,4,6.8,21.0,100.0,No,Yes,No,Urban,1
22,Male,1.72,20541.0,3,7.6,136.0,100.0,No,No,No,Suburban,0
24,Female,2.74,61619.0,9,3.7,47.0,90.6,No,No,No,Urban,0
24,Male,3.47,13160.0,1,3.6,0.0,87.9,No,No,No,Suburban,1
20,Female,2.81,18689.0,3,7.0,1.0,82.4,No,No,No,Suburban,1
16,Male,3.68,10879.0,4,3.5,18.0,81.7,No,No,No,Suburban,1
20,Male,2.98,90420.0,3,1.9,0.0,80.7,No,No,No,Rural,0
18,Male,3.07,42017.0,5,4.0,40.0,99.9,No,No,No,Rural,0
17,Male,2.85,63204.0,4,8.0,2.0,84.9,No,No,No,Rural,0
17,Male,2.71,19747.0,4,3.8,106.0,100.0,No,No,No,Suburban,0
22,Other,2.7,53023.0,4,3.6,25.0,80.6,No,Yes,No,Suburban,0
21,Male,3.15,54306.0,2,4.0,8.0,86.9,No,No,No,Urban,0
21,Male,2.57,125998.0,1,2.5,83.0,77.9,No,Yes,No,Urban,0
23,Female,3.52,59573.0,4,2.1,19.0,92.3,No,No,No,Urban,1
21,Male,3.36,71803.0,2,4.4,4.0,86.4,No,No,Yes,Urban,0
22,Male,3.6,44431.0,5,1.9,27.0,87.7,No,Yes,No,Urban,0
16,Female,2.38,2418.0,2,4.1,10.0,85.5,No,No,No,Urban,0
24,Female,2.07,49784.0,5,5.6,77.0,92.5,No,No,No,Urban,0
20,Female,3.0,35221.0,6,5.8,1.0,93.4,No,Yes,Yes,Suburban,0
17,Male,4.0,33948.0,6,4.7,85.0,94.6,No,No,No,Rural,1
24,Other,3.7,28085.0,1,2.4,72.0,80.5,No,No,No,Rural,1
23,Male,2.7,33948.0,5,4.1,108.0,90.6,No,No,No,Suburban,0
16,Other,3.23,24061.0,4,5.8,22.0,84.0,No,No,No,Rural,1
17,Female,3.4,67294.0,3,6.4,12.0,98.6,No,No,No,Urban,1
16,Female,2.25,17280.0,7,4.4,6.0,90.0,No,Yes,No,Suburban,0
18,Male,3.75,115458.0,6,3.5,7.0,90.4,No,Yes,Yes,Rural,0
16,Male,2.91,63500.0,4,5.2,31.0,85.8,No,Yes,No,Rural,0
23,Female,2.95,79445.0,1,4.2,123.0,81.5,No,No,No,Rural,1
21,Female,3.01,18386.0,9,2.8,28.0,88.6,No,Yes,No,Rural,0
25,Female,3.63,26568.0,3,5.7,24.0,97.8,No,No,No,Urban,1
23,Female,2.58,43188.0,4,5.0,15.0,81.8,No,No,No,Suburban,0
22,Female,2.06,40232.0,1,2.6,88.0,98.6,No,Yes,Yes,Urban,0
21,Male,3.18,63607.0,2,3.6,17.0,92.6,No,Yes,No,Rural,0
16,Male,1.88,40351.0,6,4.6,128.0,71.8,No,No,No,Urban,0
16,Male,2.83,119452.0,5,1.6,38.0,80.7,No,Yes,No,Suburban,0
22,Male,3.65,18721.0,4,3.4,20.0,100.0,No,Yes,No,Rural,1
16,Male,3.32,15563.0,7,6.4,50.0,87.0,Yes,No,No,Urban,1
16,Female,3.57,25565.0,3,3.9,26.0,80.8,No,No,Yes,Urban,1
18,Female,3.34,33999.0,4,3.2,30.0,81.0,No,No,No,Suburban,0
24,Female,4.0,84072.0,6,7.4,169.0,86.9,No,Yes,Yes,Suburban,1
20,Male,2.68,52029.0,3,5.8,12.0,95.3,No,No,No,Urban,0
23,Female,3.22,3147.0,5,6.5,26.0,85.3,No,No,No,Urban,0
20,Female,2.76,3592.0,4,3.3,25.0,81.8,No,Yes,No,Urban,0
17,Female,3.53,36396.0,3,4.4,119.0,69.9,No,No,No,Suburban,1
19,Female,2.97,28946.0,7,5.0,1.0,80.7,No,No,No,Rural,0
16,Female,3.95,37193.0,3,5.5,47.0,82.4,No,No,No,Urban,1
23,Female,2.71,34017.0,2,10.0,8.0,90.6,No,No,No,Suburban,1
17,Male,3.77,108360.0,4,5.2,4.0,91.2,No,No,Yes,Suburban,0
19,Female,3.33,75850.0,7,7.4,65.0,99.5,No,No,No,Urban,1
25,Male,2.98,26648.0,1,10.0,53.0,78.5,No,Yes,No,Rural,1
21,Male,3.3,39805.0,3,8.8,28.0,89.1,No,No,No,Urban,1
20,Male,3.14,31948.0,2,5.3,75.0,89.3,No,No,Yes,Rural,1
21,Female,3.2,5643.0,1,7.5,82.0,80.0,Yes,No,No,Urban,1
23,Female,2.89,27638.0,4,5.3,20.0,95.3,No,Yes,Yes,Urban,1
18,Female,2.61,27938.0,3,4.9,23.0,100.0,No,No,No,Suburban,1
22,Male,2.82,23287.0,7,6.9,27.0,88.2,No,No,No,Urban,1
24,Male,2.07,26999.0,3,6.9,11.0,84.2,No,Yes,No,Suburban,0
21,Female,3.46,32426.0,6,6.1,20.0,100.0,No,No,No,Suburban,1
20,Male,2.32,54988.0,3,4.6,3.0,91.5,No,No,No,Urban,0
17,Female,2.88,24815.0,5,3.9,25.0,78.3,No,No,No,Urban,0
18,Male,3.36,92372.0,2,2.3,2.0,86.4,No,Yes,No,Suburban,0
25,Female,3.46,18536.0,2,5.4,31.0,85.1,No,Yes,No,Rural,1
21,Female,2.02,82259.0,5,5.5,73.0,81.2,No,Yes,Yes,Rural,0
19,Female,2.95,49069.0,3,6.8,22.0,81.6,No,Yes,No,Urban,0
20,Male,3.25,14383.0,3,1.8,6.0,82.6,Yes,No,No,Urban,1
21,Female,3.03,31798.0,6,5.2,13.0,94.5,No,No,No,Suburban,1
21,Female,3.74,111027.0,8,4.6,76.0,85.6,Yes,Yes,No,Urban,1
22,Female,2.55,18838.0,2,4.9,56.0,88.7,Yes,No,No,Suburban,1
18,Female,1.87,113057.0,6,7.7,3.0,95.7,No,No,No,Urban,0
22,Male,3.45,56061.0,3,7.8,73.0,85.6,No,No,No,Rural,1
20,Female,2.7,49656.0,6,7.2,13.0,78.4,No,No,No,Urban,0
25,Male,2.03,53839.0,4,5.2,11.0,95.6,No,No,No,Urban,0
17,Male,2.91,31186.0,4,4.6,29.0,85.0,No,No,No,Suburban,0
17,Female,3.68,19541.0,5,7.6,96.0,100.0,No,Yes,No,Urban,1
20,Female,2.31,41118.0,5,8.8,33.0,96.1,No,No,Yes,Rural,0
21,Male,4.0,50923.0,3,8.5,17.0,92.2,No,Yes,No,Urban,1
22,Male,2.54,57838.0,4,6.1,117.0,89.8,No,No,No,Suburban,0
20,Male,3.05,56291.0,5,5.1,17.0,97.0,No,Yes,No,Rural,1
25,Male,2.33,66369.0,5,6.5,68.0,90.0,No,Yes,No,Rural,0
20,Female,3.02,141300.0,1,6.7,7.0,70.6,No,No,Yes,Rural,0
17,Male,2.93,47945.0,5,4.1,12.0,87.2,No,Yes,No,Rural,1
17,Female,2.18,89247.0,3,4.6,37.0,92.6,No,Yes,No,Suburban,0
25,Male,4.0,59293.0,4,10.0,13.0,80.0,No,No,Yes,Urban,1
17,Male,2.73,150920.0,3,4.1,52.0,100.0,No,Yes,No,Urban,0
25,Female,2.73,43175.0,6,6.9,39.0,86.8,Yes,Yes,No,Suburban,1
18,Male,3.53,39840.0,2,3.9,3.0,92.5,No,No,No,Suburban,1
16,Male,4.0,85608.0,3,4.7,102.0,97.4,No,Yes,No,Suburban,1
19,Female,3.62,85679.0,2,3.0,46.0,92.8,No,No,No,Urban,0
22,Female,2.34,33161.0,2,3.0,34.0,87.1,No,Yes,No,Urban,0
20,Female,3.12,57837.0,3,6.4,190.0,91.2,No,No,No,Suburban,1
23,Male,1.97,66825.0,3,6.1,159.0,86.5,No,No,No,Suburban,0
22,Female,3.5,64324.0,3,9.0,19.0,87.2,No,No,Yes,Suburban,1
20,Other,2.1,53897.0,3,5.1,43.0,78.8,No,No,No,Urban,0
22,Female,2.56,8440.0,4,5.3,16.0,85.9,No,No,No,Suburban,0
25,Male,3.0,64953.0,7,4.9,20.0,78.4,No,No,Yes,Urban,0
20,Male,3.24,66984.0,2,2.9,1.0,88.0,No,No,No,Urban,0
17,Male,2.86,55398.0,1,6.3,77.0,84.7,Yes,Yes,No,Urban,1
20,Male,3.84,30474.0,10,4.6,13.0,92.0,No,No,No,Urban,1
24,Female,3.4,103940.0,3,1.8,58.0,76.0,No,Yes,No,Urban,0
18,Male,3.35,19226.0,4,7.4,21.0,80.6,No,No,No,Urban,0
25,Male,2.32,86700.0,2,3.7,38.0,80.6,No,No,Yes,Suburban,0
21,Male,3.93,19018.0,1,5.7,31.0,87.9,No,No,No,Urban,1
22,Female,2.56,79810.0,3,5.8,33.0,86.0,No,No,Yes,Suburban,0
19,Male,3.96,19761.0,1,5.5,67.0,96.8,No,No,No,Urban,1
25,Male,4.0,76763.0,5,2.8,30.0,88.3,No,No,No,Urban,0
16,Male,3.28,119001.0,6,8.1,8.0,88.0,No,Yes,No,Urban,1
18,Female,3.57,119295.0,4,3.4,53.0,79.6,No,No,No,Suburban,0
20,Male,1.3,102783.0,2,0.0,95.0,85.7,No,Yes,Yes,Urban,0
20,Female,2.89,42988.0,3,6.9,30.0,77.3,No,Yes,No,Urban,0
20,Male,3.61,26648.0,3,6.8,24.0,91.9,No,No,No,Rural,1
17,Male,3.51,38179.0,8,2.4,115.0,94.6,No,No,Yes,Suburban,0
18,Male,2.33,82452.0,2,5.0,86.0,75.9,No,Yes,No,Suburban,0
16,Male,2.84,64269.0,1,7.4,3.0,88.4,No,No,No,Urban,0
21,Male,1.6,159636.0,4,8.1,10.0,87.2,No,No,No,Suburban,0
19,Female,3.23,28746.0,6,6.3,41.0,97.6,No,Yes,Yes,Suburban,1
21,Female,1.96,124236.0,5,6.8,36.0,80.0,No,No,No,Rural,0
21,Male,3.62,40410.0,4,6.6,3.0,81.9,No,Yes,No,Suburban,1
23,Male,3.65,18955.0,1,4.7,6.0,90.1,No,No,No,Urban,1
21,Female,2.74,52647.0,3,2.6,3.0,84.1,No,Yes,No,Urban,1
22,Male,3.29,63167.0,1,4.4,54.0,84.5,No,Yes,No,Urban,0
21,Male,2.88,96690.0,3,7.5,6.0,84.4,No,Yes,No,Suburban,0
22,Male,3.13,28653.0,3,7.5,116.0,92.2,No,No,No,Urban,1
22,Male,2.37,52635.0,5,5.4,22.0,97.1,No,Yes,No,Rural,0
19,Male,3.34,43533.0,7,4.3,81.0,87.3,No,Yes,No,Suburban,1
18,Other,2.1,33076.0,5,8.8,217.0,85.8,No,No,No,Urban,0
23,Other,1.99,116165.0,7,5.3,79.0,93.3,No,No,No,Rural,0
19,Other,2.93,63784.0,8,6.4,10.0,89.7,No,Yes,No,Suburban,1
21,Male,2.88,5004.0,3,2.3,45.0,89.3,No,No,No,Urban,0
17,Male,3.15,53237.0,1,4.9,21.0,97.1,No,No,No,Rural,0
20,Male,2.64,10516.0,4,7.4,11.0,79.5,No,Yes,Yes,Suburban,0
21,Male,4.0,49603.0,4,2.0,98.0,85.9,No,No,No,Urban,0
22,Male,3.09,12339.0,5,4.9,9.0,80.2,No,No,Yes,Urban,1
21,Male,3.13,63985.0,1,5.9,40.0,83.7,No,Yes,Yes,Rural,0
19,Male,3.11,10360.0,1,8.1,69.0,77.8,No,Yes,No,Urban,1
25,Male,3.55,19873.0,2,7.1,3.0,85.0,No,No,Yes,Suburban,1
21,Male,3.32,73919.0,2,8.7,1.0,91.0,No,No,No,Rural,0
24,Female,3.24,42994.0,8,6.8,53.0,67.0,No,No,No,Suburban,1
23,Male,3.4,13429.0,5,7.0,40.0,85.4,No,No,No,Suburban,1
21,Female,2.0,111494.0,3,2.9,7.0,87.3,No,No,No,Urban,0
24,Male,2.02,31595.0,6,2.8,17.0,85.8,No,Yes,No,Suburban,0
17,Female,2.96,35722.0,1,8.7,21.0,74.6,Yes,No,No,Suburban,1
25,Male,2.89,38168.0,7,4.0,14.0,95.6,No,No,No,Urban,0
24,Female,3.32,67570.0,3,3.8,43.0,95.5,No,No,No,Rural,0
21,Male,3.01,33479.0,4,0.0,12.0,97.1,No,No,No,Urban,1
23,Male,3.32,39290.0,10,7.3,135.0,83.5,No,No,No,Urban,1
21,Female,2.31,90631.0,5,2.5,114.0,89.4,No,Yes,No,Urban,0
18,Male,2.99,83373.0,8,3.2,7.0,82.2,No,Yes,No,Suburban,0
23,Male,2.26,37536.0,1,7.4,7.0,79.4,No,Yes,No,Urban,0
18,Female,3.21,38503.0,1,0.1,57.0,79.0,No,No,No,Rural,0
19,Male,1.97,2992.0,3,8.0,38.0,89.6,No,No,No,Suburban,0
21,Female,3.19,48982.0,2,3.2,87.0,94.7,No,No,No,Rural,0
24,Female,2.19,75782.0,5,4.7,69.0,98.3,No,No,No,Urban,0
19,Male,2.79,32145.0,4,3.3,40.0,87.6,No,No,Yes,Urban,0
20,Male,3.49,100928.0,5,2.1,2.0,82.5,Yes,Yes,No,Suburban,0
16,Male,3.13,9228.0,4,3.3,25.0,87.2,No,Yes,No,Rural,1
17,Female,2.09,21046.0,3,3.2,35.0,95.8,No,Yes,No,Urban,0
16,Male,2.63,95806.0,3,2.3,3.0,100.0,Yes,No,No,Suburban,0
16,Male,2.17,73800.0,4,8.4,62.0,97.4,No,Yes,No,Rural,0
24,Male,2.07,8658.0,5,2.9,94.0,96.6,No,Yes,No,Urban,0
24,Female,3.06,10473.0,1,0.8,55.0,98.9,No,No,No,Urban,0
24,Female,3.31,64661.0,6,0.5,5.0,88.6,No,No,No,Urban,1
16,Female,3.24,55838.0,2,6.0,2.0,90.3,No,No,No,Suburban,0
16,Female,3.33,35278.0,1,1.2,20.0,96.5,No,No,No,Urban,0
18,Female,2.99,98693.0,7,4.6,27.0,92.1,No,No,No,Urban,0
21,Female,2.85,25543.0,6,9.3,24.0,94.9,No,No,No,Suburban,1
19,Female,2.41,5338.0,5,5.4,59.0,83.1,No,Yes,No,Urban,0
20,Female,2.76,67549.0,2,5.7,69.0,99.2,No,No,No,Suburban,0
17,Male,2.27,77841.0,4,3.8,23.0,84.0,No,No,No,Urban,0
23,Female,2.54,26751.0,3,5.0,43.0,96.9,No,No,No,Suburban,1
19,Female,3.05,16314.0,8,4.5,18.0,87.3,No,No,Yes,Urban,1
16,Male,2.94,5654.0,1,5.7,27.0,83.7,No,No,No,Suburban,0
23,Male,4.0,42399.0,5,8.6,5.0,72.1,Yes,No,No,Rural,1
25,Male,2.26,53926.0,3,4.1,57.0,86.3,No,No,Yes,Suburban,0
16,Female,2.93,81626.0,4,3.3,78.0,78.0,No,No,No,Urban,0
20,Male,2.22,56232.0,5,4.8,103.0,80.6,No,No,No,Suburban,0
24,Female,2.79,28447.0,7,7.1,27.0,92.1,No,No,No,Rural,1
23,Male,2.81,48988.0,4,4.3,121.0,75.9,No,No,No,Suburban,0
24,Female,3.46,84352.0,3,5.6,27.0,97.8,No,No,No,Urban,0
20,Male,2.75,53436.0,3,6.1,36.0,100.0,No,No,No,Urban,0
19,Female,2.89,76443.0,1,9.7,28.0,84.1,No,No,Yes,Urban,0
23,Female,2.76,17023.0,5,7.0,41.0,97.6,No,No,No,Suburban,0
17,Male,2.23,65807.0,5,3.1,61.0,76.8,No,No,No,Urban,0
18,Male,2.64,56299.0,7,0.2,101.0,91.2,No,Yes,Yes,Suburban,1
22,Male,2.79,33223.0,5,5.3,16.0,90.8,No,No,No,Rural,0
22,Male,3.04,85380.0,4,3.4,65.0,100.0,No,Yes,No,Urban,0
17,Female,3.31,140172.0,3,3.9,38.0,85.0,No,Yes,No,Suburban,0
21,Female,2.87,8358.0,7,2.8,16.0,91.7,No,Yes,No,Urban,1
19,Female,2.86,34480.0,4,3.9,70.0,86.5,No,Yes,No,Urban,1
21,Female,2.05,40213.0,5,3.8,50.0,85.0,Yes,No,No,Urban,0
25,Male,3.3,42431.0,1,4.7,55.0,86.9,No,Yes,No,Rural,1
16,Female,2.62,26039.0,5,3.5,27.0,86.5,No,Yes,No,Urban,1
25,Female,3.41,10091.0,6,3.4,41.0,82.9,No,No,No,Suburban,1
20,Male,3.72,35845.0,6,6.2,14.0,90.1,No,Yes,No,Rural,1
23,Female,2.9,40444.0,6,5.0,62.0,80.8,Yes,No,No,Suburban,0
20,Male,2.44,33562.0,2,5.0,18.0,84.8,No,No,No,Urban,0
19,Female,2.99,41139.0,5,4.9,11.0,100.0,No,No,No,Urban,0
23,Other,3.19,49805.0,5,3.0,16.0,87.1,No,Yes,No,Urban,1
22,Female,2.83,36852.0,4,8.2,46.0,95.1,No,Yes,No,Urban,1
17,Male,2.69,25798.0,8,9.5,147.0,87.4,Yes,No,No,Urban,1
23,Female,3.31,41312.0,1,7.7,151.0,94.1,No,No,No,Suburban,1
23,Male,3.27,52512.0,3,1.1,51.0,86.6,No,No,No,Suburban,0
19,Female,2.81,43986.0,6,3.5,22.0,67.3,No,No,No,Urban,0
25,Male,2.09,146145.0,5,6.6,98.0,87.8,No,Yes,Yes,Urban,0
22,Female,3.25,55123.0,3,3.3,1.0,80.0,No,No,Yes,Urban,0
19,Female,2.58,42583.0,3,3.5,9.0,85.6,No,No,No,Urban,0
16,Male,3.12,22881.0,2,2.0,28.0,93.5,No,No,No,Suburban,0
22,Male,3.08,23327.0,4,4.2,86.0,100.0,No,No,No,Urban,1
18,Female,1.96,33620.0,7,3.2,13.0,76.7,Yes,Yes,No,Suburban,0
23,Male,3.04,34406.0,5,0.0,125.0,86.1,No,No,No,Urban,0
21,Male,3.28,33432.0,6,7.5,5.0,88.1,No,Yes,No,Urban,1
20,Male,3.35,56774.0,2,5.9,12.0,88.4,No,No,No,Rural,0
17,Male,3.06,83574.0,4,2.1,12.0,88.4,No,No,No,Suburban,0
23,Female,1.91,67708.0,4,6.9,41.0,92.5,Yes,No,No,Urban,0
17,Female,3.7,62517.0,7,5.3,39.0,84.5,No,Yes,No,Urban,1
20,Male,3.23,20856.0,1,7.6,14.0,86.4,No,No,Yes,Rural,1
24,Male,2.34,91754.0,5,6.6,17.0,91.2,No,Yes,No,Urban,0
25,Male,2.57,22482.0,6,3.3,61.0,82.4,Yes,Yes,No,Suburban,0
25,Male,3.13,51621.0,3,6.5,34.0,83.3,No,Yes,No,Suburban,1
25,Female,3.37,59970.0,2,6.6,32.0,87.5,No,No,No,Rural,0
21,Male,2.73,93498.0,3,7.3,46.0,83.3,No,No,Yes,Suburban,0
18,Female,3.45,129588.0,4,7.2,138.0,80.2,No,Yes,No,Suburban,0
24,Female,2.01,32570.0,4,9.6,110.0,79.2,No,No,No,Urban,0
24,Female,2.43,48674.0,2,7.1,2.0,87.7,No,Yes,Yes,Rural,0
25,Female,1.86,88032.0,5,3.3,79.0,99.0,No,Yes,Yes,Urban,0
22,Male,2.51,136682.0,8,5.4,14.0,91.1,No,No,No,Urban,0
17,Male,3.83,35248.0,6,2.7,25.0,80.4,No,No,No,Urban,1
21,Male,4.0,21739.0,6,7.7,77.0,100.0,No,No,No,Suburban,1
20,Female,3.13,13407.0,7,3.1,25.0,84.0,No,Yes,No,Urban,0
24,Female,2.65,8785.0,7,9.9,32.0,100.0,No,Yes,No,Suburban,1
19,Male,2.88,24790.0,5,4.4,11.0,87.4,No,Yes,No,Suburban,0
19,Male,3.26,76972.0,4,4.9,33.0,90.1,No,Yes,No,Urban,1
16,Male,2.14,79938.0,3,4.0,165.0,85.1,No,No,No,Suburban,0
24,Female,2.69,55117.0,5,3.4,100.0,85.6,No,Yes,No,Suburban,0
23,Female,3.79,34091.0,1,3.8,22.0,99.1,No,No,No,Urban,1
16,Female,2.42,56890.0,3,5.5,56.0,86.6,No,Yes,No,Suburban,0
20,Female,2.59,44477.0,1,5.0,26.0,95.5,No,No,No,Suburban,0
20,Male,3.01,35309.0,1,4.1,22.0,88.4,No,No,No,Suburban,0
20,Female,3.16,53386.0,3,5.7,17.0,87.1,No,Yes,No,Urban,0
25,Female,2.66,32994.0,5,3.8,47.0,93.0,No,Yes,No,Suburban,0
17,Male,3.04,53206.0,5,5.0,16.0,87.1,No,No,No,Suburban,0
19,Female,3.33,59069.0,1,8.9,12.0,81.7,No,Yes,Yes,Urban,1
17,Male,4.0,69011.0,2,3.7,27.0,81.9,No,Yes,No,Urban,1
18,Female,2.93,10491.0,3,4.3,118.0,92.6,No,No,No,Urban,0
25,Female,2.98,92561.0,3,2.5,56.0,70.3,No,No,No,Suburban,0
25,Female,3.84,40422.0,4,4.3,97.0,91.0,No,No,No,Urban,1
16,Female,2.7,130507.0,6,5.8,5.0,76.5,No,No,Yes,Suburban,0
22,Male,2.27,77310.0,8,3.8,99.0,89.4,No,Yes,No,Suburban,0
18,Female,3.14,22261.0,4,2.5,22.0,98.7,No,No,No,Suburban,0
17,Female,3.59,63203.0,4,5.8,13.0,80.9,No,Yes,No,Urban,1
18,Female,3.2,88234.0,3,6.0,88.0,92.2,No,Yes,No,Urban,0
17,Female,2.95,36608.0,1,6.4,14.0,97.0,No,No,Yes,Urban,0
20,Male,2.2,20918.0,4,2.3,1.0,83.4,No,No,No,Urban,0
25,Female,2.97,18130.0,1,8.0,4.0,82.8,No,Yes,No,Urban,1
21,Female,3.68,13041.0,4,3.9,8.0,91.0,No,No,Yes,Suburban,0
23,Male,2.32,6032.0,5,2.8,126.0,98.0,Yes,No,No,Suburban,0
20,Female,2.87,40995.0,2,7.3,107.0,100.0,No,Yes,No,Rural,1
16,Female,2.79,18926.0,2,7.9,2.0,82.1,No,Yes,No,Suburban,1
16,Female,2.62,26779.0,8,4.3,4.0,93.2,No,No,No,Urban,0
18,Female,3.14,132473.0,4,3.2,56.0,84.2,No,No,No,Suburban,0
18,Male,3.24,59256.0,6,6.0,25.0,79.0,No,No,No,Urban,0
24,Other,3.24,21713.0,2,2.1,16.0,86.1,No,Yes,No,Rural,1
24,Male,2.46,171669.0,4,10.0,10.0,86.2,No,No,No,Urban,0
24,Female,2.09,52917.0,3,2.7,10.0,88.7,No,Yes,No,Suburban,0
22,Male,3.14,162236.0,2,5.8,56.0,91.3,No,No,No,Rural,0
21,Female,2.72,112770.0,2,4.6,65.0,89.9,No,No,No,Urban,0
22,Female,4.0,54194.0,6,3.0,38.0,97.7,No,No,No,Urban,1
20,Female,4.0,40754.0,4,2.9,6.0,100.0,No,Yes,No,Suburban,1
22,Female,4.0,76283.0,3,7.5,8.0,88.1,No,No,No,Urban,1
23,Male,2.48,51031.0,3,5.8,82.0,84.1,No,No,No,Rural,0
23,Female,3.31,30956.0,5,3.5,65.0,86.4,No,Yes,No,Urban,1
22,Female,3.48,29515.0,5,3.8,24.0,86.2,No,Yes,No,Urban,0
16,Male,3.42,84401.0,5,3.2,3.0,83.3,No,No,No,Rural,0
23,Female,2.81,21673.0,2,6.9,34.0,76.0,No,Yes,No,Suburban,1
19,Female,3.7,83628.0,3,7.0,63.0,77.2,No,No,No,Rural,0
23,Female,3.0,45332.0,3,6.2,8.0,93.5,No,Yes,No,Suburban,1
21,Female,3.07,10909.0,3,5.6,15.0,94.0,No,Yes,No,Suburban,1
24,Male,2.15,88032.0,3,6.4,18.0,90.6,No,Yes,No,Urban,0
19,Female,3.35,22145.0,4,1.4,8.0,86.1,No,Yes,Yes,Rural,1
25,Male,2.86,24637.0,5,5.6,24.0,84.0,No,No,Yes,Urban,0
24,Male,3.26,37875.0,1,7.4,21.0,77.0,No,No,No,Suburban,0
19,Male,3.13,42437.0,2,5.5,64.0,82.8,No,Yes,No,Suburban,0
20,Male,3.1,54440.0,3,5.1,4.0,82.1,No,Yes,Yes,Urban,1
21,Male,2.97,85071.0,2,3.6,5.0,76.7,No,Yes,No,Rural,0
23,Female,3.43,83223.0,3,3.7,6.0,89.7,No,No,No,Urban,0
22,Male,2.89,28820.0,5,3.8,14.0,82.1,No,Yes,No,Suburban,0
24,Male,2.2,29554.0,4,5.5,13.0,88.3,No,No,No,Urban,0
19,Male,3.31,79160.0,1,3.9,133.0,76.2,No,No,No,Suburban,0
21,Female,2.56,19039.0,3,1.0,32.0,92.7,No,No,No,Urban,0
20,Male,2.27,45314.0,3,6.8,24.0,91.4,No,Yes,No,Suburban,0
25,Male,2.44,107476.0,8,6.1,48.0,83.9,No,No,Yes,Suburban,0
19,Female,3.16,32207.0,6,5.8,37.0,99.0,No,No,No,Urban,1
21,Male,2.95,12844.0,4,2.9,19.0,87.4,No,Yes,No,Rural,1
17,Female,1.83,22150.0,4,3.9,16.0,89.1,No,No,No,Rural,0
24,Male,2.79,23323.0,6,6.1,8.0,75.5,No,No,No,Rural,1
19,Male,3.64,20660.0,5,5.1,53.0,81.7,No,Yes,No,Rural,1
19,Male,2.75,36565.0,4,3.5,25.0,82.8,No,No,No,Urban,0
21,Female,2.91,160222.0,5,7.9,1.0,94.3,No,Yes,No,Rural,0
20,Male,3.57,62066.0,2,3.1,2.0,95.7,No,No,Yes,Suburban,0
24,Female,3.44,39206.0,5,0.0,11.0,83.4,No,No,No,Urban,0
21,Male,3.56,41692.0,1,5.2,1.0,89.4,No,Yes,No,Suburban,1
21,Female,1.48,25840.0,6,5.3,82.0,94.9,No,Yes,No,Suburban,0
17,Male,3.95,41577.0,4,5.1,1.0,85.3,No,Yes,No,Urban,1
16,Male,3.35,104446.0,4,5.9,4.0,76.3,No,No,No,Urban,0
19,Male,4.0,46403.0,5,3.8,34.0,93.7,No,Yes,No,Suburban,1
25,Female,2.57,82885.0,4,7.3,18.0,91.4,No,No,Yes,Urban,0
25,Male,2.03,75765.0,4,2.0,36.0,90.3,No,No,No,Urban,0
22,Other,3.0,155570.0,8,5.0,83.0,95.7,No,No,No,Suburban,0
22,Female,2.85,74860.0,5,3.6,103.0,96.3,No,No,No,Suburban,0
19,Other,3.36,148803.0,3,7.2,6.0,93.0,No,No,No,Urban,0
17,Male,3.59,86984.0,8,3.3,119.0,78.6,No,No,No,Suburban,0
16,Female,2.95,54457.0,6,5.2,24.0,75.9,No,No,No,Urban,0
19,Female,2.87,24103.0,3,5.2,25.0,90.8,No,No,Yes,Suburban,1
19,Female,3.29,82565.0,3,5.4,42.0,88.5,No,No,No,Urban,0
17,Other,2.86,87208.0,2,3.4,3.0,89.1,No,Yes,Yes,Urban,0
18,Female,2.81,88739.0,6,5.8,3.0,100.0,No,No,No,Urban,0
16,Female,3.57,2602.0,2,5.1,84.0,95.3,No,Yes,No,Rural,1
22,Female,3.69,31579.0,1,5.8,46.0,86.5,No,Yes,No,Urban,1
25,Male,3.6,61523.0,4,8.5,1.0,82.1,No,Yes,Yes,Suburban,1
22,Female,2.91,33415.0,5,5.3,99.0,93.2,No,Yes,No,Rural,1
20,Female,1.82,29381.0,3,2.8,15.0,91.7,No,Yes,No,Urban,0
20,Female,2.92,25755.0,2,9.3,93.0,86.3,No,No,No,Urban,0
19,Female,2.58,11238.0,3,7.2,7.0,66.1,No,No,Yes,Rural,0
17,Male,2.93,59301.0,6,6.4,30.0,80.3,No,No,No,Urban,1
21,Male,2.63,27825.0,1,4.6,74.0,94.8,No,No,No,Urban,0
21,Male,2.99,32251.0,3,6.6,5.0,77.7,No,Yes,No,Urban,0
16,Female,2.43,39207.0,2,0.5,41.0,92.6,No,No,No,Suburban,0
20,Male,2.3,65959.0,1,8.4,126.0,91.5,No,No,Yes,Urban,0
18,Female,3.67,53446.0,5,7.0,9.0,80.1,No,Yes,No,Suburban,0
17,Female,2.47,51731.0,6,4.6,29.0,95.2,No,No,No,Urban,0
23,Female,3.0,5005.0,4,6.9,3.0,87.4,No,Yes,No,Suburban,0
21,Male,3.52,83946.0,6,6.4,65.0,86.8,No,No,No,Rural,1
22,Female,3.5,125451.0,2,2.8,114.0,78.8,No,Yes,Yes,Rural,0
23,Male,3.44,50746.0,4,5.4,19.0,98.4,No,Yes,No,Suburban,1
25,Female,3.17,18470.0,8,5.8,76.0,78.5,No,Yes,No,Urban,1
24,Male,3.4,29977.0,4,4.7,9.0,78.4,No,No,No,Rural,0
22,Male,3.76,19186.0,2,4.5,57.0,89.1,No,No,No,Urban,1
24,Male,3.23,116086.0,1,7.0,17.0,80.2,No,No,No,Rural,0
20,Female,1.99,32118.0,1,5.4,2.0,100.0,No,No,No,Urban,0
25,Male,2.71,52392.0,3,9.1,44.0,80.1,No,No,No,Urban,0
23,Female,3.38,38044.0,1,3.6,54.0,94.3,No,No,No,Suburban,1
22,Female,2.66,63909.0,7,5.9,7.0,100.0,No,No,No,Suburban,0
25,Female,3.89,22832.0,3,3.0,7.0,93.7,No,No,No,Rural,1
21,Male,2.97,50965.0,5,6.5,93.0,82.0,No,No,Yes,Urban,0
23,Male,3.05,32355.0,3,2.5,41.0,90.7,No,No,Yes,Urban,1
18,Male,3.62,91311.0,3,5.6,44.0,98.8,No,No,No,Urban,0
25,Male,2.9,5614.0,2,7.6,14.0,76.0,No,No,No,Suburban,0
22,Female,3.1,35100.0,2,5.1,55.0,96.8,No,No,No,Suburban,1
23,Male,3.49,85659.0,5,2.8,76.0,91.9,No,No,No,Urban,0
20,Male,2.19,79187.0,8,7.1,23.0,100.0,No,No,Yes,Suburban,0
24,Male,2.84,12043.0,3,5.8,45.0,91.4,No,No,No,Urban,1
16,Female,3.46,73521.0,5,4.8,80.0,89.2,No,No,No,Suburban,1
17,Male,3.04,21125.0,2,2.9,63.0,93.5,Yes,Yes,No,Urban,1
21,Female,3.81,26491.0,5,1.5,24.0,78.1,No,No,No,Suburban,1
23,Male,2.13,82592.0,2,10.0,78.0,81.5,No,No,No,Rural,0
24,Other,2.07,34556.0,3,3.7,31.0,88.6,No,Yes,No,Rural,0
20,Female,3.42,11280.0,3,2.8,94.0,83.8,No,Yes,No,Suburban,1
22,Male,3.48,16918.0,5,5.7,52.0,83.1,No,No,Yes,Urban,1
21,Male,2.89,45698.0,5,2.8,45.0,100.0,No,No,No,Suburban,1
25,Male,3.22,33706.0,7,6.1,71.0,100.0,No,Yes,No,Suburban,1
22,Male,3.41,33236.0,5,8.0,57.0,67.7,No,Yes,No,Suburban,0
20,Male,2.55,63155.0,8,2.7,7.0,88.3,No,Yes,No,Suburban,0
25,Female,2.61,55585.0,2,4.3,77.0,78.5,No,Yes,Yes,Urban,0
17,Female,3.1,35538.0,3,5.9,79.0,97.2,No,No,No,Suburban,1
25,Male,3.5,80072.0,5,2.3,51.0,89.8,No,Yes,No,Suburban,0
17,Female,2.36,63522.0,2,3.0,53.0,99.7,No,No,Yes,Suburban,0
18,Male,2.89,53315.0,6,4.7,72.0,81.1,Yes,No,No,Suburban,1
24,Other,2.87,29787.0,9,9.3,42.0,80.4,No,No,No,Suburban,1
23,Male,3.23,88481.0,6,3.1,18.0,86.2,No,No,Yes,Urban,0
25,Female,3.0,32940.0,3,4.4,38.0,83.2,No,Yes,No,Urban,1
23,Female,2.7,35236.0,3,10.0,72.0,87.3,No,No,No,Urban,1
22,Male,3.69,117769.0,4,6.7,72.0,97.5,No,No,No,Suburban,0
19,Male,2.7,22079.0,5,1.3,67.0,91.7,No,No,No,Urban,0
16,Male,2.84,21833.0,1,4.5,14.0,85.6,No,No,No,Urban,0
17,Female,2.12,36257.0,3,6.3,5.0,88.4,No,Yes,No,Suburban,0
18,Female,2.61,18327.0,3,8.2,9.0,75.3,No,No,Yes,Suburban,0
16,Female,3.28,18738.0,7,8.1,15.0,72.4,No,No,No,Urban,0
21,Female,3.18,115586.0,2,6.2,11.0,97.7,No,No,No,Rural,0
23,Female,3.33,35826.0,3,6.6,10.0,81.9,No,Yes,No,Urban,0
25,Male,3.3,54539.0,4,2.1,56.0,99.5,Yes,Yes,No,Urban,1
20,Female,4.0,13124.0,6,3.5,2.0,85.5,No,No,No,Urban,1
24,Female,2.59,20549.0,2,2.1,20.0,89.1,No,No,No,Suburban,0
25,Male,2.11,125891.0,6,7.3,13.0,94.6,No,No,No,Urban,0
24,Female,2.42,18478.0,2,5.8,106.0,95.6,No,Yes,No,Urban,0
20,Male,2.61,55725.0,9,5.2,56.0,83.9,No,Yes,No,Urban,1
19,Male,2.46,2316.0,3,8.4,29.0,88.6,No,No,No,Suburban,1
25,Female,3.05,12229.0,6,6.2,37.0,87.9,No,Yes,No,Urban,0
18,Male,3.69,35402.0,3,7.5,28.0,91.0,No,Yes,No,Urban,1
20,Male,3.85,78465.0,3,6.7,147.0,89.5,No,No,No,Suburban,0
16,Male,3.28,43899.0,9,6.9,22.0,82.2,No,No,No,Urban,1
23,Female,4.0,37771.0,6,2.7,30.0,89.2,No,No,No,Rural,0
22,Female,2.8,66997.0,4,7.1,46.0,76.3,No,Yes,No,Suburban,1
16,Male,2.1,50446.0,4,6.0,44.0,88.0,No,Yes,No,Suburban,0
18,Male,3.58,9337.0,1,4.1,81.0,88.9,No,Yes,No,Rural,1
21,Male,1.99,41870.0,8,6.5,63.0,80.2,No,Yes,No,Suburban,0
21,Female,2.58,30276.0,8,7.8,58.0,85.7,No,No,No,Urban,0
24,Male,3.29,36750.0,6,4.8,22.0,83.9,No,No,No,Suburban,0
18,Female,2.94,29611.0,2,3.4,86.0,84.0,No,Yes,Yes,Suburban,0
25,Female,2.89,42271.0,6,3.5,13.0,94.1,No,No,No,Rural,0
20,Male,2.35,57040.0,4,1.9,23.0,91.7,No,Yes,No,Suburban,0
24,Female,2.99,14632.0,4,4.6,3.0,95.7,No,No,No,Suburban,1
18,Female,3.55,25048.0,5,6.3,20.0,100.0,No,No,No,Urban,1
16,Female,3.01,65542.0,4,8.8,13.0,96.8,No,No,No,Urban,0
16,Male,2.54,71147.0,5,3.2,63.0,75.7,No,No,Yes,Urban,0
19,Female,2.31,105136.0,3,5.8,0.0,82.8,No,No,No,Urban,0
25,Female,2.55,44533.0,4,5.0,33.0,98.7,No,No,Yes,Rural,0
16,Female,3.22,23920.0,10,5.0,18.0,84.8,No,Yes,No,Rural,1
19,Other,3.19,25397.0,4,1.6,20.0,84.3,No,No,Yes,Urban,0
17,Male,2.56,43525.0,3,2.8,63.0,90.7,No,Yes,Yes,Urban,0
25,Female,1.78,20490.0,2,9.0,54.0,85.7,No,Yes,No,Rural,0
22,Female,3.23,100507.0,1,7.2,11.0,100.0,No,Yes,No,Urban,0
23,Male,2.51,29461.0,3,5.6,23.0,86.7,No,Yes,No,Urban,0
23,Male,3.38,91494.0,5,6.0,21.0,100.0,No,No,No,Urban,0
22,Male,2.58,18315.0,3,6.6,84.0,83.5,No,No,No,Suburban,0
23,Female,2.46,36859.0,2,4.0,86.0,82.7,No,No,Yes,Rural,0
16,Male,3.08,32858.0,3,4.1,4.0,81.3,No,No,Yes,Rural,0
24,Female,4.0,12784.0,2,3.6,10.0,81.7,No,Yes,No,Urban,1
23,Male,3.41,34784.0,3,5.4,0.0,93.8,No,No,No,Rural,0
23,Male,3.07,50319.0,4,2.5,6.0,77.2,Yes,No,Yes,Urban,1
19,Female,3.2,5159.0,2,3.5,15.0,80.0,No,No,Yes,Suburban,0
24,Male,2.04,60668.0,2,6.1,61.0,92.2,No,No,No,Rural,0
19,Female,2.38,53332.0,4,4.2,73.0,70.6,No,No,No,Urban,0
16,Male,1.62,41563.0,6,1.1,16.0,76.2,No,Yes,No,Urban,0
25,Female,3.95,69027.0,1,4.2,3.0,87.6,No,No,Yes,Suburban,0
18,Male,3.84,72209.0,4,6.2,18.0,91.3,No,No,No,Rural,1
17,Other,3.22,195559.0,3,5.3,18.0,85.3,No,No,Yes,Suburban,0
22,Female,3.07,12193.0,2,1.3,43.0,91.5,No,No,No,Rural,1
18,Male,2.15,110145.0,2,7.3,51.0,81.1,No,No,No,Suburban,0
24,Male,2.88,81076.0,3,4.5,2.0,100.0,No,Yes,Yes,Urban,0
20,Male,3.99,53306.0,8,5.7,1.0,95.3,No,No,No,Rural,1
16,Female,3.07,18613.0,4,7.3,107.0,81.5,No,No,No,Rural,1
25,Female,2.69,31085.0,3,4.7,3.0,86.5,No,No,No,Suburban,0
21,Male,2.03,27805.0,4,0.8,91.0,72.3,No,No,Yes,Urban,0
18,Male,3.76,38529.0,3,8.9,47.0,95.4,No,No,No,Urban,1
22,Female,2.96,67231.0,6,0.1,2.0,77.8,No,Yes,No,Urban,0
21,Female,2.03,96965.0,5,4.3,15.0,83.7,No,No,No,Urban,0
16,Female,2.49,130552.0,5,7.9,40.0,85.7,No,No,No,Urban,1
23,Male,2.3,31269.0,3,3.5,24.0,77.0,Yes,Yes,No,Suburban,0
20,Female,2.93,47599.0,5,3.6,5.0,81.3,No,Yes,No,Urban,0
22,Other,3.11,21646.0,5,4.5,97.0,91.0,No,No,No,Urban,1
24,Male,2.72,83534.0,7,4.6,71.0,84.0,No,No,No,Rural,0
22,Male,3.43,55668.0,6,3.1,11.0,95.0,Yes,Yes,No,Suburban,1
22,Male,3.04,35965.0,4,3.6,6.0,93.9,No,No,No,Urban,1
18,Female,3.58,11495.0,6,7.4,23.0,81.2,No,Yes,No,Urban,1
18,Male,2.8,48067.0,6,3.8,107.0,84.4,No,No,Yes,Urban,0
20,Female,4.0,51644.0,3,6.1,13.0,84.4,No,Yes,No,Suburban,1
24,Female,2.69,8407.0,2,3.0,36.0,84.8,No,No,No,Rural,0
21,Female,2.5,14841.0,3,8.0,113.0,99.8,Yes,No,No,Suburban,1
19,Female,2.44,47244.0,6,7.1,81.0,89.5,No,No,No,Urban,0
23,Male,2.88,123329.0,4,4.8,14.0,74.7,No,No,No,Suburban,0
24,Female,2.05,89310.0,2,6.4,46.0,82.8,No,Yes,No,Urban,0
25,Male,3.16,36719.0,3,8.3,25.0,84.3,No,No,No,Rural,1
18,Female,1.95,32755.0,3,2.8,10.0,91.4,No,No,No,Suburban,0
23,Female,3.09,24456.0,5,2.7,25.0,100.0,No,Yes,No,Suburban,1
21,Female,2.26,22480.0,2,5.8,20.0,94.3,No,No,No,Rural,0
20,Female,2.79,34559.0,4,2.2,10.0,87.2,No,Yes,No,Suburban,0
19,Male,3.33,147083.0,4,1.6,18.0,81.2,No,No,No,Suburban,0
17,Female,4.0,32572.0,3,1.5,51.0,99.4,No,Yes,No,Urban,1
18,Female,2.41,42313.0,1,5.3,26.0,85.6,No,No,No,Rural,0
21,Female,2.92,15775.0,6,0.5,47.0,76.6,No,No,No,Urban,0
24,Male,2.6,62254.0,5,4.1,14.0,90.9,No,Yes,No,Urban,0
24,Male,2.52,41792.0,3,0.0,3.0,78.1,No,No,No,Suburban,0
17,Female,2.61,31144.0,1,6.0,5.0,93.3,No,No,Yes,Rural,0
22,Male,3.45,19164.0,6,6.1,48.0,84.8,No,Yes,No,Urban,1
16,Female,2.73,23365.0,3,4.5,20.0,85.6,No,No,No,Suburban,0
22,Female,4.0,29585.0,2,7.6,32.0,66.0,No,Yes,No,Suburban,1
19,Female,3.23,31031.0,2,6.8,5.0,96.6,No,No,No,Rural,1
20,Male,2.44,19005.0,4,3.3,65.0,78.6,No,No,No,Rural,0
23,Female,2.8,39043.0,2,3.1,116.0,82.2,No,No,No,Suburban,0
20,Male,2.56,48858.0,3,6.9,83.0,89.5,No,No,No,Urban,0
24,Male,3.44,69812.0,3,6.5,39.0,86.8,No,No,No,Rural,0
21,Female,2.1,118978.0,1,4.4,3.0,100.0,No,No,No,Urban,0
25,Male,2.26,8196.0,3,1.1,8.0,74.2,No,No,No,Suburban,0
22,Male,2.67,54016.0,4,7.0,93.0,84.9,No,No,No,Suburban,0
18,Male,3.38,33748.0,2,5.1,157.0,94.3,Yes,No,No,Urban,1
23,Female,3.68,5943.0,6,4.9,2.0,84.5,No,No,No,Urban,1
20,Female,3.76,25862.0,2,0.0,39.0,88.0,No,Yes,Yes,Urban,1
21,Male,3.29,65029.0,7,6.2,16.0,100.0,No,No,No,Urban,0
17,Male,2.95,59440.0,4,4.9,28.0,88.5,No,No,No,Urban,0
17,Female,3.44,45689.0,8,3.8,22.0,99.2,No,Yes,No,Urban,1
21,Male,2.37,23830.0,5,3.2,3.0,93.2,No,No,No,Rural,0
17,Female,1.99,99303.0,3,5.2,40.0,93.9,No,No,No,Suburban,0
25,Female,3.24,17089.0,3,6.0,11.0,86.4,No,No,No,Urban,0
24,Female,2.45,31475.0,7,4.2,43.0,75.0,No,No,No,Urban,0
23,Female,2.96,35840.0,5,6.2,36.0,96.7,No,No,No,Suburban,1
23,Female,3.07,39604.0,5,2.5,34.0,92.5,No,No,No,Suburban,0
21,Female,3.14,164680.0,2,3.6,35.0,92.3,No,No,No,Suburban,0
16,Male,3.52,112713.0,4,6.5,104.0,86.8,No,No,No,Suburban,0
19,Male,3.46,58158.0,4,4.1,35.0,82.8,No,No,No,Suburban,1
20,Female,3.11,42007.0,1,8.8,81.0,98.6,No,No,No,Suburban,1
25,Male,2.76,41674.0,5,5.6,44.0,90.6,No,No,No,Urban,0
18,Female,3.06,68250.0,5,2.4,24.0,73.4,No,No,No,Suburban,0
20,Female,2.67,87229.0,3,1.5,79.0,87.6,No,No,No,Urban,0
19,Female,2.89,16744.0,6,6.7,42.0,85.6,No,No,No,Urban,0
17,Male,4.0,119694.0,4,3.7,63.0,67.0,No,No,No,Suburban,0
17,Female,3.1,56217.0,5,7.0,23.0,82.0,No,No,No,Rural,0
19,Female,3.25,27716.0,3,3.8,12.0,100.0,Yes,No,No,Urban,1
16,Male,2.61,37960.0,2,5.5,46.0,69.1,No,No,No,Suburban,0
16,Female,3.56,58288.0,1,4.3,31.0,78.8,No,No,Yes,Suburban,0
19,Female,3.42,60220.0,2,5.6,20.0,68.5,No,No,No,Rural,0
18,Other,3.42,19264.0,8,6.6,34.0,75.3,No,No,No,Suburban,0
21,Female,3.12,40511.0,7,5.0,1.0,73.3,No,No,No,Suburban,1
16,Male,3.57,48745.0,6,6.5,2.0,78.5,No,No,No,Urban,1
19,Male,3.7,88101.0,5,1.3,21.0,100.0,No,No,No,Urban,0
20,Female,3.16,94316.0,3,5.9,18.0,95.2,No,No,No,Rural,0
25,Male,2.94,15090.0,1,5.1,9.0,85.9,No,No,No,Urban,1
22,Male,3.49,43527.0,4,4.4,4.0,100.0,No,No,No,Suburban,1
24,Male,2.5,26595.0,1,0.0,22.0,84.2,No,Yes,No,Urban,0
19,Male,2.61,57374.0,6,1.3,27.0,80.4,No,Yes,No,Urban,0
20,Female,2.97,159447.0,3,5.5,11.0,84.5,No,Yes,No,Urban,0
20,Male,2.04,81443.0,3,5.8,14.0,75.3,No,No,No,Suburban,0
24,Female,3.46,60862.0,2,5.9,49.0,72.9,No,Yes,Yes,Suburban,0
25,Male,2.47,72579.0,4,5.0,42.0,93.3,Yes,No,No,Urban,1
25,Female,2.74,107585.0,10,2.4,35.0,90.7,No,Yes,No,Suburban,0
23,Male,2.88,76723.0,4,2.7,77.0,77.7,No,No,No,Rural,0
21,Female,3.02,17433.0,2,0.4,70.0,91.7,No,No,No,Suburban,0
21,Male,2.81,125465.0,2,5.3,6.0,92.1,No,No,No,Urban,0
25,Female,2.96,46613.0,4,9.2,5.0,83.2,No,Yes,Yes,Urban,1
18,Male,2.97,55825.0,6,4.8,5.0,80.4,No,No,No,Urban,1
19,Male,2.75,94244.0,7,3.3,300.0,94.3,No,No,No,Suburban,0
24,Male,2.57,154578.0,6,5.1,22.0,91.6,No,No,No,Rural,0
19,Female,3.59,31384.0,5,4.7,145.0,100.0,No,No,No,Suburban,1
18,Female,1.84,90922.0,1,1.2,34.0,91.5,No,Yes,No,Urban,0
21,Male,2.89,29941.0,2,5.6,33.0,73.8,No,Yes,Yes,Suburban,1
19,Male,2.74,52711.0,3,4.8,34.0,75.7,No,No,No,Suburban,0
24,Female,3.23,12838.0,4,4.6,43.0,86.3,No,No,Yes,Rural,1
25,Female,2.2,30071.0,5,9.4,8.0,94.5,No,No,No,Urban,0
19,Male,2.73,50898.0,3,4.8,39.0,90.6,No,No,No,Urban,0
21,Female,2.94,63097.0,7,9.0,33.0,83.1,No,No,Yes,Rural,0
25,Female,3.59,60706.0,6,3.2,11.0,74.5,No,No,No,Urban,0
23,Female,3.18,83471.0,4,1.7,4.0,99.8,No,No,No,Urban,0
18,Male,2.35,33479.0,4,3.2,69.0,99.4,No,Yes,Yes,Rural,1
21,Male,2.73,40909.0,5,7.6,130.0,76.7,Yes,No,No,Rural,0
22,Male,3.49,42347.0,4,3.3,9.0,93.3,No,No,No,Urban,0
22,Female,2.34,35339.0,4,1.9,41.0,90.0,No,Yes,Yes,Urban,0
16,Male,2.96,22093.0,6,5.7,25.0,93.5,No,No,No,Rural,0
18,Female,2.99,46836.0,2,4.2,13.0,100.0,No,Yes,No,Urban,0
24,Female,2.79,74754.0,2,6.3,41.0,99.4,No,No,No,Urban,0
18,Female,4.0,55049.0,2,3.5,58.0,92.1,Yes,Yes,No,Urban,1
18,Male,2.77,32170.0,7,3.0,16.0,86.0,No,Yes,Yes,Urban,1
19,Male,3.25,47479.0,4,8.7,46.0,85.6,No,No,No,Urban,0
17,Male,2.58,30717.0,2,3.2,33.0,86.2,No,No,No,Urban,0
17,Female,3.29,64164.0,6,3.2,2.0,100.0,No,Yes,No,Urban,1
19,Female,3.48,76373.0,3,6.0,88.0,88.4,No,Yes,No,Suburban,1
24,Male,2.68,77572.0,4,0.0,75.0,94.2,No,No,Yes,Urban,0
16,Female,2.97,37918.0,5,6.6,14.0,91.3,No,No,No,Urban,0
18,Male,2.51,31210.0,1,8.9,51.0,80.1,No,No,No,Suburban,0
16,Male,2.37,83471.0,3,6.9,43.0,91.8,No,No,No,Urban,0
21,Male,3.57,35846.0,5,2.7,15.0,82.7,No,No,No,Urban,0
18,Female,2.7,46949.0,5,3.4,0.0,80.4,No,Yes,No,Urban,0
23,Male,1.67,54659.0,4,5.1,55.0,92.8,No,Yes,No,Suburban,0
21,Male,3.97,44292.0,5,5.8,4.0,77.9,No,No,No,Urban,0
23,Female,2.56,70291.0,6,8.6,50.0,95.0,No,No,No,Suburban,0
22,Female,2.86,14182.0,6,8.5,38.0,92.6,No,Yes,No,Suburban,1
20,Male,3.9,60279.0,1,4.5,227.0,98.1,No,No,No,Urban,1
24,Male,2.92,24571.0,8,3.8,11.0,91.8,No,No,No,Rural,0
20,Female,2.91,33054.0,3,3.3,28.0,80.4,No,Yes,Yes,Rural,0
25,Male,2.32,50104.0,2,6.4,2.0,96.9,No,No,Yes,Urban,0
25,Male,2.1,11179.0,1,7.4,21.0,97.3,No,No,No,Rural,0
21,Female,2.91,39399.0,5,5.2,58.0,95.1,No,Yes,No,Urban,1
22,Male,3.2,34762.0,5,5.0,5.0,93.9,No,Yes,No,Suburban,1
18,Female,3.17,40936.0,2,9.6,73.0,76.2,No,Yes,No,Suburban,1
24,Male,2.74,33390.0,4,6.5,3.0,94.8,No,No,No,Suburban,1
22,Male,3.01,47162.0,4,0.5,6.0,78.0,Yes,No,No,Rural,0
25,Male,1.99,29895.0,5,4.9,7.0,83.0,No,No,No,Rural,0
18,Male,3.25,43121.0,5,5.4,49.0,81.3,No,No,No,Urban,0
23,Male,3.09,50024.0,3,4.4,21.0,75.5,No,Yes,No,Urban,1
20,Male,4.0,85413.0,3,7.8,10.0,89.4,No,Yes,No,Urban,0
17,Female,3.0,97470.0,1,4.3,39.0,87.8,No,No,No,Suburban,0
17,Female,2.48,15243.0,2,2.8,29.0,98.6,No,No,No,Suburban,0
21,Male,2.97,89650.0,1,3.4,31.0,97.6,Yes,No,No,Rural,1
19,Female,2.82,21984.0,4,6.5,61.0,89.4,No,No,No,Rural,0
17,Female,3.24,43369.0,3,2.0,23.0,94.3,Yes,Yes,No,Suburban,0
20,Female,3.01,11889.0,1,3.9,76.0,87.2,No,No,No,Urban,0
22,Male,2.31,7145.0,4,6.9,15.0,87.1,No,Yes,No,Suburban,0
19,Male,2.1,153615.0,5,2.0,14.0,89.0,No,No,No,Suburban,0
25,Male,3.14,44179.0,5,2.7,75.0,86.8,No,No,No,Urban,0
23,Male,3.76,37669.0,2,1.3,92.0,89.7,No,No,No,Suburban,0
21,Male,3.04,54020.0,5,3.0,5.0,93.3,No,Yes,No,Rural,0
25,Female,3.45,38304.0,5,3.9,6.0,78.2,No,No,Yes,Urban,1
20,Female,3.56,75778.0,2,4.5,2.0,84.7,No,No,No,Suburban,1
17,Male,3.15,51997.0,3,3.0,11.0,94.2,No,No,Yes,Urban,0
16,Male,2.55,67994.0,6,4.2,40.0,83.6,No,No,No,Urban,0
25,Male,3.11,24768.0,2,7.2,42.0,83.7,No,No,No,Urban,0
25,Female,3.66,13428.0,5,5.7,7.0,96.1,No,Yes,No,Rural,1
23,Female,3.29,81359.0,3,9.7,4.0,82.1,No,Yes,No,Suburban,0
17,Male,3.41,55584.0,3,3.5,37.0,91.5,Yes,No,No,Rural,1
18,Female,2.75,17463.0,4,4.0,16.0,89.2,No,No,Yes,Rural,0
16,Other,2.89,17708.0,5,5.3,14.0,95.1,No,Yes,Yes,Urban,1
16,Female,2.93,47865.0,5,3.9,10.0,87.5,No,Yes,Yes,Suburban,0
18,Female,2.97,64564.0,3,4.9,28.0,81.7,No,Yes,Yes,Suburban,0
21,Female,3.64,21857.0,2,0.8,11.0,82.8,No,No,No,Urban,1
16,Male,1.71,110888.0,7,4.2,41.0,100.0,Yes,Yes,Yes,Urban,0
25,Male,3.02,70115.0,5,6.9,178.0,83.7,No,No,No,Rural,0
20,Female,2.96,85055.0,4,9.2,120.0,83.2,Yes,No,No,Suburban,0
18,Male,2.25,47031.0,2,8.2,72.0,84.3,No,Yes,No,Rural,0
21,Female,3.37,44358.0,3,5.3,2.0,85.8,No,Yes,No,Suburban,1
23,Male,2.6,16180.0,6,6.1,12.0,84.7,No,No,No,Urban,0
19,Male,2.8,24939.0,7,5.7,31.0,92.5,No,No,No,Urban,1
16,Male,4.0,40595.0,5,3.8,36.0,88.8,No,No,No,Urban,1
16,Other,3.56,56556.0,3,2.9,75.0,83.3,No,No,No,Urban,1
24,Male,3.32,49968.0,3,5.5,81.0,93.8,No,No,No,Suburban,0
17,Male,3.21,8422.0,1,4.8,36.0,90.3,No,Yes,No,Urban,1
22,Male,2.91,20898.0,7,6.8,61.0,98.6,No,No,No,Rural,0
19,Female,4.0,52173.0,7,0.0,9.0,90.5,No,Yes,No,Suburban,1
23,Other,3.44,57510.0,8,4.6,27.0,87.0,No,No,No,Urban,1
16,Male,2.59,32969.0,6,7.7,82.0,86.4,No,Yes,No,Suburban,1
24,Female,2.23,66238.0,5,6.3,12.0,89.2,Yes,No,No,Rural,0
22,Male,3.31,65597.0,7,2.8,20.0,90.9,Yes,No,Yes,Urban,0
20,Female,2.97,147254.0,1,2.1,5.0,88.0,No,No,No,Suburban,0
18,Male,2.21,44563.0,3,4.9,17.0,84.5,No,No,No,Urban,0
25,Female,3.24,32067.0,2,6.7,59.0,93.0,No,Yes,No,Urban,1
19,Female,2.85,21964.0,4,6.1,65.0,91.5,Yes,No,No,Suburban,0
20,Female,3.29,14456.0,4,5.3,11.0,88.1,No,Yes,No,Rural,1
19,Male,3.24,63807.0,2,6.4,24.0,93.3,No,No,No,Urban,0
18,Female,2.67,59246.0,1,5.6,146.0,87.4,No,No,No,Rural,0
20,Other,3.35,16067.0,4,6.3,8.0,88.1,No,Yes,No,Suburban,1
17,Male,2.73,64086.0,4,7.1,14.0,93.1,No,Yes,No,Urban,0
16,Female,2.76,48779.0,6,4.0,19.0,94.4,Yes,Yes,No,Urban,1
18,Female,2.71,35605.0,5,3.1,25.0,93.2,No,Yes,No,Urban,0
17,Male,3.62,7758.0,2,6.6,29.0,81.9,No,No,No,Urban,1
20,Female,2.85,58857.0,2,3.9,32.0,91.0,No,Yes,No,Rural,1
24,Male,3.75,120498.0,2,0.7,20.0,88.3,No,Yes,No,Urban,0
17,Female,3.98,24228.0,6,8.1,8.0,91.1,Yes,No,No,Urban,1
16,Male,2.59,48838.0,4,5.6,42.0,100.0,No,Yes,No,Urban,0
17,Male,1.39,61977.0,5,5.5,75.0,86.3,No,Yes,No,Suburban,0
21,Female,3.57,4625.0,6,4.6,67.0,88.2,No,No,No,Urban,1
18,Female,2.81,21243.0,3,6.8,40.0,83.5,No,No,No,Rural,1
20,Female,2.52,12548.0,5,2.2,72.0,86.5,No,No,No,Urban,1
16,Other,2.68,120044.0,2,5.0,6.0,82.6,No,No,No,Suburban,0
19,Male,2.77,4350.0,4,5.6,42.0,79.4,No,No,No,Urban,0
20,Male,3.71,35490.0,2,6.2,39.0,72.4,Yes,Yes,Yes,Urban,1
20,Male,3.09,52639.0,3,1.2,37.0,82.4,No,No,Yes,Rural,0
21,Male,3.71,24072.0,3,6.3,15.0,83.0,No,No,Yes,Suburban,1
23,Female,3.27,5422.0,3,4.1,42.0,87.5,No,No,No,Suburban,1
20,Female,2.83,36568.0,4,3.6,64.0,83.7,No,No,Yes,Urban,0
24,Female,2.79,23762.0,3,1.6,19.0,96.3,Yes,No,No,Urban,1
21,Male,3.31,56608.0,6,9.9,45.0,89.8,No,Yes,No,Urban,1
18,Male,3.45,70822.0,6,4.7,15.0,93.9,No,No,No,Suburban,1
18,Female,3.55,16170.0,2,5.5,27.0,95.9,No,No,No,Urban,1
19,Male,2.86,25734.0,4,2.7,15.0,99.1,Yes,No,No,Urban,1
21,Male,3.1,26754.0,3,1.6,103.0,95.8,No,No,No,Urban,1
18,Male,3.32,70148.0,5,6.8,90.0,80.9,No,Yes,No,Rural,1
25,Male,2.79,45151.0,4,2.0,3.0,94.9,No,No,Yes,Suburban,0
20,Male,2.38,16732.0,7,7.9,52.0,90.6,No,Yes,No,Suburban,1
24,Female,2.56,84978.0,5,9.0,24.0,98.8,No,No,No,Suburban,1
22,Male,2.87,24016.0,6,3.3,46.0,88.2,No,Yes,No,Urban,1
19,Female,3.36,29247.0,2,4.0,33.0,97.2,No,Yes,No,Urban,1
18,Female,3.69,20161.0,5,0.0,101.0,88.8,No,Yes,No,Suburban,1
23,Female,2.25,47569.0,2,1.2,76.0,89.1,Yes,No,No,Rural,0
19,Male,2.67,32950.0,5,6.4,136.0,93.3,No,No,No,Rural,0
18,Male,2.8,101317.0,1,7.8,34.0,85.5,No,Yes,No,Suburban,0
25,Male,3.44,45578.0,3,3.3,49.0,92.4,No,No,No,Suburban,0
20,Male,2.71,21178.0,8,3.6,11.0,75.9,No,No,No,Suburban,0
16,Male,2.76,42172.0,5,1.5,19.0,91.9,No,No,No,Urban,0
20,Female,2.22,110544.0,5,2.5,171.0,77.8,No,No,Yes,Suburban,0
20,Male,3.27,15116.0,4,7.9,59.0,92.4,No,No,Yes,Suburban,1
24,Male,2.91,58818.0,5,5.7,8.0,63.0,Yes,No,No,Urban,0
23,Male,2.64,7873.0,3,1.1,69.0,73.5,No,Yes,No,Rural,1
17,Female,2.86,96798.0,1,6.2,36.0,88.4,Yes,No,No,Suburban,1
17,Female,3.62,29825.0,2,10.0,46.0,88.6,No,No,No,Suburban,1
22,Female,2.45,20699.0,3,4.1,37.0,86.0,No,No,No,Suburban,0
16,Female,2.54,106274.0,5,3.5,25.0,93.8,No,No,No,Suburban,0
19,Female,3.69,40201.0,7,6.3,13.0,95.5,No,Yes,No,Suburban,1
17,Female,3.04,41314.0,4,7.2,38.0,100.0,No,Yes,Yes,Urban,1
16,Male,3.37,30166.0,5,6.8,10.0,88.4,No,No,No,Suburban,0
25,Female,3.22,31168.0,7,4.3,7.0,96.3,No,No,No,Urban,0
16,Female,2.98,7045.0,3,4.1,105.0,81.4,No,Yes,No,Suburban,0
16,Male,2.81,58231.0,4,1.2,21.0,83.6,No,No,No,Suburban,0
25,Female,3.46,12626.0,3,2.3,121.0,81.4,No,No,No,Rural,1
17,Female,3.64,77522.0,6,5.8,5.0,87.1,No,Yes,No,Urban,1
24,Female,3.6,17629.0,3,3.8,67.0,89.8,No,Yes,No,Urban,1
16,Male,2.35,44058.0,2,5.5,28.0,96.3,No,Yes,No,Urban,0
17,Female,3.72,26442.0,4,4.5,14.0,90.8,No,Yes,No,Urban,1
17,Female,2.8,30160.0,3,5.1,11.0,98.7,No,No,No,Suburban,0
23,Male,2.58,34693.0,5,5.0,43.0,98.8,No,No,No,Urban,1
22,Male,2.91,52227.0,4,6.6,18.0,88.3,No,No,No,Suburban,0
20,Male,3.46,104329.0,6,6.9,15.0,87.2,No,Yes,No,Suburban,1
18,Male,3.3,29602.0,4,5.0,32.0,75.8,No,Yes,No,Suburban,1
16,Other,2.86,5775.0,5,4.6,2.0,83.7,No,No,Yes,Rural,1
21,Female,3.46,90187.0,5,4.9,49.0,81.5,No,No,No,Urban,1
18,Male,3.08,64275.0,4,3.3,27.0,81.9,No,No,No,Suburban,0
21,Male,2.68,17050.0,4,7.4,42.0,84.6,No,Yes,No,Rural,1
22,Other,2.61,14526.0,4,3.8,2.0,92.2,No,Yes,No,Suburban,0
24,Male,3.23,53863.0,3,4.6,30.0,90.3,No,No,No,Urban,0
20,Female,2.95,47598.0,4,5.4,1.0,95.9,No,No,No,Urban,0
16,Male,2.24,121051.0,4,5.7,92.0,91.1,No,Yes,No,Urban,0
18,Male,3.47,58624.0,3,5.6,7.0,83.3,No,No,No,Urban,1
24,Female,2.74,25139.0,7,4.7,47.0,94.1,No,No,No,Urban,0
21,Male,3.88,20796.0,1,8.6,14.0,77.0,No,Yes,No,Suburban,1
22,Female,2.23,43040.0,2,5.2,15.0,95.8,No,No,No,Urban,0
20,Male,2.9,7429.0,3,4.4,1.0,81.9,No,Yes,No,Urban,1
17,Female,2.62,10450.0,1,9.0,8.0,69.6,No,No,Yes,Suburban,0
24,Female,2.46,15320.0,3,3.3,219.0,92.4,No,Yes,No,Suburban,1
23,Female,2.73,24636.0,4,8.9,3.0,85.5,No,No,No,Urban,0
25,Male,3.97,39737.0,5,0.6,3.0,97.4,No,No,No,Suburban,0
24,Female,3.08,61260.0,2,4.1,20.0,95.7,Yes,Yes,No,Suburban,1
18,Other,2.56,93673.0,1,1.3,79.0,80.1,No,No,No,Urban,0
18,Male,1.99,82276.0,7,2.0,34.0,100.0,No,No,No,Suburban,0
18,Male,2.05,74043.0,2,6.0,33.0,72.9,No,No,No,Urban,0
25,Female,2.7,29275.0,3,5.6,42.0,91.7,No,No,Yes,Urban,1
21,Male,2.65,21269.0,3,3.7,1.0,99.4,Yes,No,No,Urban,1
20,Female,2.88,53110.0,4,8.6,83.0,79.9,No,No,No,Suburban,0
25,Female,1.75,55446.0,4,7.5,53.0,100.0,No,Yes,No,Suburban,0
22,Male,2.95,16739.0,4,4.9,28.0,89.3,No,No,No,Urban,1
25,Female,3.57,34570.0,2,1.0,81.0,91.0,No,No,Yes,Urban,1
25,Female,3.89,19881.0,2,7.1,80.0,97.4,No,No,No,Rural,1
16,Male,1.96,10069.0,2,3.9,35.0,91.3,No,Yes,Yes,Rural,0
19,Female,2.56,50376.0,3,5.6,37.0,77.4,No,No,No,Urban,0
23,Male,2.53,73087.0,3,6.8,150.0,62.3,No,Yes,No,Suburban,0
24,Male,3.08,114007.0,6,4.1,49.0,80.2,No,No,No,Suburban,0
17,Female,2.33,36543.0,6,7.8,27.0,80.9,No,Yes,Yes,Suburban,0
19,Male,3.93,8272.0,3,4.2,45.0,80.4,No,Yes,Yes,Suburban,1
21,Female,3.02,126981.0,3,6.2,12.0,82.9,No,No,Yes,Urban,0
23,Male,2.93,134192.0,4,6.7,36.0,65.2,No,Yes,No,Rural,0
17,Female,3.88,212903.0,5,7.0,10.0,78.5,No,No,No,Suburban,0
22,Male,2.99,160546.0,5,8.8,22.0,92.4,No,No,No,Suburban,0
18,Female,3.22,48319.0,3,3.2,66.0,96.3,No,Yes,No,Rural,1
18,Female,2.59,41069.0,2,2.5,60.0,82.2,Yes,No,No,Urban,0
21,Female,2.25,68078.0,5,4.3,4.0,93.5,No,No,No,Urban,0
20,Other,2.66,12017.0,2,10.0,94.0,67.3,No,Yes,No,Urban,1
22,Female,4.0,23564.0,6,8.0,128.0,90.2,No,Yes,No,Suburban,1
19,Female,3.35,36924.0,5,3.8,11.0,97.5,No,No,No,Suburban,1
24,Female,3.15,84284.0,3,4.2,6.0,92.1,No,Yes,No,Rural,0
16,Female,2.46,86754.0,4,5.0,21.0,87.8,No,No,No,Urban,0
24,Female,3.5,38463.0,2,5.6,16.0,67.6,No,No,No,Urban,1
16,Female,2.25,13192.0,6,6.4,60.0,100.0,Yes,No,No,Suburban,1
23,Male,2.14,72245.0,3,6.5,8.0,100.0,No,No,No,Rural,0
19,Female,2.69,12357.0,1,7.6,18.0,93.6,No,No,No,Rural,0
19,Female,4.0,26952.0,6,9.4,42.0,98.7,No,No,No,Urban,1
16,Male,4.0,48073.0,3,4.7,80.0,88.0,No,No,No,Rural,1
23,Male,2.75,11046.0,4,4.5,13.0,94.1,No,Yes,No,Urban,0
17,Other,2.63,22366.0,3,4.2,15.0,94.7,No,Yes,No,Suburban,0
22,Male,2.1,79639.0,5,4.4,97.0,87.5,No,Yes,No,Urban,0
23,Male,3.04,68120.0,5,5.8,69.0,81.4,No,No,No,Urban,0
24,Male,3.09,14834.0,2,6.4,25.0,95.0,No,Yes,No,Urban,1
23,Male,3.43,52186.0,1,8.8,23.0,100.0,No,No,No,Urban,1
19,Female,3.5,8124.0,6,3.4,37.0,97.9,No,No,No,Suburban,1
23,Female,2.89,63314.0,4,5.8,44.0,90.7,No,No,No,Urban,0
24,Other,3.31,24066.0,4,3.2,5.0,90.1,No,No,No,Suburban,0
19,Female,2.61,35103.0,3,5.9,3.0,90.6,No,Yes,No,Urban,0
17,Female,3.3,44052.0,7,10.0,104.0,69.7,No,No,No,Urban,0
24,Male,2.72,15681.0,6,4.7,123.0,87.1,No,No,No,Rural,1
17,Female,3.25,22553.0,5,10.0,25.0,86.3,No,No,No,Rural,1
21,Male,3.21,116771.0,3,3.2,42.0,78.3,No,No,Yes,Suburban,0
18,Male,3.04,33226.0,4,4.0,43.0,96.4,No,Yes,No,Suburban,1
17,Other,3.44,45841.0,2,4.2,42.0,90.3,No,Yes,No,Suburban,1
23,Female,2.14,46380.0,2,5.4,26.0,67.1,No,Yes,No,Suburban,0
17,Male,2.41,95334.0,2,4.7,11.0,89.9,No,No,No,Rural,0
22,Female,2.85,70955.0,5,6.7,78.0,98.2,No,No,No,Suburban,0
22,Male,2.21,16438.0,5,0.0,5.0,83.2,No,No,Yes,Urban,0
16,Male,2.78,103247.0,5,2.8,30.0,79.8,No,No,No,Urban,0
17,Male,2.79,128262.0,4,9.2,57.0,77.7,No,No,No,Suburban,0
23,Male,3.72,16347.0,5,1.9,8.0,88.8,No,Yes,No,Urban,1
21,Female,3.08,31637.0,5,4.2,23.0,82.2,No,No,Yes,Urban,0
17,Male,3.57,37783.0,4,6.3,26.0,76.2,No,Yes,Yes,Rural,1
25,Female,3.17,32584.0,2,4.9,105.0,100.0,No,No,No,Suburban,1
18,Male,2.71,63530.0,3,3.1,13.0,89.6,No,No,No,Suburban,0
16,Female,3.07,35275.0,3,6.0,1.0,83.8,No,No,No,Urban,0
25,Female,3.4,27279.0,7,6.8,35.0,100.0,No,No,No,Urban,1
16,Female,3.66,65507.0,8,3.7,58.0,90.2,No,No,No,Rural,1
21,Male,2.93,5974.0,5,5.9,94.0,86.9,Yes,No,No,Urban,1
25,Female,2.09,48380.0,9,6.9,20.0,89.7,No,No,No,Rural,0
21,Female,2.06,58564.0,3,7.4,30.0,83.8,No,Yes,No,Urban,0
21,Male,2.82,99018.0,8,5.8,4.0,86.9,No,No,No,Suburban,0
19,Male,1.71,43443.0,2,8.8,31.0,92.7,No,Yes,No,Suburban,0
17,Male,3.99,8769.0,3,5.1,5.0,100.0,No,No,No,Suburban,1
21,Male,3.33,45340.0,5,2.8,0.0,83.6,No,Yes,No,Rural,1
24,Male,2.65,8077.0,6,4.5,101.0,93.0,No,No,No,Urban,1
16,Male,2.39,54318.0,1,7.7,31.0,76.2,No,No,No,Urban,0
24,Male,3.57,88032.0,7,3.0,25.0,92.0,No,No,No,Urban,0
20,Female,2.39,39265.0,4,0.1,31.0,100.0,No,Yes,No,Urban,0
21,Male,2.44,35307.0,6,6.0,91.0,88.2,No,Yes,Yes,Rural,0
17,Male,2.58,69889.0,2,4.0,47.0,83.4,No,Yes,No,Urban,0
22,Female,3.06,52936.0,5,9.9,148.0,83.7,No,No,No,Suburban,1
17,Male,3.34,66407.0,7,5.6,47.0,91.9,No,No,No,Suburban,1
18,Male,3.66,158342.0,5,7.7,17.0,88.5,No,No,No,Urban,0
23,Male,3.57,28703.0,1,3.9,26.0,84.8,No,Yes,No,Urban,1
16,Male,3.0,56832.0,7,6.3,39.0,93.2,No,Yes,No,Rural,1
20,Male,3.56,104387.0,4,5.8,80.0,81.0,No,Yes,No,Suburban,0
21,Male,2.63,105444.0,4,8.0,47.0,94.9,No,No,Yes,Suburban,0
17,Male,2.0,60617.0,7,5.4,14.0,85.5,No,No,No,Rural,0
18,Other,2.63,34223.0,3,3.8,35.0,93.3,No,No,No,Urban,0
19,Female,2.56,65821.0,3,7.3,31.0,94.7,No,Yes,Yes,Suburban,0
22,Male,2.65,66762.0,6,3.4,38.0,72.5,No,Yes,No,Urban,0
25,Male,2.47,74421.0,2,3.2,11.0,87.4,No,No,Yes,Rural,0
24,Male,2.75,17331.0,4,4.9,87.0,75.8,No,No,No,Urban,1
17,Female,3.34,126092.0,6,4.3,14.0,74.2,No,No,No,Urban,0
16,Female,3.94,104637.0,3,5.0,6.0,86.1,Yes,No,No,Urban,0
16,Male,2.05,40179.0,3,3.5,22.0,90.5,No,Yes,No,Suburban,0
21,Male,2.29,98037.0,3,7.5,6.0,75.6,No,No,No,Rural,0
17,Male,2.56,38157.0,1,7.4,26.0,90.2,No,No,No,Urban,0
18,Female,3.42,113343.0,2,6.8,15.0,81.0,No,Yes,No,Rural,0
24,Female,2.89,45091.0,2,6.6,28.0,88.5,No,No,No,Urban,0
24,Male,2.6,20591.0,4,0.9,17.0,100.0,No,Yes,No,Suburban,0
24,Female,3.39,145013.0,4,5.3,13.0,85.5,No,Yes,No,Urban,0
18,Male,3.53,72448.0,4,6.9,47.0,78.9,No,No,No,Urban,0
22,Female,2.99,36338.0,4,7.9,1.0,87.9,No,No,No,Urban,1
22,Female,2.55,119483.0,3,4.6,44.0,86.5,No,No,No,Urban,0
17,Male,3.15,66310.0,4,7.9,25.0,85.2,No,No,Yes,Rural,0
21,Male,2.87,32967.0,6,5.7,73.0,88.3,No,Yes,No,Suburban,1
21,Female,2.87,120449.0,8,0.0,25.0,86.5,Yes,No,No,Rural,0
19,Male,2.72,74208.0,3,4.8,37.0,78.1,Yes,No,No,Urban,0
23,Female,3.51,53887.0,2,3.2,31.0,94.6,No,Yes,No,Urban,1
22,Male,3.14,43012.0,3,3.7,54.0,98.5,No,No,No,Urban,1
21,Female,3.57,19932.0,2,7.3,41.0,85.0,Yes,No,No,Rural,1
23,Male,3.73,3509.0,8,5.7,229.0,90.8,No,Yes,No,Urban,1
23,Male,3.25,69359.0,8,3.9,1.0,71.6,No,No,No,Suburban,0
21,Male,2.72,16502.0,5,3.5,185.0,87.9,No,Yes,No,Urban,1
18,Male,3.57,19922.0,4,6.0,38.0,100.0,Yes,No,No,Suburban,1
23,Male,3.26,37688.0,2,4.6,96.0,94.4,No,Yes,No,Suburban,1
23,Female,4.0,38390.0,2,6.5,33.0,89.2,No,No,Yes,Urban,1
25,Male,3.17,22221.0,5,3.2,15.0,87.6,No,Yes,No,Rural,0
17,Male,3.38,69315.0,7,4.2,30.0,85.6,No,No,No,Urban,0
20,Male,3.16,9369.0,5,2.5,13.0,91.4,No,Yes,No,Urban,0
25,Male,2.95,68385.0,7,3.8,8.0,96.2,No,No,No,Suburban,0
21,Female,2.86,34504.0,1,9.8,143.0,84.0,No,Yes,Yes,Rural,0
25,Female,3.16,21285.0,4,3.4,55.0,94.0,No,Yes,No,Urban,1
16,Male,3.29,10301.0,3,4.0,11.0,81.5,No,Yes,No,Urban,1
16,Female,3.63,48359.0,7,3.2,53.0,84.5,No,No,No,Urban,1
23,Female,3.17,15366.0,3,4.6,25.0,79.1,No,No,No,Urban,0
19,Other,2.75,13379.0,4,4.8,139.0,89.3,No,No,No,Urban,0
21,Male,2.82,103648.0,6,7.7,4.0,88.7,No,No,No,Rural,0
20,Male,2.27,12172.0,3,4.1,76.0,91.2,No,No,No,Rural,0
20,Male,3.91,9183.0,5,5.3,91.0,90.5,Yes,Yes,No,Suburban,1
25,Female,2.7,64717.0,4,0.9,31.0,93.8,No,No,No,Rural,0
16,Female,3.53,51188.0,5,3.1,1.0,100.0,Yes,No,No,Suburban,0
23,Male,3.15,27072.0,2,7.4,21.0,93.9,Yes,Yes,No,Urban,1
24,Male,3.17,18839.0,5,3.1,26.0,72.2,No,No,No,Urban,0
22,Female,2.94,23449.0,9,6.7,25.0,86.0,No,No,Yes,Suburban,1
19,Female,2.57,27673.0,2,3.0,156.0,87.7,No,No,No,Suburban,0
17,Male,2.47,59701.0,2,4.6,18.0,75.3,No,No,No,Suburban,0
22,Female,3.95,49192.0,5,8.8,64.0,94.6,No,No,No,Suburban,1
20,Male,3.06,31638.0,1,6.6,43.0,100.0,No,Yes,No,Suburban,1
17,Male,3.62,31368.0,6,0.7,143.0,81.1,No,No,No,Urban,1
19,Female,3.76,66736.0,6,10.0,3.0,98.1,No,No,No,Urban,1
25,Female,2.77,21218.0,5,2.7,32.0,96.6,No,No,No,Urban,0
18,Other,3.23,9948.0,3,9.1,62.0,90.2,No,Yes,No,Urban,1
17,Male,3.02,96375.0,8,4.0,3.0,94.6,Yes,No,No,Urban,0
22,Male,2.36,31668.0,1,2.3,71.0,81.9,No,No,No,Urban,0
17,Male,2.9,135637.0,1,4.0,8.0,97.2,No,No,No,Urban,0
25,Male,3.32,28267.0,1,3.6,56.0,98.1,Yes,No,No,Urban,1
24,Male,2.73,41347.0,7,3.8,117.0,91.8,No,Yes,No,Urban,1
25,Male,2.82,19781.0,2,5.1,16.0,90.4,No,No,No,Urban,1
25,Male,2.9,49765.0,5,6.1,0.0,81.7,No,Yes,No,Suburban,0
18,Male,4.0,31972.0,5,8.1,63.0,95.6,No,No,No,Suburban,1
18,Male,1.99,34989.0,2,5.5,40.0,88.1,No,No,No,Urban,0
19,Female,3.28,44661.0,3,5.2,57.0,86.9,No,No,No,Urban,1
20,Male,2.86,28775.0,2,3.4,1.0,95.6,No,No,No,Urban,1
24,Female,2.65,48634.0,5,4.4,8.0,85.7,No,No,No,Urban,0
23,Female,2.85,23736.0,7,3.9,38.0,82.4,No,No,Yes,Urban,0
22,Female,3.37,46855.0,4,2.0,7.0,96.7,No,No,No,Urban,0
24,Male,3.4,8155.0,5,10.0,2.0,75.9,No,No,No,Urban,1
22,Male,3.1,12173.0,2,5.5,133.0,93.8,No,No,No,Suburban,1
19,Female,3.6,19502.0,4,5.6,16.0,78.2,No,No,No,Urban,0
20,Female,3.7,14613.0,3,7.7,23.0,73.5,No,Yes,Yes,Urban,1
21,Male,3.45,15698.0,5,0.0,34.0,93.3,No,No,No,Suburban,0
16,Male,2.7,57221.0,6,9.9,13.0,90.6,No,Yes,No,Urban,1
23,Female,3.27,32643.0,2,3.1,51.0,82.9,No,No,No,Suburban,0
22,Male,3.27,28776.0,4,3.1,1.0,78.8,No,Yes,No,Rural,0
23,Female,2.55,48957.0,3,3.8,16.0,90.7,No,No,Yes,Urban,0
21,Male,2.14,51618.0,6,7.2,119.0,84.3,No,Yes,No,Rural,0
23,Male,1.89,26243.0,2,9.7,12.0,94.3,No,No,No,Urban,1
25,Female,3.04,80829.0,7,8.6,9.0,83.4,No,No,No,Urban,1
21,Male,3.16,34081.0,3,3.9,4.0,84.6,No,Yes,No,Urban,1
20,Female,2.35,60995.0,4,1.0,8.0,96.9,No,No,Yes,Suburban,0
17,Male,3.58,23707.0,3,4.1,11.0,79.8,No,Yes,No,Rural,1
23,Male,3.08,47608.0,1,3.6,208.0,76.4,No,Yes,No,Suburban,1
25,Female,3.74,64932.0,4,1.4,9.0,80.5,No,Yes,Yes,Suburban,1
22,Male,3.2,59911.0,6,6.3,64.0,89.9,No,No,No,Suburban,0
24,Male,2.41,56183.0,3,5.0,7.0,100.0,No,No,No,Urban,0
24,Female,3.25,22767.0,8,6.1,12.0,89.2,No,No,No,Suburban,1
23,Female,3.37,14026.0,1,6.6,57.0,81.0,No,Yes,No,Urban,1
21,Female,2.7,12566.0,7,6.5,4.0,81.4,No,Yes,No,Rural,1
16,Male,2.21,27718.0,1,4.9,31.0,91.3,No,No,Yes,Rural,0
16,Male,3.06,26177.0,6,8.6,30.0,74.1,No,Yes,No,Urban,0
18,Female,2.45,52219.0,4,3.9,8.0,72.9,Yes,No,No,Urban,0
20,Male,3.62,40189.0,5,3.6,37.0,89.6,No,No,No,Urban,0
23,Male,2.78,12904.0,4,4.5,36.0,95.1,No,No,No,Rural,1
20,Female,3.95,72753.0,4,6.2,22.0,95.3,Yes,No,No,Urban,1
16,Male,1.83,45780.0,3,6.5,14.0,90.8,No,Yes,No,Urban,0
18,Male,3.07,21524.0,8,4.3,4.0,97.6,No,No,Yes,Suburban,1
25,Male,3.79,24621.0,1,4.3,83.0,86.5,No,No,No,Urban,1
25,Male,2.51,95921.0,5,7.9,16.0,85.0,Yes,No,No,Suburban,0
19,Female,2.91,14614.0,2,2.1,9.0,87.6,No,No,No,Urban,0
24,Female,2.78,99249.0,3,10.0,171.0,90.4,No,No,Yes,Rural,0
23,Male,2.62,32009.0,7,4.3,101.0,100.0,No,Yes,Yes,Rural,1
25,Male,3.13,33674.0,3,4.6,32.0,86.4,No,No,No,Suburban,0
24,Female,2.29,49149.0,6,5.8,28.0,89.4,No,Yes,No,Urban,1
22,Male,2.94,9703.0,3,6.2,18.0,100.0,No,No,No,Urban,1
19,Female,3.28,45643.0,3,3.6,32.0,92.4,No,Yes,No,Urban,1
22,Female,2.88,64064.0,4,5.7,21.0,74.6,No,No,No,Suburban,0
19,Female,2.45,27138.0,5,2.9,54.0,100.0,No,No,No,Suburban,0
19,Male,3.57,37856.0,4,3.7,204.0,90.6,No,No,Yes,Urban,0
22,Other,3.4,137572.0,7,1.5,22.0,65.3,No,No,No,Rural,0
21,Male,2.43,68809.0,3,5.3,1.0,84.7,No,No,Yes,Urban,0
21,Female,2.29,18254.0,3,4.6,51.0,82.2,No,No,Yes,Rural,0
19,Female,2.48,25843.0,8,0.6,99.0,84.2,No,No,No,Urban,0
20,Female,3.3,31259.0,1,3.5,4.0,87.7,No,Yes,No,Urban,1
16,Female,3.15,71755.0,4,4.9,195.0,93.8,No,Yes,No,Suburban,0
22,Female,3.43,18198.0,4,6.9,51.0,98.1,No,No,No,Rural,0
21,Male,2.82,60023.0,3,2.2,8.0,98.4,No,No,No,Rural,0
25,Male,2.49,60292.0,6,4.3,55.0,100.0,No,No,No,Suburban,1
21,Female,3.51,39611.0,5,2.6,6.0,86.4,Yes,Yes,Yes,Rural,1
20,Female,2.7,73379.0,2,6.6,4.0,71.3,No,No,No,Urban,0
16,Male,3.1,19775.0,6,3.5,17.0,68.0,No,Yes,No,Rural,1
17,Female,2.15,83322.0,5,6.1,6.0,94.2,No,Yes,No,Suburban,0
19,Female,2.69,7754.0,3,4.2,81.0,87.5,No,Yes,No,Urban,1
19,Male,3.56,18112.0,4,1.3,4.0,100.0,No,No,No,Rural,1
19,Male,2.61,7949.0,7,4.8,30.0,91.7,No,Yes,No,Urban,1
19,Male,3.45,20740.0,4,2.4,8.0,74.0,No,No,No,Urban,0
23,Male,1.72,61042.0,3,7.5,28.0,83.2,No,Yes,No,Urban,0
17,Male,2.69,50641.0,3,9.0,32.0,91.4,No,No,No,Suburban,0
19,Male,2.91,45359.0,1,6.4,15.0,79.1,Yes,Yes,No,Urban,1
17,Male,3.96,20462.0,5,3.6,41.0,100.0,Yes,No,No,Suburban,1
19,Male,2.36,37390.0,4,5.0,34.0,84.5,No,Yes,No,Suburban,0
22,Female,3.37,83877.0,6,5.6,74.0,85.4,No,Yes,No,Suburban,1
16,Male,3.58,21197.0,1,7.4,55.0,75.2,No,Yes,No,Rural,1
19,Other,2.6,22019.0,6,4.6,28.0,100.0,No,Yes,No,Suburban,1
16,Female,2.79,22793.0,4,5.9,58.0,86.4,No,No,Yes,Urban,0
25,Female,3.08,43656.0,10,1.3,35.0,90.3,No,No,No,Urban,1
23,Other,2.19,57366.0,6,5.5,6.0,81.8,Yes,No,No,Suburban,0
18,Female,2.75,66531.0,2,3.1,1.0,84.8,No,Yes,No,Urban,0
17,Male,3.7,31196.0,7,5.1,10.0,90.5,No,Yes,No,Urban,1
16,Female,3.29,28996.0,4,2.7,29.0,91.5,No,No,Yes,Urban,0
20,Male,2.91,24931.0,2,5.9,35.0,92.6,No,Yes,No,Urban,0
23,Female,3.06,54913.0,3,6.4,2.0,96.1,No,No,No,Suburban,0
21,Female,3.32,10068.0,2,4.5,75.0,93.5,No,Yes,No,Suburban,0
24,Male,3.42,34418.0,1,3.1,55.0,92.4,No,No,No,Suburban,0
19,Male,2.69,34585.0,4,6.3,115.0,82.7,No,Yes,No,Suburban,0
18,Female,3.84,60866.0,5,8.4,22.0,86.2,No,No,No,Urban,1
20,Male,3.72,13020.0,5,9.2,57.0,78.2,No,Yes,Yes,Urban,1
18,Male,3.37,64094.0,4,5.9,25.0,84.0,No,No,No,Rural,0
25,Male,2.54,52613.0,5,5.6,28.0,91.4,No,No,No,Rural,0
17,Male,2.44,118054.0,2,2.1,57.0,91.2,No,Yes,No,Rural,0
20,Female,2.82,103914.0,2,7.9,75.0,93.3,No,Yes,No,Suburban,1
21,Female,3.03,79981.0,5,0.0,46.0,99.8,No,Yes,Yes,Suburban,0
16,Male,2.03,5696.0,4,7.6,7.0,77.5,No,No,No,Suburban,0
20,Male,3.27,14209.0,5,5.1,34.0,73.1,No,No,No,Urban,1
20,Male,3.71,73572.0,4,0.0,45.0,85.9,No,No,No,Rural,1
18,Male,3.32,33798.0,2,5.7,101.0,99.8,No,No,No,Urban,0
17,Female,2.63,103806.0,3,4.7,49.0,99.5,No,No,No,Suburban,0
16,Female,2.56,40311.0,3,4.0,16.0,89.6,No,No,No,Suburban,0
16,Male,3.16,59436.0,4,4.4,50.0,85.7,No,Yes,Yes,Suburban,0
20,Female,2.92,56570.0,1,5.0,62.0,90.1,No,Yes,Yes,Urban,1
16,Male,3.24,39547.0,3,5.0,228.0,97.0,No,No,No,Suburban,1
25,Female,3.33,74391.0,7,1.8,104.0,81.8,No,No,No,Suburban,0
18,Female,3.6,62639.0,3,5.9,20.0,83.4,No,No,No,Suburban,0
22,Female,2.38,15441.0,6,4.2,45.0,88.8,No,No,No,Rural,0
22,Female,3.12,143532.0,3,8.5,43.0,97.0,No,Yes,Yes,Urban,0
20,Female,2.8,14225.0,4,6.9,8.0,94.7,No,Yes,No,Rural,0
24,Male,2.95,21945.0,6,7.1,6.0,72.2,No,Yes,No,Rural,1
17,Male,3.48,58755.0,8,9.1,48.0,94.7,No,Yes,No,Rural,1
18,Male,3.54,51497.0,1,6.6,50.0,87.9,No,No,No,Suburban,1
18,Female,3.77,66202.0,5,4.7,49.0,93.1,No,No,Yes,Urban,1
17,Female,3.23,32959.0,4,0.0,17.0,86.3,Yes,No,No,Urban,1
18,Female,2.94,54128.0,6,5.5,5.0,92.0,Yes,No,No,Urban,0
19,Female,2.86,23198.0,4,8.8,16.0,88.4,Yes,No,No,Rural,1
23,Male,2.05,40301.0,3,7.0,162.0,83.6,No,No,Yes,Urban,0
19,Female,3.74,95841.0,4,3.9,11.0,81.9,No,No,No,Urban,0
24,Female,2.82,14157.0,2,5.1,35.0,86.5,No,No,No,Suburban,0
23,Male,3.28,77440.0,6,3.8,11.0,77.6,No,Yes,No,Urban,0
25,Male,3.37,34783.0,3,5.7,23.0,84.5,No,Yes,No,Suburban,0
17,Male,2.32,19251.0,2,3.9,16.0,85.4,No,No,No,Rural,0
25,Male,2.49,20396.0,3,8.2,66.0,96.3,No,Yes,No,Urban,0
22,Female,3.85,34014.0,3,5.3,10.0,93.3,No,Yes,No,Urban,1
25,Female,3.16,79803.0,4,5.6,2.0,100.0,No,Yes,No,Urban,0
19,Female,2.68,53904.0,6,3.2,37.0,74.6,No,Yes,No,Urban,0
25,Male,2.93,13095.0,4,4.1,19.0,85.9,No,No,No,Suburban,0
21,Female,3.6,74827.0,2,2.5,38.0,97.9,No,No,No,Rural,1
16,Female,3.51,66785.0,5,8.1,44.0,90.2,Yes,Yes,No,Suburban,1
20,Male,2.19,7853.0,9,3.9,62.0,86.3,No,No,No,Urban,0
17,Female,3.9,18502.0,3,5.4,15.0,80.5,No,No,No,Suburban,1
25,Male,3.53,85275.0,7,1.6,151.0,93.6,No,Yes,Yes,Urban,1
19,Male,2.92,39700.0,3,2.3,1.0,89.5,Yes,Yes,No,Urban,1
18,Male,2.34,74529.0,7,4.4,64.0,85.3,No,No,No,Rural,0
21,Male,3.58,4021.0,6,4.3,31.0,96.1,No,Yes,Yes,Rural,1
20,Female,3.26,2296.0,5,5.5,16.0,100.0,No,No,No,Suburban,0
16,Male,2.2,61563.0,1,9.4,4.0,80.9,No,Yes,No,Suburban,0
24,Male,2.87,25052.0,5,0.6,0.0,92.7,No,No,No,Suburban,0
24,Male,4.0,63927.0,7,7.2,16.0,89.1,No,No,No,Suburban,1
23,Male,3.01,75182.0,4,6.1,33.0,93.2,Yes,Yes,No,Suburban,0
22,Male,2.59,25424.0,7,3.6,30.0,98.6,No,No,Yes,Urban,1
20,Male,2.45,37019.0,4,4.0,4.0,99.4,No,No,No,Urban,0
21,Female,3.97,31157.0,8,7.5,11.0,84.0,No,No,No,Urban,1
21,Male,3.47,25088.0,4,4.9,33.0,74.7,No,No,No,Suburban,0
17,Female,3.77,46441.0,3,4.3,23.0,87.3,No,No,No,Urban,0
16,Male,3.14,70136.0,4,2.7,91.0,87.3,No,No,No,Suburban,0
18,Female,3.69,22095.0,4,3.2,73.0,66.0,No,No,No,Suburban,1
20,Female,2.53,22004.0,7,2.3,15.0,96.1,Yes,No,No,Suburban,1
17,Male,3.09,25604.0,4,6.9,34.0,83.8,No,No,No,Suburban,1
17,Male,3.16,58817.0,3,3.3,65.0,87.6,No,No,Yes,Suburban,0
24,Female,3.76,74837.0,3,2.4,15.0,83.4,No,Yes,Yes,Suburban,0
19,Male,3.18,30753.0,4,5.4,113.0,86.3,No,No,No,Rural,0
21,Female,2.66,6075.0,2,3.2,45.0,98.2,No,No,No,Suburban,1
21,Male,3.04,16546.0,5,8.4,12.0,88.7,Yes,Yes,No,Urban,1
23,Male,2.08,29343.0,1,5.1,14.0,100.0,No,No,No,Urban,0
23,Female,1.72,19767.0,3,5.5,42.0,93.0,No,Yes,No,Suburban,0
18,Female,3.46,12996.0,4,5.5,12.0,93.6,No,No,No,Urban,1
24,Male,2.79,41063.0,6,6.3,60.0,86.4,No,Yes,No,Urban,1
19,Female,2.86,166193.0,1,6.6,151.0,87.5,No,No,No,Suburban,0
24,Female,3.46,17532.0,6,5.1,7.0,96.3,Yes,No,Yes,Urban,1
20,Male,3.77,46750.0,7,2.8,14.0,97.5,No,No,No,Suburban,1
17,Male,3.29,56885.0,10,4.7,8.0,90.1,No,Yes,No,Urban,0
23,Male,4.0,60038.0,4,5.1,28.0,92.5,No,Yes,No,Suburban,1
16,Male,3.28,37857.0,6,1.4,45.0,86.9,No,Yes,No,Urban,1
23,Female,3.17,13621.0,5,0.4,4.0,89.8,No,No,No,Rural,1
16,Male,3.13,69851.0,4,2.3,14.0,88.7,No,Yes,No,Urban,0
18,Male,2.29,9147.0,6,0.7,1.0,88.3,No,No,No,Urban,0
22,Female,3.53,35036.0,4,3.9,9.0,96.0,No,No,No,Rural,0
25,Female,1.65,32423.0,2,3.3,100.0,87.6,No,No,No,Rural,0
20,Female,2.68,14675.0,2,5.2,26.0,83.0,No,No,No,Urban,0
17,Female,3.01,25604.0,2,6.6,16.0,85.8,No,No,No,Rural,0
18,Male,2.57,58672.0,1,5.6,83.0,85.7,No,No,No,Suburban,0
24,Female,2.75,35028.0,6,6.0,3.0,91.5,No,No,No,Suburban,0
23,Male,4.0,10837.0,3,7.1,124.0,83.5,No,Yes,No,Urban,1
17,Male,3.61,64356.0,4,4.3,81.0,97.0,No,No,No,Urban,1
19,Male,2.62,115877.0,3,0.0,23.0,85.8,No,Yes,No,Suburban,0
18,Female,2.74,12369.0,3,1.2,31.0,100.0,No,Yes,No,Urban,1
17,Female,2.3,37216.0,5,6.1,62.0,88.2,No,Yes,No,Urban,0
24,Male,3.39,38232.0,2,5.4,163.0,92.2,Yes,Yes,No,Urban,1
22,Female,2.86,12075.0,2,6.5,19.0,95.9,No,No,No,Suburban,0
17,Female,1.92,87153.0,7,10.0,104.0,97.8,No,No,No,Urban,0
22,Male,3.06,38835.0,4,5.5,2.0,93.0,No,No,No,Urban,0
20,Female,3.24,71444.0,6,4.8,91.0,100.0,No,No,No,Urban,1
16,Male,3.53,48805.0,2,5.8,34.0,88.0,No,No,No,Urban,0
20,Other,2.96,85042.0,2,2.4,7.0,75.9,No,No,No,Urban,0
17,Male,2.8,48315.0,6,6.7,84.0,87.7,No,No,No,Suburban,0
18,Male,4.0,27849.0,3,4.6,18.0,94.4,No,No,No,Urban,1
24,Male,3.0,55663.0,5,8.7,68.0,91.6,No,No,No,Suburban,1
23,Male,3.4,20223.0,9,1.5,11.0,79.9,No,No,No,Urban,1
17,Female,2.7,59419.0,4,5.0,48.0,85.3,Yes,No,No,Rural,0
24,Female,3.38,17504.0,3,3.6,59.0,81.5,Yes,Yes,No,Urban,1
21,Male,2.2,36273.0,2,2.7,38.0,82.7,No,No,No,Suburban,0
24,Female,2.75,31185.0,4,6.4,30.0,87.3,No,No,No,Suburban,0
23,Female,2.34,45946.0,4,4.3,45.0,91.7,No,No,No,Rural,0
19,Female,2.67,94152.0,6,7.9,26.0,82.2,No,No,No,Urban,0
21,Female,3.69,24917.0,6,3.8,33.0,82.9,No,Yes,Yes,Suburban,1
21,Male,2.66,68442.0,4,4.1,32.0,93.7,No,Yes,No,Urban,0
23,Male,3.4,86872.0,2,9.4,32.0,81.1,No,No,No,Suburban,0
18,Female,3.83,67057.0,2,2.0,18.0,80.8,No,Yes,No,Urban,1
19,Female,2.98,45708.0,8,3.3,27.0,100.0,No,Yes,No,Urban,0
18,Female,3.55,44089.0,4,0.0,160.0,83.8,No,No,Yes,Urban,0
18,Female,3.29,23704.0,1,4.0,69.0,73.4,No,No,Yes,Urban,0
17,Male,3.06,9313.0,4,6.5,12.0,78.1,Yes,No,No,Urban,1
16,Female,3.41,39859.0,5,5.9,11.0,72.1,No,No,No,Urban,0
25,Male,4.0,91812.0,5,5.3,15.0,100.0,No,Yes,No,Rural,1
16,Male,2.65,100160.0,3,3.1,34.0,87.4,No,Yes,No,Suburban,0
24,Male,2.47,11311.0,2,4.6,67.0,79.7,No,Yes,No,Suburban,1
16,Male,2.44,98194.0,6,4.1,49.0,92.5,No,Yes,No,Rural,0
23,Female,3.55,57438.0,4,5.0,19.0,100.0,No,Yes,No,Urban,1
19,Male,3.62,53065.0,4,5.4,35.0,86.6,Yes,No,No,Urban,1
21,Female,2.7,91368.0,3,4.2,14.0,100.0,No,No,Yes,Urban,0
18,Female,1.83,74925.0,3,5.1,8.0,85.3,No,No,No,Suburban,0
20,Female,2.63,17250.0,1,4.8,100.0,78.6,No,No,No,Rural,0
20,Female,3.3,21556.0,5,3.5,41.0,100.0,No,No,No,Suburban,1
21,Male,2.96,8185.0,1,5.2,17.0,82.2,No,No,Yes,Urban,0
19,Male,3.1,51439.0,10,2.2,4.0,83.5,No,Yes,No,Rural,1
21,Male,2.71,19064.0,7,5.4,39.0,96.3,No,Yes,No,Urban,1
24,Male,3.56,27075.0,1,2.6,59.0,88.3,No,Yes,No,Urban,1
20,Female,3.19,84366.0,7,4.9,8.0,87.1,No,No,Yes,Urban,1
19,Male,3.32,56235.0,2,6.0,4.0,86.0,Yes,No,No,Suburban,0
17,Male,3.09,57259.0,2,3.0,51.0,82.7,No,No,No,Rural,0
19,Male,3.29,141728.0,1,7.3,35.0,89.4,No,Yes,No,Suburban,1
17,Female,3.25,1323.0,6,8.9,1.0,91.9,No,No,No,Rural,1
17,Female,2.49,19969.0,4,3.6,42.0,86.2,No,Yes,Yes,Urban,0
25,Male,3.21,31053.0,3,4.7,60.0,92.5,No,Yes,No,Suburban,0
16,Female,3.44,21091.0,4,7.7,77.0,91.3,No,No,Yes,Suburban,1
20,Female,3.64,71051.0,5,1.0,83.0,91.1,No,No,No,Rural,0
24,Female,3.23,33880.0,6,5.1,5.0,85.7,Yes,No,No,Rural,1
25,Male,2.47,15663.0,4,4.3,5.0,85.0,No,No,No,Urban,0
17,Female,2.55,48374.0,3,7.0,7.0,91.0,Yes,No,No,Rural,0
17,Male,2.76,54159.0,1,4.5,13.0,78.4,No,Yes,No,Suburban,1
19,Male,3.1,16832.0,1,6.0,6.0,100.0,No,No,Yes,Urban,0
21,Female,2.93,35136.0,9,3.2,6.0,67.9,No,Yes,No,Urban,1
25,Female,2.38,55044.0,6,7.1,36.0,83.5,No,No,Yes,Rural,0
18,Male,2.38,87490.0,5,2.5,24.0,92.1,No,No,No,Rural,0
17,Female,1.85,22941.0,4,6.9,27.0,93.8,No,Yes,No,Suburban,0
18,Male,1.28,59262.0,6,5.2,37.0,81.2,No,No,No,Suburban,0
24,Female,2.93,25784.0,3,0.0,7.0,82.8,No,No,Yes,Suburban,0
16,Other,4.0,42243.0,3,5.1,1.0,88.4,No,Yes,No,Suburban,1
19,Female,3.99,18171.0,7,6.3,11.0,77.1,Yes,Yes,No,Urban,1
17,Female,2.46,58041.0,3,2.3,0.0,78.4,No,Yes,No,Urban,0
17,Female,3.08,78009.0,6,3.1,11.0,95.0,No,Yes,No,Suburban,1
25,Female,2.19,36294.0,3,5.2,4.0,94.5,No,Yes,Yes,Urban,0
16,Female,2.28,32937.0,6,3.9,84.0,88.1,No,No,No,Suburban,0
19,Female,2.34,30637.0,4,5.7,6.0,94.2,No,Yes,No,Rural,0
25,Male,2.88,14120.0,5,4.5,23.0,88.7,No,No,No,Urban,0
22,Female,2.9,65952.0,6,2.1,17.0,81.8,No,No,No,Suburban,0
16,Male,3.14,86039.0,4,10.0,12.0,78.7,No,No,No,Rural,0
20,Other,3.36,21894.0,3,4.3,7.0,93.0,No,Yes,Yes,Suburban,1
25,Male,2.81,46379.0,4,5.3,26.0,82.6,No,No,No,Urban,0
20,Male,3.02,56970.0,1,8.9,58.0,94.5,No,No,No,Suburban,1
21,Female,2.4,25434.0,2,6.9,4.0,85.6,No,Yes,No,Suburban,0
21,Male,2.26,99893.0,2,6.2,35.0,98.4,No,No,Yes,Urban,0
22,Male,2.18,46985.0,5,7.3,28.0,80.3,No,No,No,Suburban,0
17,Female,3.36,11297.0,2,6.2,57.0,78.9,No,No,No,Suburban,0
24,Male,2.81,80757.0,3,6.2,44.0,89.6,No,No,No,Rural,0
25,Male,1.97,37363.0,3,6.2,30.0,85.2,No,Yes,No,Suburban,0
17,Female,2.97,28947.0,1,4.6,35.0,89.2,Yes,No,No,Suburban,1
24,Male,2.31,62640.0,4,7.4,84.0,87.4,Yes,Yes,No,Suburban,1
24,Male,3.91,26116.0,8,6.5,42.0,83.9,Yes,No,No,Urban,1
23,Male,2.68,95867.0,10,0.0,52.0,85.9,No,No,No,Suburban,0
19,Male,3.37,82614.0,5,6.9,18.0,70.5,No,No,No,Urban,0
20,Male,3.6,104390.0,8,3.3,15.0,99.9,No,Yes,No,Urban,0
24,Male,2.47,136772.0,6,5.5,46.0,82.9,No,No,Yes,Suburban,0
17,Female,3.04,56377.0,4,1.3,15.0,91.5,No,Yes,No,Urban,0
24,Female,3.3,39935.0,5,3.7,20.0,71.4,No,No,No,Rural,0
25,Male,3.06,25306.0,1,4.2,38.0,80.9,No,No,No,Urban,0
22,Male,3.2,60146.0,2,6.2,163.0,90.0,No,No,No,Rural,0
19,Female,2.27,134397.0,7,3.7,21.0,100.0,No,No,No,Rural,0
21,Female,3.3,14214.0,4,0.2,29.0,91.5,Yes,Yes,No,Rural,1
16,Male,2.73,49788.0,7,3.9,8.0,92.4,No,No,No,Urban,0
25,Male,3.19,11141.0,4,4.2,67.0,84.0,No,Yes,No,Urban,1
19,Male,3.51,10701.0,6,6.4,4.0,87.8,No,No,No,Suburban,1
16,Female,3.37,87894.0,5,5.3,6.0,86.3,No,No,No,Rural,0
23,Female,3.19,78852.0,5,3.3,15.0,90.4,No,No,No,Urban,1
22,Female,3.35,24271.0,5,5.6,29.0,97.8,No,Yes,Yes,Urban,1
22,Male,3.38,16550.0,6,9.0,51.0,85.1,Yes,Yes,No,Suburban,1
16,Male,3.82,107021.0,3,7.6,11.0,88.1,No,No,No,Suburban,0
23,Male,2.98,17629.0,2,0.8,74.0,84.8,No,Yes,No,Urban,1
22,Male,3.09,13140.0,3,10.0,134.0,85.8,No,No,No,Urban,0
23,Male,3.51,18132.0,4,7.6,111.0,97.0,No,No,No,Rural,1
24,Female,2.73,53419.0,9,8.5,14.0,91.5,No,No,No,Urban,0
18,Male,2.27,148880.0,3,1.7,74.0,90.5,No,Yes,No,Urban,0
18,Female,3.27,25618.0,5,4.1,76.0,86.9,No,No,No,Rural,0
25,Male,2.89,87168.0,2,6.3,51.0,81.0,No,Yes,No,Rural,0
21,Male,2.34,43748.0,2,2.5,30.0,93.5,Yes,Yes,No,Suburban,0
20,Female,3.28,6134.0,4,6.2,82.0,94.6,No,No,Yes,Suburban,1
18,Female,3.79,26256.0,1,8.6,14.0,95.0,No,No,No,Urban,1
22,Male,2.1,79432.0,8,4.3,27.0,87.8,No,No,No,Urban,0
23,Female,3.56,76639.0,5,8.7,71.0,81.7,No,No,No,Suburban,1
16,Male,1.6,23313.0,2,6.5,45.0,93.1,No,Yes,Yes,Urban,0
21,Male,2.78,65720.0,3,0.9,79.0,96.6,No,No,No,Suburban,0
25,Male,4.0,36780.0,2,3.1,30.0,94.6,No,Yes,No,Suburban,1
18,Male,2.82,52005.0,3,7.4,47.0,81.7,No,Yes,No,Rural,1
18,Female,3.05,90380.0,5,2.7,13.0,91.0,No,No,No,Urban,0
24,Male,3.42,24087.0,3,7.4,45.0,72.4,No,Yes,No,Urban,1
16,Female,2.06,29997.0,7,6.3,53.0,98.7,No,Yes,No,Urban,1
19,Female,3.04,91474.0,3,5.7,48.0,89.3,Yes,No,No,Rural,1
20,Male,3.04,139061.0,3,3.7,31.0,89.5,No,No,No,Suburban,0
23,Male,4.0,73016.0,5,5.7,140.0,100.0,No,No,Yes,Suburban,1
17,Male,2.32,49775.0,4,8.7,47.0,83.3,Yes,No,No,Suburban,0
20,Female,2.79,72569.0,3,4.1,30.0,88.9,No,No,No,Urban,0
17,Female,2.49,26140.0,5,6.3,60.0,81.1,No,No,No,Suburban,0
23,Female,2.43,41956.0,4,9.4,23.0,76.0,No,No,No,Suburban,0
22,Male,3.62,10585.0,2,5.6,81.0,90.2,No,No,No,Rural,1
20,Male,3.01,26611.0,3,3.9,10.0,89.9,No,No,Yes,Urban,0
19,Female,2.69,54260.0,1,3.9,3.0,71.0,No,Yes,No,Suburban,0
17,Male,2.72,46386.0,5,0.4,11.0,93.8,No,No,No,Urban,0
25,Female,2.69,4133.0,5,2.3,3.0,87.7,No,No,No,Urban,0
22,Male,2.74,33600.0,6,5.7,55.0,94.0,No,Yes,No,Suburban,1
19,Male,2.3,45720.0,6,7.1,74.0,89.9,No,No,Yes,Suburban,0
20,Female,2.86,46985.0,1,4.1,1.0,96.4,No,No,No,Urban,0
23,Female,2.8,12886.0,7,7.1,37.0,97.3,No,No,No,Suburban,1
23,Female,2.58,66569.0,2,7.0,55.0,89.6,No,No,No,Rural,0
20,Male,3.09,126684.0,6,3.3,13.0,95.4,No,Yes,No,Suburban,0
19,Female,3.13,72016.0,1,3.7,35.0,95.1,No,No,No,Urban,0
22,Female,2.69,41978.0,3,2.0,15.0,78.5,No,No,No,Urban,0
22,Female,2.92,108685.0,4,6.6,6.0,80.9,No,No,No,Urban,0
21,Female,4.0,26200.0,4,5.0,35.0,79.9,No,Yes,No,Urban,1
16,Female,4.0,60836.0,6,7.0,41.0,93.3,No,No,Yes,Urban,1
20,Female,2.42,38782.0,1,4.9,162.0,82.3,No,No,No,Urban,0
22,Male,2.5,109460.0,1,2.9,13.0,71.7,No,Yes,No,Rural,0
25,Male,2.42,18773.0,3,6.7,12.0,79.9,No,No,No,Suburban,0
21,Female,3.58,18733.0,1,0.6,64.0,84.9,No,Yes,No,Urban,1
19,Male,2.78,92849.0,2,4.3,8.0,91.7,No,No,No,Urban,0
21,Male,3.13,57864.0,4,3.3,46.0,98.3,No,No,No,Rural,0
17,Female,4.0,97797.0,4,8.4,28.0,95.6,No,No,No,Urban,1
16,Male,2.99,20339.0,6,8.8,3.0,89.4,Yes,No,Yes,Suburban,1
22,Female,3.39,23572.0,5,5.9,23.0,81.4,Yes,No,No,Suburban,1
25,Female,3.29,51104.0,5,3.7,41.0,72.0,No,Yes,Yes,Rural,1
24,Male,2.68,11028.0,7,8.8,16.0,84.1,No,No,No,Rural,0
21,Female,3.58,48628.0,2,3.5,43.0,85.7,No,Yes,No,Suburban,0
16,Male,2.53,29634.0,2,2.0,41.0,88.8,No,Yes,No,Suburban,0
25,Female,3.74,38613.0,2,0.6,14.0,95.2,No,Yes,Yes,Suburban,0
20,Female,2.68,66299.0,4,5.2,37.0,93.4,No,Yes,No,Urban,0
18,Male,2.74,68621.0,3,1.2,13.0,88.7,No,No,Yes,Suburban,0
24,Male,2.4,122637.0,1,8.1,48.0,84.8,No,No,No,Urban,0
23,Male,2.49,83759.0,6,3.7,19.0,75.8,No,No,No,Suburban,0
23,Male,2.77,6339.0,1,2.2,12.0,81.6,No,No,No,Suburban,0
18,Male,1.66,20117.0,5,7.5,102.0,80.3,No,No,No,Suburban,0
25,Other,2.87,21584.0,4,6.9,104.0,100.0,No,No,No,Suburban,0
20,Male,2.72,78175.0,7,8.7,98.0,100.0,No,No,No,Suburban,0
21,Female,3.43,111498.0,1,1.3,9.0,77.9,No,No,No,Rural,0
23,Male,3.23,14542.0,5,0.8,34.0,91.1,No,Yes,No,Rural,0
22,Other,2.61,79498.0,5,8.4,60.0,77.2,No,No,No,Urban,0
17,Male,2.75,42037.0,2,0.0,24.0,89.8,No,No,Yes,Suburban,0
19,Male,2.87,37796.0,3,2.3,43.0,84.1,No,Yes,No,Urban,0
19,Female,3.82,25870.0,4,5.1,75.0,86.9,No,No,No,Urban,0
25,Male,2.55,33957.0,5,2.1,30.0,96.4,No,No,No,Suburban,0
23,Female,2.6,48797.0,10,5.5,68.0,91.0,No,No,No,Urban,0
19,Male,2.38,28326.0,5,2.5,25.0,95.0,Yes,Yes,No,Urban,1
23,Female,2.18,55894.0,8,7.8,28.0,92.0,Yes,No,No,Suburban,0
23,Female,3.17,37919.0,3,6.6,26.0,82.1,No,Yes,No,Rural,1
19,Female,3.11,34852.0,1,5.6,68.0,77.5,No,Yes,No,Urban,0
20,Male,3.71,63252.0,4,4.2,11.0,85.6,No,No,No,Suburban,0
24,Male,3.57,52119.0,2,2.7,8.0,85.6,No,Yes,No,Suburban,1
21,Male,4.0,4406.0,5,4.7,98.0,83.8,No,No,Yes,Urban,1
17,Male,2.96,57564.0,4,2.3,3.0,82.4,No,No,Yes,Suburban,0
23,Male,2.86,50091.0,2,9.2,92.0,88.5,No,No,No,Rural,0
21,Female,2.28,87290.0,5,5.7,54.0,98.6,No,No,No,Suburban,0
21,Female,3.38,51512.0,2,3.1,30.0,71.2,No,Yes,No,Suburban,0
23,Female,3.07,32525.0,8,8.4,126.0,78.1,No,No,No,Urban,0
25,Male,3.36,25084.0,4,4.9,29.0,90.1,No,Yes,No,Rural,1
19,Male,2.37,9197.0,2,8.1,12.0,73.1,No,No,No,Urban,0
20,Female,3.19,41601.0,6,8.0,96.0,76.5,No,No,No,Suburban,1
17,Male,3.11,21790.0,4,6.0,51.0,100.0,No,No,No,Rural,0
22,Male,3.08,95976.0,6,2.2,20.0,92.5,No,No,No,Suburban,0
20,Male,2.62,42916.0,4,3.7,41.0,100.0,Yes,No,No,Urban,1
19,Female,3.65,16941.0,2,10.0,25.0,74.3,No,No,Yes,Suburban,0
22,Other,4.0,6819.0,4,3.8,29.0,100.0,No,No,No,Rural,1
20,Male,2.39,9727.0,2,4.4,25.0,77.5,No,Yes,No,Urban,1
20,Female,3.4,54306.0,7,4.0,1.0,95.2,No,Yes,No,Urban,1
20,Male,1.42,103170.0,4,2.9,38.0,70.6,No,No,No,Urban,0
18,Male,3.37,62250.0,5,6.5,16.0,90.3,No,Yes,No,Suburban,1
17,Female,1.97,38529.0,5,2.1,12.0,90.9,No,Yes,No,Urban,0
24,Male,2.71,140809.0,6,3.2,16.0,84.4,No,Yes,Yes,Urban,0
16,Female,2.28,71569.0,3,5.7,22.0,76.9,Yes,No,No,Rural,0
19,Male,2.88,51845.0,4,4.4,18.0,85.8,Yes,Yes,No,Suburban,1
22,Male,3.46,31847.0,4,5.4,86.0,89.9,No,No,No,Suburban,1
17,Female,1.98,106630.0,2,4.9,10.0,78.8,No,No,Yes,Urban,0
22,Male,2.8,34226.0,3,2.4,35.0,86.3,No,No,No,Urban,0
23,Female,2.72,21725.0,2,8.2,44.0,87.5,No,No,No,Urban,0
22,Male,3.87,39749.0,5,7.5,100.0,91.6,No,No,No,Urban,1
19,Female,3.24,45720.0,2,2.9,80.0,75.3,No,Yes,No,Urban,0
16,Male,2.35,75745.0,4,6.0,12.0,83.2,No,No,No,Urban,0
24,Male,2.74,21304.0,4,3.9,42.0,89.4,No,Yes,Yes,Urban,0
19,Female,3.86,24683.0,4,7.4,49.0,84.8,No,No,No,Urban,1
24,Male,3.39,25756.0,3,6.9,77.0,79.2,No,No,No,Rural,1
17,Male,2.49,38214.0,4,7.8,3.0,95.5,No,No,No,Rural,0
17,Other,2.85,17260.0,4,2.9,36.0,95.8,No,No,No,Urban,0
23,Female,2.87,95219.0,3,2.0,6.0,94.0,No,No,No,Rural,0
25,Female,2.7,9834.0,3,0.9,33.0,85.1,No,No,No,Rural,0
24,Female,2.06,108629.0,6,10.0,14.0,86.4,No,No,Yes,Urban,0
23,Female,2.63,70776.0,6,7.0,118.0,98.0,No,Yes,Yes,Suburban,1
18,Female,3.76,20216.0,3,7.7,76.0,94.4,No,No,Yes,Rural,1
25,Female,2.79,35946.0,2,1.8,37.0,98.1,No,Yes,No,Suburban,1
22,Male,2.94,23020.0,1,6.4,9.0,88.7,No,No,No,Urban,0
17,Male,3.08,71601.0,3,1.2,86.0,92.9,Yes,No,No,Suburban,0
17,Female,4.0,101370.0,5,6.0,15.0,93.3,No,No,No,Urban,1
24,Female,3.0,223264.0,4,5.0,62.0,99.5,No,Yes,Yes,Urban,0
18,Male,3.6,59550.0,10,4.3,14.0,69.8,No,Yes,No,Suburban,1
23,Male,2.67,10109.0,1,3.8,62.0,89.0,No,No,No,Urban,0
17,Male,2.86,18910.0,8,7.6,96.0,95.6,No,No,No,Urban,0
18,Female,3.01,57516.0,2,3.8,10.0,97.4,No,No,Yes,Urban,0
18,Female,2.57,37117.0,6,8.0,29.0,84.4,No,No,No,Rural,1
18,Male,2.89,70114.0,4,4.9,105.0,91.1,No,Yes,No,Urban,1
22,Female,3.49,52500.0,1,5.8,10.0,93.9,No,Yes,Yes,Rural,1
25,Female,2.56,20471.0,9,6.2,18.0,98.0,No,No,No,Rural,0
25,Female,3.0,32808.0,7,6.0,97.0,90.8,No,No,Yes,Suburban,1
23,Male,3.39,72407.0,3,5.5,95.0,90.1,No,No,No,Urban,0
18,Female,2.55,54607.0,3,9.7,47.0,85.8,No,Yes,No,Suburban,0
25,Female,3.6,70646.0,7,7.5,38.0,97.0,No,No,No,Suburban,1
21,Female,3.04,13603.0,5,0.0,32.0,97.9,Yes,No,No,Suburban,0
21,Male,2.91,21696.0,6,4.5,168.0,96.3,No,No,No,Suburban,0
23,Female,1.9,90732.0,5,8.3,3.0,93.9,No,Yes,No,Urban,0
23,Female,2.79,14112.0,7,3.2,3.0,90.0,No,Yes,No,Rural,1
25,Male,3.2,67830.0,5,5.0,119.0,83.3,No,No,No,Suburban,0
21,Male,3.96,12643.0,4,5.2,21.0,82.1,No,No,No,Suburban,1
22,Female,3.31,45209.0,3,8.5,1.0,96.2,No,Yes,No,Suburban,1
23,Female,3.62,29222.0,6,2.7,4.0,97.1,No,No,No,Urban,1
18,Male,2.33,20227.0,5,3.0,85.0,90.0,Yes,No,No,Suburban,0
19,Male,2.93,47845.0,2,6.1,6.0,90.0,No,Yes,Yes,Suburban,1
22,Male,3.67,87825.0,8,5.8,15.0,89.7,No,No,No,Urban,1
16,Female,2.51,24229.0,5,6.1,22.0,97.6,No,No,No,Suburban,0
19,Other,3.53,5365.0,3,5.7,136.0,94.1,No,Yes,No,Rural,1
23,Male,3.4,37919.0,4,4.7,39.0,84.6,No,No,No,Rural,0
25,Male,3.15,20054.0,4,6.2,17.0,92.1,No,No,No,Rural,0
21,Male,2.82,73418.0,6,5.5,13.0,75.3,No,No,No,Suburban,0
19,Male,2.46,29154.0,6,4.5,22.0,83.1,No,No,No,Suburban,0
20,Female,3.98,24968.0,7,4.9,66.0,74.0,No,Yes,No,Urban,1
22,Female,3.35,31716.0,2,3.8,57.0,81.1,No,No,No,Urban,0
21,Male,3.19,87795.0,5,3.4,27.0,81.9,No,No,No,Suburban,0
16,Male,2.77,56523.0,3,6.2,23.0,71.3,No,No,No,Rural,0
21,Male,3.02,17605.0,3,2.1,42.0,97.4,No,No,No,Suburban,1
20,Female,3.09,13582.0,3,6.5,121.0,83.9,No,No,Yes,Rural,1
23,Female,3.22,107637.0,1,4.4,23.0,85.4,No,No,No,Urban,0
24,Female,3.4,24483.0,3,4.8,14.0,81.1,No,Yes,No,Urban,1
25,Male,2.57,89540.0,9,4.6,45.0,92.5,No,No,No,Rural,0
22,Female,2.19,36776.0,3,6.1,6.0,99.0,No,No,No,Suburban,0
19,Male,3.05,21982.0,3,8.3,0.0,92.2,No,No,No,Urban,1
20,Female,2.04,23416.0,3,9.0,3.0,90.8,No,Yes,No,Urban,0
17,Female,2.82,38095.0,2,7.3,32.0,72.2,Yes,No,No,Urban,1
25,Female,2.72,5080.0,7,5.2,16.0,87.2,No,No,No,Urban,1
24,Female,3.27,22591.0,4,6.8,20.0,93.2,No,No,No,Rural,1
24,Male,4.0,133421.0,6,0.6,4.0,97.6,No,Yes,No,Urban,1
19,Female,1.93,159127.0,5,6.3,0.0,92.9,No,No,No,Urban,0
19,Male,4.0,24564.0,1,5.9,48.0,100.0,No,No,No,Suburban,1
24,Male,2.87,65418.0,3,1.6,10.0,82.2,No,No,No,Rural,0
21,Male,3.19,55445.0,3,3.7,62.0,82.2,No,Yes,No,Urban,1
23,Male,2.22,15387.0,4,5.6,39.0,91.1,No,No,No,Urban,0
20,Male,3.55,66179.0,4,5.8,10.0,98.2,No,No,No,Urban,0
20,Male,3.02,31158.0,2,7.1,9.0,99.5,No,Yes,No,Suburban,1
22,Female,2.97,43869.0,5,8.7,51.0,71.7,No,No,No,Urban,0
24,Male,1.93,75325.0,4,4.7,23.0,88.9,No,No,No,Urban,0
19,Male,3.04,32804.0,3,2.5,16.0,95.6,No,No,No,Urban,0
24,Other,3.47,32524.0,4,6.8,26.0,95.4,No,No,No,Rural,1
18,Female,2.87,61304.0,6,7.8,117.0,92.5,No,No,No,Suburban,1
20,Male,3.65,91303.0,5,7.8,118.0,87.3,No,No,Yes,Rural,0
25,Male,3.62,58934.0,2,6.0,30.0,63.7,No,No,No,Suburban,0
25,Female,2.65,33752.0,1,9.4,25.0,100.0,No,No,No,Rural,0
25,Female,3.88,84968.0,4,4.4,56.0,92.9,No,No,No,Urban,1
19,Male,3.02,53868.0,4,8.5,45.0,80.9,Yes,No,Yes,Rural,0
24,Female,3.03,104346.0,3,2.4,2.0,85.4,No,No,No,Rural,0
25,Male,3.05,122743.0,4,0.0,54.0,90.1,Yes,No,No,Suburban,0
25,Male,3.04,58261.0,4,2.4,40.0,91.8,No,No,No,Rural,0
16,Female,1.55,99534.0,1,3.7,39.0,76.9,No,No,No,Rural,0
23,Female,2.9,101496.0,9,5.0,8.0,80.1,No,Yes,Yes,Suburban,0
25,Female,2.25,39669.0,6,2.9,0.0,92.0,No,No,No,Urban,0
23,Male,3.89,101476.0,4,5.3,84.0,83.4,Yes,No,No,Suburban,1
18,Male,3.87,45363.0,4,6.4,38.0,73.8,No,No,No,Urban,1
23,Male,3.47,70558.0,2,5.8,42.0,81.7,No,No,No,Rural,0
17,Male,2.87,42128.0,4,4.7,110.0,87.9,Yes,No,No,Rural,1
20,Male,2.45,11493.0,5,7.6,13.0,74.9,No,No,No,Urban,1
22,Female,2.64,145818.0,7,3.2,63.0,100.0,No,No,No,Suburban,0
20,Female,4.0,68657.0,6,4.5,37.0,97.5,No,No,No,Rural,1
22,Female,2.62,72834.0,3,3.8,140.0,95.3,No,Yes,Yes,Urban,0
18,Male,1.7,48611.0,3,6.4,152.0,88.7,No,Yes,No,Suburban,0
22,Male,3.57,100998.0,5,4.1,20.0,78.1,Yes,No,No,Urban,1
22,Female,3.83,38998.0,2,5.9,63.0,81.3,No,No,Yes,Suburban,1
22,Male,3.91,40958.0,7,6.8,144.0,98.6,No,No,No,Rural,1
18,Female,3.57,17798.0,3,3.9,17.0,81.7,No,No,No,Suburban,1
19,Male,3.66,52266.0,3,1.5,3.0,87.7,No,No,No,Urban,0
18,Female,3.03,97637.0,2,4.5,53.0,85.7,No,Yes,No,Suburban,1
20,Female,1.86,39362.0,3,3.2,53.0,86.7,No,No,No,Urban,0
21,Female,3.02,15691.0,4,3.6,106.0,87.0,No,No,Yes,Rural,1
19,Female,3.34,84448.0,5,0.0,35.0,86.1,No,No,No,Rural,0
20,Female,2.93,61707.0,3,1.4,35.0,84.4,No,Yes,No,Suburban,0
18,Male,2.9,134837.0,3,6.8,30.0,85.4,No,No,Yes,Suburban,0
18,Female,2.47,23452.0,5,2.9,10.0,86.3,No,No,No,Rural,0
22,Female,2.45,68832.0,3,7.5,17.0,80.4,No,No,No,Urban,0
24,Other,4.0,15075.0,4,3.4,11.0,76.8,No,No,No,Urban,0
18,Male,4.0,43006.0,5,6.1,50.0,85.0,No,Yes,No,Suburban,1
24,Male,3.0,49202.0,4,4.4,53.0,81.0,No,No,No,Suburban,1
21,Female,3.15,10280.0,4,6.4,10.0,87.5,No,Yes,No,Urban,1
17,Female,2.46,92957.0,4,4.4,114.0,79.5,No,Yes,No,Urban,0
19,Male,3.35,76603.0,2,5.5,10.0,72.9,No,No,Yes,Urban,0
16,Male,3.97,61704.0,1,7.7,39.0,99.6,Yes,No,No,Urban,1
16,Male,2.16,16002.0,4,6.0,67.0,82.9,No,No,No,Urban,0
19,Male,3.26,25386.0,4,3.5,69.0,70.2,No,No,Yes,Rural,1
20,Male,3.3,82675.0,6,0.9,40.0,93.9,No,No,No,Suburban,0
23,Male,3.29,42692.0,5,4.8,128.0,84.1,No,No,Yes,Suburban,0
17,Male,3.9,36579.0,5,5.9,66.0,87.5,No,Yes,No,Urban,1
24,Female,4.0,99466.0,2,5.3,45.0,88.9,No,No,No,Rural,0
18,Male,2.87,47913.0,8,3.1,69.0,95.4,No,No,No,Urban,1
17,Male,3.37,17273.0,2,5.3,81.0,89.7,No,No,No,Suburban,1
22,Male,3.05,81988.0,1,6.5,50.0,76.1,No,No,No,Urban,0
23,Male,2.65,15326.0,4,8.1,6.0,77.7,No,No,No,Suburban,0
22,Other,3.15,42963.0,10,4.5,8.0,75.8,No,No,No,Urban,0
17,Female,3.37,52851.0,4,10.0,4.0,83.3,Yes,Yes,No,Urban,1
17,Male,3.12,70636.0,5,8.2,107.0,90.4,No,Yes,No,Rural,0
19,Male,2.52,12248.0,4,5.4,7.0,80.8,No,No,No,Urban,0
20,Male,2.75,4108.0,3,5.6,131.0,81.8,No,No,No,Urban,1
25,Male,2.75,4318.0,7,8.1,108.0,81.5,No,Yes,Yes,Urban,1
18,Male,2.54,107771.0,4,2.9,108.0,82.6,No,No,No,Urban,0
17,Male,3.17,10316.0,6,3.2,44.0,92.7,No,No,No,Urban,1
25,Male,3.23,126127.0,6,2.2,15.0,85.0,No,Yes,No,Rural,0
17,Female,3.54,87974.0,4,4.4,16.0,96.2,No,No,No,Suburban,1
16,Male,2.53,20052.0,2,3.1,17.0,83.1,No,No,No,Suburban,0
20,Male,2.68,6112.0,4,4.2,17.0,87.6,No,No,No,Rural,1
20,Female,3.86,45409.0,8,4.9,6.0,85.8,Yes,Yes,No,Urban,1
22,Male,2.91,28698.0,1,2.0,96.0,89.7,No,No,No,Urban,0
24,Male,3.02,100560.0,4,8.0,16.0,91.7,No,Yes,No,Urban,0
25,Male,2.9,52470.0,2,7.6,6.0,87.6,Yes,Yes,Yes,Urban,1
18,Male,3.62,43330.0,3,4.0,12.0,100.0,No,Yes,Yes,Urban,0
25,Male,3.64,36731.0,2,8.3,68.0,99.7,No,No,No,Suburban,1
22,Female,3.61,70506.0,5,5.9,2.0,83.2,No,Yes,No,Urban,0
16,Female,3.01,40427.0,4,7.4,68.0,98.3,No,Yes,No,Urban,1
25,Male,2.52,142555.0,5,2.0,23.0,97.4,No,No,No,Urban,0
17,Male,4.0,9937.0,6,4.3,6.0,77.2,No,No,No,Suburban,1
21,Female,3.47,33788.0,4,6.4,5.0,70.8,No,Yes,No,Urban,1
23,Female,2.75,63710.0,7,4.6,18.0,89.5,No,No,No,Urban,0
18,Male,3.78,58016.0,7,4.6,126.0,86.7,No,No,No,Urban,1
18,Male,2.71,142296.0,5,4.8,38.0,68.0,No,Yes,No,Suburban,0
20,Male,3.78,23808.0,3,5.8,38.0,88.8,Yes,Yes,Yes,Urban,1
24,Female,3.81,1934.0,2,5.2,20.0,88.2,No,No,No,Urban,1
18,Male,2.49,83458.0,4,8.4,30.0,82.9,Yes,No,No,Urban,0
22,Male,3.32,50710.0,1,2.8,43.0,100.0,No,Yes,No,Rural,1
20,Male,3.43,83955.0,6,5.2,27.0,86.0,No,No,No,Suburban,0
17,Male,4.0,56038.0,4,6.5,40.0,84.6,No,No,No,Urban,1
23,Male,2.59,3393.0,6,2.3,79.0,87.8,No,No,No,Rural,0
24,Female,3.79,58581.0,4,4.2,66.0,76.9,No,Yes,No,Rural,0
21,Female,3.01,23663.0,5,5.4,60.0,80.5,No,Yes,No,Suburban,1
17,Male,2.32,33810.0,2,8.3,1.0,65.2,No,No,No,Suburban,0
17,Male,2.93,39407.0,2,5.3,136.0,90.9,No,No,No,Suburban,0
20,Female,3.0,15313.0,3,6.7,29.0,95.1,No,Yes,No,Rural,1
21,Male,2.42,22986.0,1,6.8,4.0,90.0,No,No,No,Urban,0
21,Male,3.17,73835.0,5,0.0,24.0,89.4,No,Yes,No,Suburban,0
18,Male,3.53,73756.0,3,5.2,45.0,87.1,No,Yes,No,Rural,1
21,Female,3.13,8776.0,4,4.0,34.0,99.8,No,No,No,Rural,0
18,Female,2.7,51116.0,5,8.3,106.0,86.5,No,No,Yes,Urban,0
22,Female,2.92,79391.0,2,6.5,53.0,94.9,No,Yes,No,Suburban,0
23,Female,3.0,47410.0,5,6.9,53.0,94.0,No,No,No,Urban,0
22,Male,3.12,53265.0,3,6.1,97.0,76.7,No,Yes,No,Rural,0
16,Male,3.61,9491.0,10,5.2,15.0,92.9,No,Yes,No,Suburban,1
25,Male,3.15,98022.0,5,6.8,50.0,78.7,No,No,Yes,Suburban,0
16,Female,2.23,16613.0,6,5.0,13.0,83.2,No,No,No,Suburban,0
25,Female,2.69,32449.0,5,7.8,23.0,86.2,No,No,No,Suburban,0
16,Male,3.09,79890.0,5,2.6,71.0,97.7,No,Yes,No,Urban,0
21,Female,3.62,121213.0,5,7.3,16.0,81.9,No,Yes,No,Urban,0
17,Male,3.71,34593.0,4,4.2,9.0,90.3,No,No,No,Suburban,1
16,Male,3.98,165504.0,3,6.5,139.0,75.2,No,Yes,No,Rural,0
22,Male,3.07,48651.0,7,1.5,31.0,86.2,No,Yes,Yes,Urban,1
23,Female,3.42,44703.0,4,5.6,19.0,83.8,No,No,No,Urban,0
17,Female,2.2,18864.0,4,4.7,4.0,97.8,No,Yes,No,Urban,0
25,Female,3.24,33009.0,7,4.9,49.0,81.7,No,No,No,Suburban,0
19,Female,2.41,51780.0,1,1.1,59.0,75.2,No,No,No,Urban,0
19,Female,2.97,64298.0,5,5.1,95.0,84.2,No,No,Yes,Rural,0
18,Female,4.0,62216.0,4,5.3,32.0,82.7,No,Yes,No,Urban,1
20,Female,3.17,30289.0,3,1.1,50.0,89.6,No,No,No,Suburban,0
17,Male,2.52,107133.0,3,2.5,49.0,98.3,No,No,No,Rural,0
20,Female,3.22,45806.0,5,5.3,6.0,85.0,No,Yes,No,Urban,1
18,Female,2.72,43621.0,1,5.9,49.0,90.6,No,Yes,Yes,Urban,0
16,Female,2.47,17717.0,3,4.9,173.0,86.9,No,Yes,No,Suburban,0
19,Male,4.0,68904.0,3,5.1,65.0,91.7,No,No,Yes,Urban,1
22,Female,3.59,41777.0,5,5.1,13.0,79.9,No,No,No,Urban,0
23,Female,3.19,34957.0,5,3.8,2.0,87.5,No,No,No,Urban,0
19,Male,2.78,12986.0,5,4.6,78.0,95.3,Yes,Yes,No,Suburban,1
19,Other,2.83,13519.0,5,1.9,25.0,81.6,No,No,Yes,Urban,0
23,Male,3.85,55737.0,5,3.7,69.0,86.3,No,No,No,Rural,0
22,Male,3.17,117617.0,3,4.9,5.0,87.2,No,Yes,No,Urban,0
24,Male,1.3,37081.0,6,7.7,78.0,75.9,No,Yes,No,Rural,0
25,Female,4.0,36888.0,4,4.7,10.0,93.5,No,No,No,Suburban,1
24,Female,3.1,69495.0,4,9.5,39.0,83.2,No,Yes,Yes,Rural,1
25,Male,3.19,95677.0,5,9.2,11.0,87.3,No,Yes,No,Suburban,1
20,Female,3.6,28071.0,3,5.2,3.0,92.6,No,No,No,Rural,1
19,Male,3.26,17971.0,5,4.1,19.0,93.4,No,No,No,Rural,0
19,Male,3.41,40934.0,4,10.0,59.0,78.2,No,No,No,Urban,0
18,Female,2.77,61605.0,3,6.6,38.0,91.0,No,Yes,No,Rural,0
23,Female,2.32,4349.0,6,6.0,10.0,95.6,Yes,No,No,Rural,0
23,Female,3.15,31285.0,7,3.4,72.0,82.5,No,Yes,No,Rural,1
24,Female,3.79,37860.0,5,4.1,50.0,94.1,No,No,Yes,Suburban,0
17,Other,2.64,34131.0,5,2.8,10.0,91.0,No,No,No,Rural,0
20,Male,2.6,11806.0,7,8.3,8.0,91.7,No,No,No,Suburban,0
18,Male,3.67,31379.0,4,6.1,64.0,94.7,No,Yes,No,Urban,1
24,Male,2.75,38335.0,3,4.3,5.0,80.7,No,No,No,Urban,0
18,Female,2.77,20627.0,5,4.0,1.0,80.2,No,No,No,Suburban,0
17,Female,2.79,52060.0,1,2.8,25.0,97.1,No,Yes,No,Urban,0
21,Female,2.96,76634.0,2,4.8,4.0,85.3,No,No,No,Urban,0
24,Male,2.13,78522.0,8,5.4,89.0,76.2,No,No,Yes,Urban,0
25,Male,2.7,25006.0,4,0.0,138.0,86.6,No,Yes,No,Urban,0
16,Female,3.13,60782.0,3,2.9,1.0,87.0,No,No,No,Suburban,0
19,Other,3.12,57259.0,4,3.5,4.0,89.8,No,Yes,No,Urban,1
17,Male,3.64,134810.0,3,7.4,6.0,84.8,No,No,No,Suburban,0
19,Male,4.0,60999.0,8,3.8,61.0,100.0,Yes,No,No,Urban,1
21,Male,3.83,63582.0,1,1.1,19.0,80.7,No,Yes,No,Urban,1
18,Male,3.5,87188.0,1,2.6,41.0,72.4,No,Yes,No,Rural,0
16,Male,2.92,14735.0,1,8.8,115.0,76.1,No,No,No,Rural,1
21,Male,2.66,44930.0,3,4.2,67.0,82.0,No,Yes,No,Suburban,1
16,Female,3.01,122440.0,2,2.7,14.0,91.7,No,No,No,Urban,0
18,Male,3.32,124087.0,3,1.3,28.0,86.2,No,No,No,Urban,0
16,Male,3.45,31371.0,4,5.1,114.0,90.6,No,No,No,Urban,0
16,Male,3.34,120283.0,4,5.3,18.0,82.5,No,No,No,Suburban,0
20,Female,2.93,35075.0,2,6.0,12.0,91.2,No,Yes,No,Suburban,0
24,Male,3.43,53401.0,3,10.0,94.0,75.2,No,Yes,Yes,Rural,1
23,Male,3.69,10001.0,4,2.3,15.0,89.1,No,Yes,No,Suburban,1
16,Male,3.48,103917.0,4,4.2,127.0,92.6,No,No,No,Rural,0
16,Female,2.98,33753.0,8,5.6,13.0,80.5,No,No,No,Suburban,0
19,Female,2.54,12184.0,6,4.0,7.0,100.0,No,No,No,Urban,0
22,Male,2.53,39050.0,6,0.5,2.0,72.8,No,No,No,Urban,0
23,Male,2.63,2991.0,5,6.1,1.0,93.4,Yes,No,No,Urban,0
24,Male,3.14,67433.0,2,3.6,43.0,94.5,Yes,No,No,Urban,1
19,Female,3.29,91533.0,2,2.7,54.0,80.9,No,Yes,No,Urban,0
17,Female,2.22,18467.0,7,3.0,4.0,90.4,No,Yes,Yes,Suburban,0
16,Male,2.72,17872.0,5,8.4,16.0,81.0,No,No,No,Urban,0
17,Male,3.13,64114.0,5,7.9,102.0,90.2,No,Yes,No,Suburban,0
16,Female,2.51,69552.0,6,2.6,45.0,86.0,No,Yes,No,Rural,1
24,Female,3.24,25968.0,8,1.2,31.0,87.8,No,No,No,Urban,1
18,Male,2.83,20716.0,3,7.0,20.0,83.1,No,No,No,Suburban,0
24,Male,2.6,80984.0,3,9.5,22.0,83.2,No,No,No,Suburban,0
21,Male,3.03,11032.0,6,10.0,12.0,81.6,No,Yes,No,Rural,1
21,Female,3.22,30017.0,4,1.9,30.0,93.0,No,No,No,Rural,0
20,Female,2.53,20263.0,5,8.0,24.0,100.0,No,No,Yes,Rural,0
24,Female,2.87,63440.0,5,5.0,9.0,100.0,No,Yes,No,Urban,0
16,Female,3.26,21661.0,3,0.8,4.0,95.3,No,No,No,Rural,0
16,Male,2.58,88278.0,4,3.1,28.0,87.8,Yes,Yes,No,Rural,0
20,Male,2.09,29121.0,8,3.3,6.0,95.8,No,No,No,Suburban,0
19,Male,2.15,55790.0,5,6.0,156.0,90.6,No,No,No,Suburban,0
21,Female,2.77,22010.0,6,2.0,12.0,85.1,No,No,No,Urban,0
23,Female,2.27,48549.0,2,7.1,12.0,100.0,No,No,No,Rural,1
21,Male,2.81,24406.0,1,6.0,10.0,95.7,No,Yes,No,Urban,0
18,Male,3.92,16991.0,5,7.2,32.0,81.9,No,No,Yes,Suburban,1
19,Female,2.24,69279.0,4,3.5,94.0,95.6,No,No,No,Suburban,0
23,Female,2.84,21492.0,7,5.9,92.0,92.5,No,Yes,No,Rural,1
18,Female,4.0,21824.0,6,2.7,38.0,80.4,Yes,Yes,No,Suburban,1
21,Male,3.22,45544.0,7,6.5,98.0,88.5,No,Yes,No,Suburban,1
21,Female,2.8,51370.0,2,4.5,107.0,87.4,No,Yes,No,Urban,0
23,Female,2.91,16431.0,3,4.7,15.0,67.1,No,No,No,Rural,1
23,Female,3.24,59957.0,2,4.9,55.0,76.6,Yes,No,No,Urban,1
20,Female,3.93,23014.0,2,1.2,2.0,96.6,No,No,No,Rural,1
19,Female,2.71,12835.0,4,7.6,59.0,82.2,No,No,No,Urban,0
19,Female,2.58,33329.0,5,5.2,28.0,92.7,No,No,No,Urban,1
20,Female,2.24,32934.0,9,7.6,46.0,98.1,No,Yes,No,Urban,1
18,Male,3.06,56559.0,2,7.5,36.0,71.4,No,No,No,Suburban,0
22,Male,2.23,138070.0,2,3.2,24.0,100.0,No,No,No,Suburban,0
18,Female,2.74,44966.0,3,4.4,15.0,86.6,No,No,Yes,Urban,0
22,Female,2.5,62049.0,5,1.6,31.0,91.1,No,Yes,No,Urban,0
23,Male,3.59,9718.0,2,7.7,192.0,100.0,No,No,No,Suburban,1
25,Male,2.72,91048.0,7,5.7,35.0,95.7,No,No,No,Urban,0
17,Female,3.22,37600.0,4,5.4,63.0,86.6,No,Yes,No,Rural,1
23,Female,2.12,13875.0,5,4.4,49.0,83.7,Yes,Yes,No,Rural,1
16,Female,3.07,88758.0,3,2.9,11.0,84.4,No,Yes,No,Urban,0
19,Male,2.34,38833.0,5,7.8,58.0,83.5,No,Yes,No,Suburban,1
17,Female,2.77,79295.0,4,9.4,66.0,98.1,No,Yes,No,Urban,0
17,Female,4.0,147771.0,4,7.9,31.0,92.3,No,No,No,Urban,0
17,Male,3.51,10811.0,5,4.6,25.0,89.7,No,No,Yes,Urban,1
16,Male,2.93,22224.0,4,5.9,19.0,86.2,No,No,No,Suburban,0
24,Other,4.0,70030.0,1,7.4,13.0,93.8,No,Yes,Yes,Urban,1
16,Male,2.5,40818.0,1,5.2,36.0,72.9,No,Yes,No,Urban,0
19,Female,3.64,3400.0,5,9.3,14.0,100.0,No,No,No,Suburban,1
22,Female,2.16,30540.0,3,7.7,58.0,85.9,No,Yes,No,Urban,0
25,Female,2.87,34486.0,4,10.0,69.0,80.4,Yes,No,No,Urban,1
24,Male,2.26,38869.0,2,5.4,16.0,97.2,No,No,No,Rural,0
17,Female,3.14,21543.0,4,0.0,7.0,97.0,No,Yes,Yes,Rural,1
25,Male,3.03,106499.0,5,5.2,57.0,87.4,No,Yes,No,Suburban,0
22,Female,2.83,9730.0,2,4.2,5.0,98.6,No,No,No,Urban,0
17,Male,3.6,53713.0,1,5.4,7.0,96.0,No,Yes,No,Suburban,1
20,Female,2.69,26206.0,1,8.9,1.0,91.0,No,No,Yes,Urban,1
25,Female,3.18,24683.0,4,3.8,60.0,74.9,No,Yes,Yes,Urban,1
19,Male,3.45,97329.0,6,3.2,42.0,89.0,No,Yes,Yes,Suburban,1
17,Male,2.18,33084.0,4,3.6,33.0,88.1,No,Yes,No,Suburban,0
24,Female,2.59,53929.0,2,9.7,43.0,86.0,No,No,No,Suburban,0
25,Male,3.03,73274.0,3,4.0,65.0,85.0,No,No,Yes,Suburban,0
25,Male,3.35,42219.0,2,5.6,55.0,94.0,No,No,Yes,Rural,0
25,Male,3.78,98225.0,5,9.1,14.0,78.0,Yes,No,No,Urban,1
24,Female,2.88,12566.0,8,6.5,35.0,97.6,No,No,No,Urban,1
20,Female,2.83,56275.0,2,0.0,32.0,87.6,No,No,Yes,Urban,0
17,Male,2.52,139028.0,1,3.9,44.0,81.3,No,No,Yes,Urban,0
22,Other,3.18,52964.0,1,3.6,15.0,85.7,No,Yes,No,Urban,0
18,Male,2.84,7570.0,2,1.2,77.0,89.6,No,No,No,Urban,0
20,Male,2.85,57684.0,3,4.0,60.0,99.5,No,No,No,Urban,0
22,Male,2.95,109356.0,2,0.0,25.0,93.7,No,No,No,Suburban,0
25,Male,3.3,30853.0,7,5.7,15.0,97.4,No,Yes,No,Urban,1
18,Male,2.69,30557.0,9,5.0,33.0,87.5,No,No,No,Rural,0
18,Female,2.58,68101.0,5,3.4,19.0,86.3,No,No,No,Rural,0
23,Male,3.24,59804.0,1,1.0,26.0,100.0,No,No,Yes,Rural,1
16,Female,1.34,43371.0,1,8.1,33.0,86.9,No,Yes,No,Suburban,0
21,Male,2.67,22869.0,4,3.7,68.0,83.6,No,Yes,Yes,Suburban,1
23,Male,2.37,28243.0,5,7.4,83.0,82.8,No,Yes,No,Suburban,0
21,Male,3.66,17498.0,4,4.7,62.0,90.4,Yes,Yes,No,Urban,1
19,Female,2.76,6695.0,5,8.2,11.0,79.3,No,Yes,No,Urban,1
24,Female,2.69,91098.0,7,6.3,53.0,89.5,No,No,No,Urban,0
19,Male,2.97,70655.0,8,5.2,48.0,89.3,No,No,No,Rural,1
23,Male,2.67,65892.0,1,3.2,56.0,92.7,No,No,No,Urban,0
20,Male,2.78,65040.0,2,7.9,75.0,74.0,No,Yes,Yes,Rural,0
16,Female,3.05,35338.0,3,4.5,85.0,72.0,No,Yes,No,Suburban,0
21,Male,2.77,31780.0,2,3.2,7.0,84.5,No,No,No,Rural,0
16,Female,2.76,14007.0,7,4.7,76.0,86.9,No,No,No,Suburban,0
25,Male,2.44,74752.0,2,4.9,28.0,79.1,Yes,No,No,Urban,0
22,Male,2.37,192833.0,2,6.9,11.0,77.1,No,No,No,Suburban,0
19,Female,3.03,55945.0,4,0.9,34.0,91.5,No,Yes,No,Urban,0
20,Male,3.17,82148.0,4,10.0,73.0,85.5,No,No,No,Urban,0
22,Male,2.21,82367.0,3,6.0,22.0,94.5,No,No,No,Suburban,0
18,Female,3.42,114069.0,5,5.0,38.0,77.0,No,No,No,Urban,0
18,Male,3.42,20408.0,8,6.0,50.0,87.1,No,Yes,No,Suburban,1
20,Male,3.54,9906.0,6,1.6,3.0,100.0,No,No,No,Suburban,1
18,Male,3.16,48182.0,5,5.3,13.0,85.6,No,No,No,Urban,0
23,Female,3.35,37867.0,4,6.4,57.0,83.3,No,No,No,Urban,1
17,Female,4.0,182289.0,3,4.4,23.0,95.3,No,Yes,No,Rural,0
24,Male,2.83,17742.0,4,6.2,2.0,97.7,No,No,No,Urban,0
19,Female,2.42,137687.0,8,6.7,27.0,82.9,No,Yes,No,Urban,0
21,Female,2.16,38155.0,6,3.4,10.0,83.5,No,No,No,Urban,0
17,Female,3.97,15907.0,2,7.7,3.0,94.9,No,No,No,Suburban,1
19,Female,3.97,121287.0,3,4.9,8.0,90.4,No,Yes,No,Suburban,1
23,Female,2.49,20686.0,4,9.2,6.0,90.6,No,Yes,No,Urban,1
18,Female,2.6,82490.0,7,7.9,14.0,89.9,No,Yes,No,Urban,0
17,Male,2.82,49206.0,7,5.9,47.0,87.6,No,No,No,Suburban,1
21,Male,3.67,137364.0,2,3.2,24.0,96.0,No,No,No,Urban,0
17,Female,2.29,94705.0,4,4.8,24.0,99.1,No,Yes,No,Suburban,0
19,Male,1.92,37399.0,5,7.2,0.0,79.8,No,No,No,Urban,0
20,Female,4.0,121699.0,10,3.8,1.0,95.1,No,Yes,No,Urban,0
21,Male,3.17,60952.0,4,6.0,67.0,87.6,No,No,No,Rural,0
22,Female,3.25,44246.0,2,6.2,78.0,77.7,No,Yes,No,Suburban,1
22,Male,2.89,48431.0,7,4.8,10.0,80.6,No,No,No,Urban,1
24,Female,3.26,84701.0,3,3.2,112.0,84.7,No,Yes,No,Urban,0
16,Male,2.17,35949.0,6,8.5,21.0,96.5,Yes,No,No,Suburban,0
19,Male,2.54,28440.0,4,6.0,48.0,79.7,No,No,No,Urban,0
16,Female,3.06,23290.0,6,4.3,74.0,73.6,No,No,No,Urban,0
16,Female,1.75,55397.0,7,3.3,9.0,85.9,No,No,No,Suburban,0
18,Female,2.83,24702.0,6,7.0,38.0,84.2,No,No,No,Suburban,1
21,Other,2.8,85553.0,3,4.8,54.0,96.6,No,No,Yes,Urban,0
24,Male,2.83,35275.0,7,7.2,46.0,90.1,Yes,Yes,Yes,Suburban,1
23,Female,2.7,64329.0,3,3.0,4.0,93.7,No,Yes,Yes,Suburban,0
22,Male,2.45,98329.0,4,5.7,20.0,84.9,No,No,No,Suburban,0
23,Female,2.0,116289.0,6,3.9,16.0,78.3,No,Yes,Yes,Suburban,0
17,Male,3.08,51365.0,3,8.8,48.0,98.5,No,No,No,Urban,0
24,Male,2.83,5711.0,1,5.8,14.0,83.3,No,Yes,No,Urban,1
24,Female,2.24,6135.0,5,2.8,21.0,93.2,No,No,No,Rural,0
16,Female,3.03,84004.0,5,7.1,16.0,85.1,No,Yes,No,Rural,0
20,Male,2.84,19452.0,4,7.7,8.0,93.3,No,No,No,Rural,0
24,Female,2.75,34014.0,4,4.3,93.0,90.4,No,No,Yes,Rural,0
20,Female,1.81,92547.0,4,3.2,41.0,89.0,No,Yes,Yes,Rural,0
24,Male,3.38,28743.0,3,0.2,2.0,91.3,No,No,No,Suburban,1
25,Female,2.32,14052.0,6,7.4,0.0,86.1,No,Yes,No,Urban,1
20,Male,3.03,34887.0,1,1.1,234.0,74.4,No,No,Yes,Rural,0
16,Male,2.56,73268.0,1,4.9,122.0,90.3,No,No,No,Suburban,0
19,Female,2.79,28286.0,2,1.2,2.0,97.2,No,Yes,No,Urban,1
18,Male,3.63,66429.0,2,9.0,13.0,87.6,No,Yes,No,Urban,1
20,Male,3.29,14478.0,4,7.9,2.0,85.5,No,No,No,Suburban,0
21,Female,3.62,22702.0,7,5.7,58.0,90.1,Yes,Yes,No,Suburban,1
20,Male,3.18,35284.0,3,7.3,22.0,95.8,No,Yes,No,Urban,1
17,Female,3.22,100810.0,4,4.7,50.0,85.8,No,Yes,No,Suburban,0
19,Female,2.02,31248.0,3,3.2,36.0,76.0,Yes,Yes,No,Suburban,0
22,Male,2.83,27717.0,2,1.3,16.0,89.3,No,No,No,Urban,0
16,Female,2.88,27809.0,1,6.7,154.0,90.9,No,Yes,No,Suburban,1
18,Male,3.67,66379.0,6,2.8,65.0,89.4,No,No,No,Urban,1
24,Female,2.72,78204.0,4,10.0,43.0,84.0,No,No,No,Urban,0
16,Male,3.15,97847.0,3,2.6,38.0,90.7,No,No,No,Urban,0
20,Female,3.12,151631.0,3,7.2,53.0,86.2,Yes,Yes,Yes,Suburban,0
18,Male,3.64,55661.0,6,7.8,96.0,84.5,No,No,No,Suburban,1
17,Female,2.93,24982.0,5,2.1,29.0,85.7,No,Yes,No,Urban,0
20,Male,3.46,39166.0,4,4.0,46.0,89.4,No,No,No,Rural,1
21,Male,2.06,20339.0,7,4.5,32.0,90.2,Yes,No,No,Urban,0
17,Male,2.11,48595.0,4,10.0,9.0,83.9,No,Yes,No,Urban,0
16,Female,1.74,23351.0,5,4.5,40.0,89.6,No,No,No,Suburban,0
17,Other,3.43,97458.0,3,2.5,54.0,91.1,No,No,No,Suburban,0
22,Male,3.37,52627.0,10,6.1,110.0,92.5,No,No,Yes,Rural,1
24,Male,3.49,118445.0,3,2.7,10.0,91.9,No,No,No,Rural,0
17,Male,2.63,76312.0,5,4.9,9.0,98.4,No,No,No,Suburban,0
19,Male,2.69,71637.0,3,4.0,154.0,93.5,No,No,No,Suburban,0
19,Female,2.93,13948.0,2,6.1,14.0,100.0,No,No,No,Urban,1
19,Female,3.79,66297.0,9,3.8,78.0,96.3,No,Yes,No,Urban,1
18,Female,3.93,149541.0,2,3.5,1.0,96.0,No,Yes,No,Urban,0
16,Male,3.44,31990.0,5,7.4,119.0,78.2,No,Yes,No,Urban,1
21,Male,3.18,87747.0,2,5.6,22.0,94.1,No,Yes,No,Suburban,0
19,Female,3.73,10393.0,7,5.1,7.0,94.8,No,No,No,Suburban,1
19,Male,2.86,17819.0,6,0.8,13.0,87.6,No,Yes,No,Urban,1
18,Female,2.78,41253.0,4,6.4,57.0,71.6,No,No,No,Suburban,0
25,Male,2.93,28084.0,4,4.0,38.0,69.4,No,Yes,No,Rural,0
22,Male,2.46,23060.0,7,5.6,49.0,85.8,No,No,Yes,Suburban,0
20,Female,2.9,28198.0,1,0.9,14.0,83.7,No,No,No,Urban,1
18,Male,2.39,61342.0,1,5.6,6.0,76.1,Yes,No,No,Suburban,0
24,Other,3.56,88461.0,5,5.4,22.0,91.1,Yes,No,Yes,Urban,1
24,Male,3.3,64975.0,3,4.5,29.0,78.9,No,No,No,Suburban,0
16,Male,3.79,67581.0,5,3.1,12.0,74.7,No,No,No,Urban,0
25,Male,2.1,42594.0,3,7.6,51.0,100.0,No,No,No,Urban,0
22,Male,4.0,17376.0,3,3.4,22.0,92.0,No,Yes,No,Suburban,1
16,Female,2.14,40133.0,4,7.0,124.0,84.6,No,No,No,Urban,0
23,Male,2.34,49495.0,3,7.3,128.0,76.7,No,No,No,Suburban,0
17,Female,2.66,91093.0,3,3.2,2.0,80.9,No,No,No,Rural,0
16,Female,3.72,130696.0,2,6.6,9.0,83.0,No,Yes,No,Suburban,1
17,Male,3.12,57819.0,3,4.1,34.0,83.7,No,Yes,No,Suburban,0
20,Male,2.87,84949.0,4,6.4,111.0,85.4,No,Yes,No,Urban,0
22,Male,2.56,4444.0,6,2.9,58.0,78.6,No,No,No,Urban,1
20,Female,2.24,34825.0,7,4.7,35.0,81.0,No,Yes,No,Rural,0
17,Female,3.62,42446.0,1,5.2,22.0,74.3,No,No,No,Suburban,1
17,Male,3.44,63829.0,4,4.9,3.0,72.2,No,Yes,No,Urban,0
24,Female,3.74,132714.0,2,5.8,14.0,75.7,No,Yes,Yes,Suburban,1
25,Male,3.22,55409.0,2,3.2,3.0,83.1,No,Yes,No,Rural,1
23,Male,1.55,9047.0,3,3.8,2.0,85.5,No,No,No,Rural,0
17,Male,2.32,68130.0,3,6.6,34.0,91.7,No,Yes,Yes,Urban,0
24,Other,3.26,32867.0,2,4.1,0.0,91.3,No,Yes,No,Urban,1
22,Male,2.8,63643.0,6,3.9,5.0,93.0,No,Yes,Yes,Suburban,1
21,Male,2.69,71992.0,3,3.1,1.0,85.6,No,No,No,Urban,0
17,Male,2.39,8394.0,1,4.0,174.0,93.2,Yes,Yes,No,Suburban,1
25,Female,3.52,40792.0,6,2.7,10.0,70.9,No,Yes,No,Urban,1
20,Male,3.25,41936.0,4,6.6,81.0,92.8,Yes,Yes,Yes,Urban,1
16,Male,3.28,54928.0,4,4.0,24.0,87.7,No,Yes,No,Urban,1
18,Male,2.65,24567.0,6,2.6,36.0,95.7,No,Yes,No,Suburban,0
20,Female,3.1,19149.0,6,4.6,18.0,66.6,No,No,No,Suburban,0
16,Male,2.26,131304.0,2,1.9,28.0,95.3,No,No,No,Suburban,0
19,Female,2.93,51039.0,5,3.1,4.0,75.0,No,No,No,Urban,0
20,Male,1.61,20927.0,4,8.0,30.0,97.0,No,Yes,Yes,Urban,0
25,Male,2.14,28722.0,2,2.6,23.0,81.3,No,No,No,Rural,0
16,Female,2.82,135247.0,4,4.7,36.0,91.3,No,Yes,No,Urban,0
21,Female,4.0,102831.0,8,9.9,15.0,87.3,No,No,No,Urban,1
25,Male,2.01,26251.0,4,5.5,7.0,96.1,No,No,No,Rural,0
24,Female,2.32,17610.0,5,3.9,3.0,89.2,Yes,No,No,Urban,0
25,Female,3.12,18783.0,6,0.6,18.0,100.0,No,No,No,Suburban,1
17,Male,3.97,95701.0,2,5.4,14.0,82.2,No,Yes,No,Rural,1
24,Female,3.11,31174.0,6,3.3,196.0,79.7,No,No,No,Urban,1
25,Female,3.39,11638.0,2,6.2,21.0,82.8,No,No,No,Urban,1
19,Male,2.81,29444.0,2,3.5,108.0,93.1,No,No,No,Rural,0
20,Female,2.72,54512.0,2,5.6,9.0,93.4,No,No,No,Urban,0
21,Male,3.05,40249.0,4,8.2,87.0,77.7,No,No,No,Suburban,0
20,Male,2.64,104001.0,3,6.5,137.0,81.2,No,No,Yes,Suburban,0
18,Other,3.4,54994.0,6,2.1,63.0,90.3,No,No,No,Suburban,0
25,Female,2.12,60420.0,3,5.2,243.0,98.0,No,Yes,No,Urban,1
25,Female,3.49,81530.0,2,7.1,20.0,82.4,No,No,No,Suburban,0
19,Female,3.02,78651.0,10,1.7,127.0,76.6,No,No,No,Suburban,1
24,Female,2.88,29327.0,2,8.7,15.0,96.0,No,Yes,Yes,Rural,1
19,Male,2.1,17890.0,5,5.3,113.0,74.0,No,No,No,Urban,0
23,Other,2.46,51904.0,2,6.3,42.0,92.3,No,No,No,Urban,0
21,Female,3.66,46887.0,9,4.2,11.0,70.7,Yes,No,No,Urban,1
20,Female,2.89,55287.0,5,5.1,37.0,87.0,No,No,No,Suburban,0
17,Male,3.15,58606.0,3,3.0,1.0,85.2,No,No,No,Suburban,0
22,Male,2.52,124887.0,6,8.4,69.0,81.7,No,No,No,Suburban,0
19,Male,2.98,35815.0,3,8.9,28.0,99.5,No,No,Yes,Urban,1
18,Male,2.25,60256.0,4,9.7,22.0,87.3,Yes,Yes,No,Urban,1
17,Male,3.05,17822.0,2,1.1,135.0,86.7,No,Yes,No,Urban,0
25,Female,3.2,23027.0,3,5.7,38.0,85.9,No,No,No,Urban,1
17,Female,3.18,44766.0,3,6.0,110.0,81.9,No,No,Yes,Suburban,1
23,Male,2.5,20295.0,4,3.4,23.0,100.0,No,Yes,No,Rural,0
24,Male,2.81,69037.0,3,5.8,9.0,85.0,No,No,No,Urban,1
16,Female,3.3,62084.0,3,1.8,45.0,100.0,No,No,No,Urban,1
21,Male,2.88,26548.0,5,8.2,17.0,81.4,No,Yes,No,Suburban,0
21,Female,2.84,37816.0,2,1.6,13.0,88.1,No,No,No,Suburban,0
19,Male,4.0,96351.0,5,5.6,1.0,84.2,No,No,No,Suburban,0
22,Male,2.48,51465.0,4,6.7,54.0,81.6,No,No,No,Rural,0
20,Male,3.59,172866.0,7,3.7,93.0,86.5,No,No,No,Urban,0
20,Female,2.36,37841.0,2,8.0,32.0,100.0,No,No,Yes,Urban,0
20,Male,3.36,41223.0,2,1.0,61.0,98.3,No,No,No,Rural,0
24,Female,3.39,44768.0,5,4.9,59.0,88.2,No,No,No,Urban,0
22,Male,2.72,10220.0,1,1.3,10.0,77.1,No,Yes,No,Urban,0
19,Male,2.33,39809.0,3,3.3,6.0,90.6,No,No,No,Urban,0
25,Female,1.92,38780.0,4,3.9,17.0,83.8,No,No,No,Suburban,0
24,Male,2.66,73377.0,3,3.8,90.0,80.3,No,Yes,Yes,Rural,0
25,Male,3.29,98944.0,7,7.8,76.0,93.1,No,No,No,Urban,1
23,Female,2.41,35409.0,4,2.4,75.0,77.8,No,No,No,Rural,0
19,Female,3.05,5668.0,4,1.6,26.0,88.8,No,No,No,Urban,0
23,Male,2.19,49878.0,3,4.1,6.0,91.6,No,Yes,No,Suburban,0
19,Male,2.87,20087.0,3,5.2,45.0,93.3,No,No,Yes,Urban,0
18,Other,2.37,53073.0,3,6.1,12.0,77.7,No,No,No,Urban,0
20,Female,2.96,52096.0,3,7.5,7.0,100.0,No,No,No,Rural,0
25,Female,2.72,24932.0,1,0.3,15.0,90.1,No,Yes,No,Suburban,0
21,Female,2.35,50179.0,6,8.7,55.0,87.8,No,Yes,Yes,Rural,1
19,Female,2.64,12025.0,4,3.2,29.0,77.2,No,No,No,Urban,0
20,Male,2.49,55419.0,4,4.4,188.0,81.2,No,No,No,Suburban,0
18,Male,2.28,78093.0,3,5.1,6.0,84.9,No,Yes,No,Urban,0
22,Female,3.6,64014.0,8,0.2,78.0,87.5,No,Yes,No,Rural,1
19,Female,2.8,29856.0,6,4.0,28.0,90.5,No,No,No,Suburban,0
21,Female,1.79,74206.0,3,7.2,69.0,84.9,No,No,No,Suburban,0
19,Female,2.66,68553.0,1,6.4,21.0,99.3,No,No,No,Urban,0
19,Male,3.5,70686.0,4,3.9,3.0,84.7,No,No,No,Urban,0
25,Female,2.58,106830.0,3,5.5,24.0,89.3,No,No,Yes,Suburban,0
19,Female,3.82,59152.0,2,6.0,5.0,96.9,No,No,No,Urban,1
16,Male,2.53,18358.0,6,4.4,39.0,83.4,No,No,No,Urban,0
19,Female,3.28,21173.0,3,6.1,8.0,76.8,No,No,No,Suburban,0
21,Female,3.57,59186.0,4,3.2,56.0,84.4,No,No,No,Suburban,0
16,Male,3.25,8670.0,1,2.9,93.0,95.1,No,Yes,No,Urban,1
19,Female,2.24,39347.0,4,4.3,5.0,88.3,No,No,No,Rural,0
17,Female,2.48,33980.0,7,0.0,63.0,93.2,No,Yes,No,Rural,0
21,Female,3.64,67201.0,1,6.5,36.0,77.3,No,No,No,Rural,0
23,Male,2.56,15462.0,4,5.2,7.0,74.8,No,No,No,Urban,0
25,Female,3.54,68114.0,6,4.5,63.0,92.4,No,No,No,Suburban,1
19,Male,2.76,37617.0,4,6.8,125.0,90.6,No,No,No,Suburban,0
24,Female,3.08,56487.0,4,5.9,13.0,80.4,No,Yes,No,Suburban,0
18,Male,2.24,16718.0,2,7.3,14.0,78.6,No,No,No,Urban,0
23,Female,2.67,69932.0,9,8.5,126.0,86.5,No,Yes,No,Urban,1
21,Female,2.52,87408.0,5,5.7,29.0,87.4,No,Yes,Yes,Urban,0
23,Female,3.12,250000.0,8,3.4,6.0,78.0,No,Yes,Yes,Rural,0
23,Female,3.05,53909.0,2,6.6,1.0,87.2,No,No,No,Urban,0
21,Male,3.25,85358.0,5,3.4,41.0,76.2,No,Yes,No,Rural,0
18,Female,2.73,20239.0,5,3.3,12.0,82.7,No,No,No,Suburban,0
21,Male,2.49,103094.0,6,4.4,56.0,77.3,No,No,No,Urban,0
24,Female,3.1,12874.0,5,7.5,19.0,86.9,No,No,No,Urban,1
25,Male,2.43,130123.0,8,6.7,4.0,82.7,No,Yes,No,Suburban,0
25,Female,3.59,50188.0,6,6.9,4.0,98.6,No,Yes,Yes,Urban,1
17,Male,2.94,14049.0,6,5.3,3.0,90.2,No,No,No,Suburban,1
21,Female,2.82,34703.0,6,6.3,7.0,77.3,No,Yes,No,Urban,1
17,Female,3.25,84757.0,2,6.3,14.0,95.1,No,No,No,Urban,0
22,Male,2.96,39901.0,3,3.5,204.0,86.2,No,No,No,Suburban,0
25,Male,2.09,39505.0,7,6.3,68.0,93.8,No,No,No,Suburban,0
16,Female,2.42,79615.0,3,5.0,5.0,77.4,No,No,No,Rural,0
22,Female,3.58,42393.0,5,4.1,31.0,92.6,No,No,No,Rural,1
25,Male,3.05,98891.0,3,4.2,5.0,100.0,No,No,No,Urban,0
24,Male,2.08,29129.0,8,3.8,37.0,92.5,No,Yes,No,Suburban,0
19,Male,3.19,9386.0,5,4.4,20.0,83.0,No,Yes,Yes,Urban,1
17,Female,2.69,44223.0,6,5.0,45.0,97.0,No,No,No,Suburban,1
25,Female,2.52,48103.0,3,6.5,13.0,82.3,No,No,No,Urban,0
25,Male,2.37,28254.0,2,8.3,110.0,91.6,No,No,No,Urban,0
21,Female,3.55,55386.0,4,6.3,40.0,100.0,No,No,No,Rural,1
25,Female,1.92,11005.0,3,5.3,6.0,83.2,No,No,No,Urban,0
16,Female,2.54,56505.0,7,0.6,19.0,91.9,No,Yes,No,Urban,0
22,Male,3.07,17576.0,2,10.0,6.0,100.0,No,No,No,Rural,1
16,Male,3.87,14006.0,6,3.4,113.0,95.7,No,No,No,Urban,1
25,Male,3.3,47149.0,3,3.5,72.0,93.5,No,No,Yes,Suburban,1
22,Male,2.53,12997.0,6,7.8,20.0,72.1,No,No,No,Urban,1
25,Male,3.84,6462.0,6,2.6,58.0,80.1,No,No,No,Urban,1
21,Male,2.25,61775.0,2,5.8,4.0,94.7,No,No,No,Urban,0
16,Male,3.15,19352.0,5,4.0,13.0,85.3,No,No,No,Urban,1
16,Female,3.27,66185.0,2,4.4,12.0,83.8,No,No,No,Urban,0
19,Male,2.52,36531.0,4,5.1,13.0,97.2,No,No,No,Suburban,0
23,Female,3.38,47118.0,7,2.4,8.0,93.1,No,Yes,No,Urban,1
17,Male,2.72,85641.0,4,4.7,17.0,81.2,No,No,No,Urban,0
24,Female,3.38,59477.0,6,7.3,52.0,93.9,No,No,Yes,Urban,1
18,Male,1.99,67152.0,3,4.8,31.0,80.1,Yes,No,Yes,Suburban,0
20,Female,3.18,65504.0,2,10.0,19.0,75.1,No,No,No,Rural,0
18,Female,2.77,26206.0,3,5.2,61.0,90.3,No,No,No,Rural,0
20,Male,3.63,57650.0,6,2.4,1.0,77.8,No,Yes,No,Urban,1
20,Female,2.98,21497.0,5,3.9,141.0,77.7,No,Yes,No,Suburban,1
16,Male,3.69,57739.0,6,0.7,12.0,79.6,No,No,No,Urban,1
21,Female,3.28,35250.0,1,7.4,13.0,89.0,No,No,No,Suburban,1
23,Male,2.93,40805.0,3,8.5,15.0,94.0,No,No,No,Suburban,0
25,Male,3.43,120773.0,1,6.9,1.0,85.4,No,No,No,Suburban,0
19,Male,3.44,63650.0,5,3.2,1.0,78.1,No,No,No,Urban,0
24,Female,3.26,27819.0,5,3.1,29.0,78.7,No,No,No,Urban,0
24,Male,1.74,10940.0,8,6.6,111.0,75.2,No,No,No,Suburban,0
25,Female,2.46,48192.0,3,3.9,103.0,93.4,No,No,No,Rural,0
19,Male,3.76,12348.0,5,3.1,5.0,80.4,No,No,No,Urban,1
24,Male,2.31,130723.0,4,2.9,126.0,89.5,No,No,No,Suburban,0
21,Male,3.49,41660.0,2,9.1,21.0,73.2,No,No,No,Rural,0
16,Female,3.39,80085.0,3,4.0,40.0,97.8,No,No,No,Urban,0
18,Female,2.6,14830.0,3,6.8,50.0,87.5,No,No,Yes,Urban,0
22,Male,1.9,62547.0,4,6.2,72.0,75.1,No,Yes,No,Urban,0
17,Female,2.69,91245.0,5,3.1,3.0,82.8,No,Yes,No,Suburban,0
20,Male,4.0,66053.0,1,5.1,32.0,89.1,No,Yes,No,Urban,1
23,Male,2.53,76122.0,5,2.8,64.0,80.5,No,Yes,No,Suburban,0
17,Female,2.56,58711.0,2,8.2,14.0,90.5,No,No,No,Suburban,0
20,Male,2.45,32876.0,3,3.0,2.0,97.9,No,No,No,Suburban,1
18,Male,3.67,22223.0,7,5.8,5.0,94.9,No,No,No,Suburban,1
21,Female,2.87,25205.0,7,3.9,64.0,87.4,No,Yes,No,Urban,1
18,Male,2.66,132714.0,8,3.0,6.0,99.0,No,No,No,Urban,0
25,Female,3.78,51805.0,4,7.4,22.0,89.2,No,Yes,No,Urban,1
16,Female,3.32,96884.0,2,3.9,17.0,86.6,No,No,No,Rural,0
25,Female,2.49,29117.0,8,1.0,42.0,86.8,No,No,No,Urban,0
23,Female,2.33,73134.0,3,5.9,44.0,88.3,No,No,No,Urban,0
24,Female,3.64,20941.0,2,3.4,6.0,91.1,Yes,Yes,No,Suburban,1
24,Male,3.01,37265.0,2,5.3,28.0,80.4,No,No,No,Suburban,0
17,Female,2.15,31732.0,8,6.9,70.0,96.7,No,Yes,No,Suburban,1
25,Female,2.02,123136.0,2,5.8,1.0,98.0,No,No,No,Urban,0
21,Female,2.39,23960.0,2,7.0,141.0,100.0,No,No,No,Urban,0
25,Male,2.32,67794.0,3,2.1,15.0,73.9,No,Yes,No,Suburban,0
24,Female,1.87,59760.0,5,7.6,4.0,87.9,Yes,No,No,Urban,0
21,Female,2.4,16073.0,4,4.3,25.0,81.2,No,No,No,Urban,0
19,Male,2.49,97555.0,5,1.9,45.0,92.8,No,No,No,Suburban,0
17,Female,2.75,104986.0,6,0.0,56.0,97.4,No,Yes,No,Urban,0
17,Male,3.93,51958.0,5,4.3,30.0,87.9,No,Yes,No,Urban,1
19,Male,2.85,46051.0,5,3.3,76.0,85.2,No,No,No,Urban,0
24,Female,2.91,9210.0,5,3.3,46.0,83.8,No,No,No,Suburban,0
21,Male,3.28,14033.0,4,5.7,16.0,86.1,No,No,No,Urban,1
20,Male,2.87,36523.0,5,8.8,40.0,90.7,No,No,No,Suburban,0
18,Male,3.22,21503.0,6,3.0,28.0,90.6,Yes,No,No,Suburban,1
21,Male,3.15,80148.0,4,5.2,11.0,99.7,No,No,No,Rural,1
22,Female,3.07,13533.0,7,3.8,16.0,86.4,No,No,No,Urban,1
25,Female,4.0,12424.0,3,2.8,85.0,95.0,No,No,Yes,Suburban,1
23,Female,3.5,63762.0,5,2.8,83.0,80.7,No,No,No,Rural,0
22,Male,2.41,56982.0,1,8.6,7.0,77.7,No,No,Yes,Urban,0
25,Female,3.2,49380.0,3,5.0,10.0,95.9,No,No,No,Rural,0
20,Female,2.56,73322.0,6,4.6,23.0,91.1,No,Yes,No,Urban,0
25,Female,3.25,27240.0,4,3.5,54.0,83.7,No,Yes,No,Urban,0
19,Male,2.24,32840.0,4,5.1,44.0,80.5,Yes,Yes,No,Suburban,0
17,Male,2.39,55767.0,4,3.6,9.0,84.1,No,Yes,No,Rural,0
20,Female,3.19,51743.0,5,9.2,2.0,89.7,No,Yes,Yes,Rural,1
17,Female,3.55,23011.0,1,5.6,82.0,89.2,No,No,No,Urban,1
17,Male,3.28,88813.0,1,5.3,4.0,76.4,No,No,No,Urban,0
24,Female,3.47,16489.0,4,5.3,114.0,77.8,No,No,No,Suburban,0
23,Male,3.21,34884.0,3,7.9,75.0,89.0,No,Yes,No,Rural,1
18,Male,3.09,17543.0,5,5.0,26.0,92.6,No,No,No,Suburban,1
24,Female,2.72,169003.0,2,4.0,1.0,81.6,No,No,Yes,Suburban,0
16,Female,3.45,46939.0,4,5.4,1.0,76.6,No,No,Yes,Urban,0
18,Male,3.56,20393.0,3,6.7,46.0,88.2,No,No,No,Suburban,1
23,Female,2.97,31927.0,5,7.6,9.0,70.3,No,No,No,Rural,0
19,Female,2.94,55209.0,4,5.5,76.0,84.9,No,No,No,Rural,0
23,Male,3.88,79768.0,3,5.5,83.0,92.7,No,No,No,Suburban,0
24,Female,2.99,22099.0,3,7.2,15.0,86.0,No,Yes,No,Urban,1
16,Female,3.04,108470.0,6,0.0,32.0,75.5,No,No,No,Urban,0
16,Female,3.27,45668.0,4,5.2,101.0,100.0,No,Yes,No,Suburban,1
25,Other,2.95,64164.0,4,3.7,14.0,88.0,No,No,No,Urban,1
21,Female,2.55,30079.0,3,5.1,24.0,89.7,No,Yes,No,Suburban,1
21,Male,3.21,58076.0,3,5.8,22.0,95.0,No,No,No,Suburban,0
20,Male,2.98,28390.0,3,7.7,39.0,86.5,No,Yes,No,Suburban,0
20,Female,4.0,33266.0,5,2.0,1.0,85.8,No,No,Yes,Suburban,1
22,Other,3.43,81769.0,2,3.4,205.0,97.8,No,No,No,Urban,0
21,Male,2.67,61780.0,3,3.0,140.0,81.5,No,Yes,No,Suburban,0
17,Male,3.4,35836.0,7,3.7,27.0,95.3,No,No,No,Urban,0
22,Female,3.17,78850.0,7,2.0,37.0,79.0,No,No,No,Rural,0
22,Male,3.72,53965.0,4,9.7,124.0,82.2,No,No,No,Urban,1
17,Male,2.71,7688.0,3,6.9,21.0,90.3,Yes,Yes,No,Rural,1
19,Female,3.1,40957.0,3,3.3,33.0,99.4,No,No,No,Rural,0
23,Female,2.95,80590.0,1,5.0,17.0,89.2,No,No,Yes,Suburban,0
22,Female,3.03,130124.0,2,4.0,20.0,76.8,No,Yes,No,Rural,0
17,Female,2.51,18761.0,5,5.3,175.0,93.7,No,No,No,Suburban,1
16,Male,3.32,77143.0,4,3.3,10.0,81.6,No,No,No,Urban,0
21,Female,3.23,45437.0,3,1.6,1.0,93.1,Yes,No,No,Urban,0
20,Male,3.71,16069.0,1,3.7,39.0,90.3,No,Yes,No,Rural,1
25,Male,2.99,17312.0,1,8.0,7.0,76.0,No,No,No,Suburban,1
21,Female,2.77,19373.0,5,1.7,30.0,90.9,No,Yes,No,Rural,1
25,Female,3.43,11851.0,2,7.4,36.0,78.1,No,No,No,Suburban,1
18,Female,2.56,14801.0,2,6.2,22.0,98.8,Yes,No,Yes,Urban,1
20,Male,3.6,46731.0,2,4.1,182.0,75.4,No,No,No,Rural,0
17,Female,3.6,7510.0,5,6.7,7.0,86.7,No,Yes,No,Urban,1
21,Female,3.69,22385.0,2,5.5,46.0,80.4,No,No,No,Rural,1
17,Female,3.21,33536.0,3,0.3,37.0,99.3,No,Yes,No,Urban,1
20,Female,2.73,22498.0,3,4.1,19.0,75.6,No,Yes,No,Urban,1
19,Male,3.06,13306.0,4,4.2,32.0,100.0,No,No,No,Urban,1
17,Female,3.21,44386.0,4,8.2,3.0,85.1,No,No,No,Rural,0
16,Female,2.69,22118.0,2,4.1,94.0,83.5,Yes,No,Yes,Suburban,0
21,Female,3.73,23591.0,4,4.5,32.0,94.2,No,No,No,Urban,1
25,Female,3.32,39559.0,4,2.4,80.0,87.7,No,Yes,No,Urban,0
17,Female,2.51,67485.0,3,4.9,5.0,81.2,No,Yes,No,Rural,0
20,Male,4.0,26673.0,5,2.4,52.0,81.9,No,No,No,Urban,1
18,Male,3.05,27785.0,6,7.4,9.0,84.0,No,No,No,Suburban,0
24,Female,2.4,15523.0,6,4.1,33.0,82.5,Yes,No,No,Suburban,1
20,Other,2.54,79985.0,2,2.4,53.0,94.5,No,Yes,No,Urban,0
25,Other,3.82,44950.0,8,7.7,9.0,88.7,No,Yes,Yes,Suburban,1
18,Male,4.0,76650.0,5,2.1,3.0,91.7,No,Yes,No,Rural,1
16,Male,3.56,84962.0,3,5.6,9.0,84.7,No,No,No,Urban,1
21,Female,3.73,26383.0,2,1.7,24.0,93.2,No,Yes,No,Rural,1
22,Female,3.67,72855.0,3,5.6,81.0,82.4,No,Yes,No,Urban,1
25,Male,3.31,48177.0,3,7.3,3.0,80.6,No,No,No,Suburban,0
24,Female,3.18,28296.0,1,3.6,12.0,83.9,No,No,No,Suburban,1
24,Male,3.3,24890.0,4,2.4,3.0,99.4,No,Yes,No,Urban,1
22,Female,3.4,44052.0,6,2.5,11.0,83.4,No,Yes,No,Urban,1
19,Male,2.59,51786.0,4,4.9,12.0,83.8,No,No,Yes,Suburban,0
20,Male,3.4,5612.0,6,9.2,6.0,89.7,No,No,No,Urban,1
17,Male,3.8,31544.0,4,7.3,18.0,87.0,No,Yes,Yes,Suburban,1
20,Female,2.89,50249.0,3,7.6,15.0,79.3,No,Yes,No,Urban,0
19,Female,2.83,58768.0,2,2.6,18.0,78.5,No,No,Yes,Suburban,0
16,Female,3.26,39337.0,4,7.4,71.0,94.0,No,No,No,Suburban,1
18,Male,2.64,57550.0,3,7.2,95.0,78.5,No,No,No,Urban,0
21,Male,2.28,24923.0,3,5.7,38.0,95.1,No,No,Yes,Urban,0
19,Male,3.63,56547.0,2,3.6,55.0,84.3,No,No,No,Urban,1
25,Female,2.75,51351.0,1,7.1,44.0,69.4,No,No,No,Urban,0
20,Male,3.01,84067.0,8,3.5,102.0,93.2,No,No,No,Urban,0
25,Female,2.66,112085.0,6,6.4,33.0,94.4,No,Yes,No,Urban,0
22,Female,3.7,85425.0,7,4.2,15.0,92.7,No,Yes,No,Urban,1
16,Female,3.47,35829.0,3,2.8,10.0,84.3,No,No,No,Urban,0
18,Male,2.87,16323.0,1,4.1,46.0,85.2,No,Yes,Yes,Suburban,1
23,Female,2.35,22372.0,8,9.3,13.0,84.4,Yes,Yes,No,Urban,1
21,Male,2.81,110127.0,4,2.4,21.0,82.2,No,No,No,Rural,0
19,Male,3.31,45707.0,5,7.2,22.0,90.2,No,No,No,Urban,1
21,Female,3.1,52777.0,4,6.8,19.0,86.4,No,No,No,Urban,0
25,Female,3.06,76587.0,1,4.6,3.0,84.3,No,No,Yes,Urban,0
19,Female,3.12,43755.0,5,3.8,34.0,82.3,No,No,No,Suburban,0
16,Male,3.42,93977.0,4,2.3,83.0,89.2,No,Yes,No,Rural,0
19,Other,2.98,14618.0,7,7.8,62.0,98.1,Yes,No,Yes,Suburban,1
25,Other,3.25,60659.0,8,2.4,83.0,89.0,No,No,Yes,Suburban,0
23,Male,2.46,132444.0,6,0.0,4.0,77.2,No,No,No,Urban,0
24,Female,4.0,98929.0,8,5.7,1.0,87.8,No,Yes,No,Rural,1
25,Male,2.84,102703.0,8,2.0,13.0,91.9,No,No,No,Urban,0
17,Female,3.11,13326.0,7,4.8,73.0,93.7,Yes,No,Yes,Urban,1
18,Female,3.31,50761.0,3,2.0,91.0,92.1,No,No,No,Suburban,1
16,Female,2.77,39932.0,4,3.7,160.0,89.1,No,No,Yes,Suburban,0
16,Female,3.0,22260.0,1,5.2,41.0,100.0,No,No,No,Rural,1
24,Male,3.0,51331.0,3,5.6,36.0,78.5,No,No,No,Urban,0
25,Female,2.5,16462.0,4,7.9,14.0,99.9,No,No,No,Urban,0
17,Female,3.24,57459.0,3,5.0,22.0,92.4,No,No,No,Rural,0
23,Male,2.09,20911.0,4,5.2,30.0,100.0,No,Yes,Yes,Rural,0
21,Male,3.96,55494.0,6,4.5,90.0,76.4,No,Yes,No,Suburban,1
16,Female,3.44,23133.0,5,7.0,54.0,100.0,No,No,No,Urban,1
25,Female,3.35,34305.0,2,2.5,7.0,100.0,No,Yes,No,Suburban,1
24,Female,2.04,31925.0,6,4.0,75.0,86.7,No,No,Yes,Urban,0
21,Female,2.56,39344.0,4,5.0,2.0,81.2,No,No,No,Suburban,0
23,Female,3.76,42289.0,1,3.0,55.0,100.0,No,No,No,Urban,1
19,Male,4.0,32035.0,6,8.1,28.0,81.4,No,No,No,Suburban,1
23,Male,3.66,19104.0,2,5.7,89.0,96.4,No,No,Yes,Rural,1
20,Female,3.57,87787.0,4,2.3,85.0,100.0,No,No,No,Suburban,0
25,Female,3.29,43596.0,6,5.9,54.0,86.7,No,Yes,Yes,Urban,1
16,Female,2.53,52141.0,1,7.9,12.0,86.7,No,Yes,No,Urban,1
17,Female,3.55,32045.0,7,3.4,52.0,100.0,No,No,No,Suburban,1
25,Female,2.39,172254.0,5,8.0,22.0,85.5,No,Yes,No,Suburban,0
18,Female,2.33,46322.0,3,5.6,34.0,83.5,No,No,No,Rural,1
19,Female,2.3,90735.0,7,5.4,29.0,66.4,Yes,No,No,Suburban,0
23,Male,3.54,34726.0,2,7.6,51.0,97.0,No,No,No,Rural,1
17,Female,2.97,62327.0,5,5.4,1.0,85.0,No,No,No,Rural,0
21,Female,3.06,38176.0,6,5.9,14.0,94.3,No,No,No,Suburban,0
18,Male,2.99,81352.0,3,5.2,75.0,86.8,No,No,Yes,Rural,0
17,Female,2.38,29514.0,3,1.1,17.0,98.7,No,No,No,Suburban,0
25,Female,2.63,17242.0,5,5.9,46.0,99.0,Yes,No,No,Urban,1
17,Female,2.66,52022.0,2,5.6,46.0,80.0,No,No,Yes,Suburban,0
16,Female,2.23,84962.0,4,4.2,30.0,84.3,No,No,No,Suburban,0
22,Male,2.72,39021.0,5,0.0,24.0,92.6,No,No,No,Urban,0
24,Male,2.41,28911.0,1,6.4,29.0,99.3,No,No,No,Urban,0
17,Male,3.32,14616.0,3,3.1,49.0,88.9,No,Yes,Yes,Urban,0
23,Male,3.36,85746.0,5,2.5,9.0,89.7,No,Yes,No,Suburban,0
21,Female,2.29,21623.0,3,2.3,47.0,90.8,No,No,No,Suburban,0
24,Female,2.84,31716.0,1,0.7,36.0,81.0,Yes,No,No,Urban,0
17,Female,4.0,31184.0,3,6.0,94.0,84.4,No,Yes,No,Rural,1
25,Male,2.46,41317.0,5,10.0,37.0,86.5,No,No,No,Urban,0
22,Male,3.23,61976.0,5,3.7,91.0,96.0,No,No,No,Urban,0
24,Male,3.06,141125.0,4,6.8,78.0,100.0,No,Yes,Yes,Suburban,0
19,Female,3.6,53586.0,2,4.8,3.0,80.7,No,Yes,No,Rural,1
25,Male,3.16,14692.0,7,5.6,118.0,93.8,No,No,No,Urban,1
22,Female,2.76,39825.0,5,4.9,27.0,89.7,No,No,Yes,Urban,0
17,Female,3.04,54146.0,3,6.7,85.0,84.0,No,Yes,No,Suburban,0
25,Female,3.04,94956.0,5,2.3,10.0,80.3,Yes,Yes,No,Urban,0
23,Male,2.95,87913.0,3,5.2,154.0,89.8,No,Yes,No,Urban,1
19,Male,2.27,38703.0,9,7.5,104.0,83.3,No,No,Yes,Suburban,0
21,Female,3.68,45435.0,3,6.5,34.0,91.0,No,No,No,Rural,1
19,Female,3.59,50086.0,4,5.7,52.0,80.0,No,No,No,Suburban,0
21,Male,2.43,45565.0,1,5.2,155.0,79.2,No,No,No,Urban,0
25,Female,2.83,39774.0,5,4.2,5.0,96.6,No,No,Yes,Urban,0
24,Female,2.88,114052.0,2,4.2,27.0,89.6,No,No,No,Suburban,0
18,Male,2.36,25156.0,4,1.6,62.0,89.4,Yes,No,No,Suburban,1
25,Male,1.97,78068.0,5,6.1,24.0,84.0,No,No,No,Urban,0
20,Male,2.63,68805.0,3,8.0,18.0,94.1,No,Yes,No,Suburban,0
23,Male,2.8,38683.0,7,5.6,14.0,86.5,No,Yes,Yes,Urban,1
23,Male,2.21,23891.0,7,5.0,8.0,94.2,No,No,No,Rural,0
20,Female,3.1,43475.0,5,6.3,32.0,84.4,No,No,No,Suburban,1
20,Male,3.64,63768.0,4,0.3,9.0,79.5,No,No,Yes,Urban,0
20,Female,3.46,2218.0,5,3.9,16.0,82.2,No,No,No,Rural,0
24,Female,2.93,16358.0,3,4.8,23.0,91.4,No,Yes,No,Urban,1
19,Male,1.99,4192.0,7,1.2,20.0,80.1,No,No,Yes,Suburban,0
18,Male,3.39,52523.0,1,5.4,1.0,100.0,No,No,No,Urban,0
19,Female,3.08,50880.0,6,0.9,41.0,77.1,No,Yes,No,Suburban,0
17,Other,3.23,18002.0,4,6.5,1.0,86.8,No,No,Yes,Suburban,1
19,Female,4.0,22422.0,4,5.5,90.0,97.5,No,Yes,No,Rural,1
17,Male,2.55,48920.0,3,4.6,70.0,90.3,No,No,No,Rural,0
16,Male,1.42,10708.0,3,6.7,28.0,85.2,No,No,No,Urban,0
23,Male,2.42,66382.0,3,5.3,1.0,97.2,No,No,No,Urban,0
16,Female,3.27,35539.0,4,6.0,19.0,80.6,No,No,No,Rural,0
21,Female,3.01,41405.0,4,5.6,43.0,85.7,No,No,Yes,Suburban,0
23,Female,2.33,43979.0,4,3.1,104.0,75.1,No,Yes,Yes,Suburban,0
23,Female,2.22,14941.0,2,8.5,12.0,95.1,No,Yes,No,Suburban,0
20,Male,2.8,44146.0,4,7.7,74.0,92.5,No,No,No,Rural,1
17,Female,2.31,61164.0,1,5.9,11.0,92.5,No,No,No,Suburban,0
25,Male,3.29,24250.0,4,5.3,74.0,89.0,No,No,Yes,Suburban,1
24,Female,2.77,22114.0,7,6.7,23.0,88.7,No,No,No,Urban,0
22,Female,2.66,135585.0,4,7.8,14.0,88.9,No,Yes,No,Urban,0
16,Female,2.58,20290.0,6,9.2,8.0,90.4,No,No,No,Rural,1
16,Male,3.14,30474.0,4,3.8,31.0,89.0,No,Yes,No,Suburban,1
19,Female,3.02,101231.0,3,7.3,15.0,80.5,No,No,No,Suburban,0
17,Female,3.11,10009.0,6,4.8,179.0,69.9,Yes,No,Yes,Suburban,1
24,Male,3.1,37928.0,3,1.5,80.0,100.0,No,No,No,Rural,1
18,Male,2.96,60289.0,7,6.8,56.0,82.8,No,No,No,Suburban,0
18,Female,2.43,39675.0,1,8.2,38.0,86.6,No,No,Yes,Rural,0
25,Male,2.6,8565.0,2,7.1,190.0,96.9,No,No,No,Urban,0
24,Male,2.78,16336.0,2,4.6,2.0,90.7,No,No,No,Urban,0
18,Male,4.0,7257.0,2,5.9,18.0,76.6,No,No,No,Urban,1
19,Male,2.26,36081.0,7,6.5,2.0,78.7,No,No,No,Urban,0
21,Male,2.77,54264.0,2,6.3,126.0,95.0,No,No,No,Suburban,0
22,Female,3.05,24093.0,4,7.7,26.0,92.8,Yes,No,Yes,Suburban,1
25,Male,2.83,32179.0,7,7.1,72.0,83.9,No,No,No,Suburban,0
24,Female,3.59,32049.0,5,3.7,68.0,87.7,No,No,No,Suburban,0
25,Male,2.83,90681.0,3,5.1,19.0,88.3,No,No,No,Urban,0
16,Male,2.87,48416.0,6,3.9,232.0,90.0,No,No,No,Urban,1
18,Male,3.45,44025.0,4,5.4,17.0,91.4,No,Yes,No,Urban,1
21,Female,4.0,81348.0,3,0.9,83.0,84.9,No,No,No,Rural,1
16,Female,3.77,12496.0,3,9.2,6.0,93.6,No,Yes,Yes,Urban,1
19,Female,2.92,47966.0,4,3.3,22.0,92.8,No,Yes,No,Suburban,0
17,Male,2.97,27356.0,5,3.9,7.0,95.0,No,No,No,Rural,0
25,Male,3.03,98825.0,6,5.2,78.0,94.2,No,No,No,Suburban,0
16,Male,3.08,81782.0,3,2.0,84.0,94.0,No,No,No,Suburban,0
17,Female,2.53,27335.0,5,4.3,50.0,84.4,No,No,No,Rural,0
17,Male,3.52,33665.0,4,5.4,49.0,87.0,No,No,No,Urban,1
17,Other,3.11,19279.0,4,8.6,30.0,81.2,Yes,Yes,No,Rural,1
21,Female,2.98,73385.0,7,5.3,3.0,89.6,No,No,No,Rural,0
19,Female,2.3,63025.0,3,4.1,12.0,81.6,No,No,No,Suburban,0
25,Female,3.03,35064.0,2,2.5,46.0,91.8,No,No,No,Urban,0
18,Male,1.96,34783.0,4,9.7,1.0,97.6,Yes,No,Yes,Urban,1
21,Female,2.68,29106.0,7,5.2,109.0,88.0,No,No,No,Urban,0
22,Male,2.69,94880.0,2,5.2,12.0,83.7,No,Yes,No,Urban,0
22,Female,3.16,37396.0,4,2.0,2.0,92.0,No,No,No,Urban,0
23,Female,4.0,29985.0,1,6.2,26.0,96.3,No,No,No,Suburban,1
18,Male,3.31,68634.0,2,3.7,3.0,82.0,No,No,No,Rural,0
21,Female,3.8,3792.0,7,8.2,37.0,88.9,No,No,No,Urban,1
24,Male,3.35,33228.0,7,6.0,300.0,90.5,No,Yes,No,Urban,1
24,Male,3.62,75011.0,8,5.3,7.0,85.8,No,No,Yes,Urban,1
22,Female,4.0,109001.0,3,2.1,11.0,92.1,No,Yes,No,Urban,1
22,Male,2.6,24934.0,7,4.8,29.0,74.9,Yes,No,No,Urban,1
24,Female,2.56,58170.0,2,4.5,31.0,90.8,Yes,Yes,No,Urban,0
22,Female,3.37,24808.0,4,5.3,35.0,100.0,No,No,No,Rural,1
25,Female,3.0,142994.0,5,0.7,7.0,92.5,No,Yes,No,Suburban,0
17,Male,3.12,45964.0,7,3.0,39.0,88.3,No,No,No,Suburban,0
19,Male,2.86,62716.0,1,3.9,44.0,78.3,No,No,No,Urban,0
17,Other,2.67,4860.0,2,6.1,24.0,85.3,Yes,Yes,No,Rural,1
16,Male,3.89,28856.0,4,0.8,93.0,90.5,No,Yes,No,Rural,1
20,Female,2.4,68865.0,5,8.0,25.0,88.7,No,No,No,Suburban,0
18,Male,3.38,12398.0,4,7.7,81.0,78.1,No,Yes,No,Rural,1
20,Male,3.29,45883.0,4,2.8,33.0,90.0,No,Yes,No,Suburban,0
20,Female,2.13,112205.0,2,10.0,18.0,81.1,No,Yes,No,Urban,0
22,Female,2.54,71428.0,8,5.5,169.0,83.4,No,No,No,Suburban,0
25,Female,2.64,59594.0,2,4.8,140.0,95.2,No,No,No,Urban,0
24,Female,3.31,30190.0,5,6.3,32.0,86.1,No,No,Yes,Urban,1
19,Male,2.8,15580.0,2,5.9,66.0,82.8,No,No,No,Suburban,0
19,Male,2.95,39452.0,2,5.3,105.0,80.1,No,Yes,No,Suburban,1
23,Male,2.2,64466.0,5,2.6,7.0,82.3,No,No,No,Suburban,0
17,Female,4.0,19280.0,2,4.0,1.0,83.7,No,No,Yes,Rural,1
21,Male,3.04,71001.0,4,5.8,54.0,94.9,No,Yes,No,Urban,0
20,Female,3.27,47684.0,5,6.8,1.0,87.7,No,No,No,Rural,1
17,Male,2.7,22181.0,3,8.2,33.0,97.6,No,Yes,No,Suburban,1
22,Female,2.64,9625.0,4,4.0,16.0,78.7,No,Yes,No,Urban,0
19,Female,4.0,12188.0,4,5.2,42.0,98.3,No,No,No,Suburban,1
17,Female,1.95,38364.0,3,3.5,64.0,86.8,No,Yes,No,Urban,0
22,Male,3.15,86760.0,2,7.4,11.0,86.2,No,No,Yes,Urban,0
17,Other,2.33,22443.0,5,4.3,4.0,86.1,No,No,No,Suburban,0
22,Male,2.78,94342.0,5,3.7,22.0,100.0,No,Yes,No,Rural,0
17,Male,2.65,8507.0,1,5.1,65.0,84.2,No,No,Yes,Suburban,1
20,Male,2.46,43201.0,2,1.3,102.0,100.0,No,No,No,Urban,1
24,Male,3.02,40133.0,8,6.2,29.0,94.9,No,No,No,Urban,1
18,Female,1.59,54575.0,5,4.3,52.0,79.2,No,No,No,Suburban,0
23,Male,2.83,47134.0,6,10.0,76.0,80.3,No,Yes,No,Urban,0
23,Male,2.95,29889.0,3,3.6,91.0,89.5,No,No,No,Rural,0
25,Female,2.25,30068.0,5,4.4,12.0,88.8,No,No,No,Urban,0
17,Female,3.83,76459.0,2,7.2,52.0,84.8,No,No,No,Rural,1
23,Female,2.67,44860.0,7,6.7,43.0,83.7,No,Yes,No,Urban,1
25,Female,2.87,4557.0,3,7.3,4.0,100.0,No,Yes,No,Urban,1
23,Male,2.67,32213.0,6,4.4,16.0,89.2,No,No,No,Urban,0
17,Female,2.96,34404.0,3,2.5,27.0,91.8,No,Yes,No,Rural,0
24,Male,3.72,34259.0,2,10.0,142.0,88.9,No,Yes,No,Suburban,1
17,Male,4.0,69214.0,7,6.1,20.0,88.3,No,No,No,Suburban,1
21,Male,3.41,26577.0,3,5.5,28.0,100.0,No,No,No,Urban,1
20,Female,3.6,49941.0,3,6.8,26.0,92.6,No,Yes,Yes,Urban,1
21,Male,3.94,113460.0,4,2.1,42.0,100.0,No,No,No,Urban,0
21,Female,3.14,87166.0,8,4.0,20.0,94.2,No,No,No,Urban,0
16,Male,3.86,24727.0,4,2.7,22.0,82.8,No,Yes,No,Urban,1
21,Male,3.44,45785.0,8,5.4,50.0,98.0,No,No,No,Urban,0
25,Male,3.08,2193.0,4,2.0,65.0,87.4,No,No,No,Urban,0
20,Male,3.19,62037.0,4,6.5,21.0,100.0,No,No,No,Urban,0
18,Male,2.0,14589.0,1,7.6,11.0,82.6,No,No,No,Suburban,0
25,Female,3.16,41347.0,6,7.5,2.0,75.3,No,No,No,Suburban,0
16,Female,2.15,37399.0,2,6.0,49.0,88.8,No,Yes,No,Urban,0
20,Male,2.11,84245.0,4,5.4,60.0,99.7,No,No,No,Suburban,0
21,Female,3.11,50212.0,1,4.1,36.0,83.0,No,Yes,No,Rural,1
20,Male,2.39,37191.0,3,6.0,79.0,92.6,No,Yes,No,Suburban,0
25,Male,3.0,64923.0,3,4.8,24.0,82.6,No,Yes,No,Rural,0
20,Male,3.08,93262.0,1,0.9,23.0,95.6,No,Yes,No,Rural,0
25,Female,3.1,3222.0,4,3.6,10.0,85.1,No,No,No,Urban,1
16,Male,2.5,25882.0,2,6.7,14.0,90.1,No,No,No,Urban,0
23,Female,3.49,115584.0,2,2.5,1.0,85.3,No,Yes,No,Urban,0
21,Male,2.95,152053.0,3,2.5,11.0,82.0,No,Yes,No,Urban,0
18,Female,3.24,22059.0,3,4.6,38.0,72.6,No,Yes,No,Rural,1
18,Male,2.34,75585.0,7,0.2,19.0,77.6,No,Yes,No,Rural,0
23,Female,2.9,22009.0,6,6.6,0.0,85.8,No,No,No,Urban,1
22,Female,3.6,17176.0,2,6.4,17.0,91.6,No,Yes,No,Suburban,1
22,Male,3.53,38281.0,2,7.1,2.0,100.0,No,No,No,Rural,1
16,Male,2.56,81533.0,5,5.5,22.0,83.8,No,No,No,Suburban,0
21,Female,2.7,34790.0,1,3.1,40.0,82.9,No,Yes,No,Urban,0
25,Other,2.46,80816.0,6,2.3,240.0,77.4,No,Yes,No,Urban,0
16,Other,2.64,85845.0,7,6.2,48.0,94.8,No,No,No,Urban,0
20,Male,2.23,29068.0,5,6.6,45.0,92.6,Yes,Yes,Yes,Urban,1
20,Female,2.92,28410.0,8,2.5,4.0,91.6,No,No,No,Urban,0
24,Male,3.35,35494.0,3,2.2,66.0,90.8,No,No,No,Urban,0
18,Male,2.57,42470.0,1,5.0,51.0,85.0,No,No,No,Suburban,0
20,Female,2.95,38829.0,2,5.3,9.0,98.9,No,No,No,Urban,0
23,Female,2.88,45358.0,5,7.1,39.0,81.8,No,No,Yes,Rural,0
16,Female,3.58,30738.0,8,6.5,16.0,84.2,No,Yes,No,Suburban,1
24,Female,2.66,15806.0,2,4.8,14.0,79.9,No,Yes,No,Urban,0
24,Male,2.68,133029.0,3,7.3,15.0,87.0,No,No,No,Suburban,0
23,Female,2.53,25861.0,1,4.2,20.0,81.8,No,Yes,No,Suburban,0
22,Male,2.37,9321.0,4,4.3,23.0,83.0,No,No,No,Rural,0
23,Male,3.29,68374.0,6,6.9,17.0,78.4,Yes,No,No,Rural,1
23,Male,2.93,18474.0,2,7.1,14.0,80.3,Yes,Yes,Yes,Urban,1
25,Female,3.03,63845.0,5,7.2,233.0,75.1,No,No,No,Urban,0
20,Female,3.7,24952.0,5,4.6,93.0,90.9,No,No,No,Suburban,1
20,Male,3.73,149455.0,1,5.2,28.0,81.1,No,No,No,Urban,0
22,Female,2.09,102916.0,4,3.1,114.0,100.0,No,No,No,Urban,0
17,Other,3.36,36690.0,3,7.0,43.0,95.6,No,No,No,Urban,1
24,Female,3.12,59678.0,3,3.7,65.0,88.6,No,Yes,No,Suburban,1
23,Female,2.75,51680.0,1,0.6,28.0,92.6,No,Yes,No,Suburban,0
22,Male,3.18,24230.0,1,4.0,3.0,94.9,No,Yes,No,Urban,1
19,Female,2.05,66735.0,2,3.1,20.0,84.0,No,Yes,No,Urban,0
19,Female,3.8,45093.0,4,0.0,114.0,86.4,No,No,No,Suburban,0
20,Female,3.28,49698.0,6,3.7,4.0,96.6,No,No,No,Urban,1
22,Female,2.52,63069.0,2,6.7,30.0,97.1,Yes,Yes,Yes,Urban,1
23,Male,2.68,39610.0,1,5.9,16.0,81.8,No,No,Yes,Suburban,0
22,Male,2.06,21794.0,10,5.9,47.0,100.0,No,Yes,No,Urban,0
25,Female,2.83,59683.0,3,8.1,29.0,77.2,No,Yes,No,Urban,0
25,Male,2.73,70711.0,3,3.7,192.0,69.7,No,No,No,Suburban,0
23,Male,2.27,70956.0,6,2.5,18.0,100.0,No,Yes,No,Rural,0
19,Female,3.43,71971.0,10,6.1,4.0,93.8,No,Yes,Yes,Rural,1
21,Female,3.7,54624.0,6,5.8,2.0,89.5,No,Yes,No,Suburban,1
20,Female,2.98,9859.0,5,2.2,0.0,94.5,No,Yes,No,Urban,0
22,Female,2.83,153768.0,7,4.6,1.0,82.6,No,Yes,No,Urban,0
24,Female,3.24,70364.0,3,6.2,18.0,74.1,No,No,No,Suburban,0
19,Female,2.99,32092.0,1,5.6,51.0,84.4,No,No,No,Suburban,1
21,Female,2.4,77410.0,5,6.6,0.0,82.4,No,No,No,Urban,0
16,Male,2.64,16723.0,1,3.5,18.0,80.1,No,No,Yes,Urban,0
23,Female,2.84,64119.0,3,1.9,38.0,83.2,No,Yes,Yes,Rural,0
20,Male,3.14,34657.0,1,3.0,16.0,83.3,No,Yes,No,Rural,1
20,Male,3.01,17543.0,5,6.9,26.0,84.2,No,No,No,Urban,0
21,Male,3.12,17294.0,5,7.3,63.0,91.0,No,Yes,No,Suburban,1
18,Female,2.16,57481.0,2,4.6,124.0,92.5,No,No,No,Urban,0
21,Female,3.37,62249.0,1,8.3,12.0,90.4,No,Yes,Yes,Urban,1
23,Female,3.0,20628.0,4,4.6,168.0,67.7,No,No,Yes,Urban,0
19,Other,4.0,35025.0,5,3.9,68.0,79.9,Yes,Yes,No,Rural,1
17,Female,2.79,53630.0,3,1.9,30.0,80.0,No,Yes,No,Suburban,0
19,Male,3.18,28603.0,4,4.8,10.0,97.6,Yes,No,Yes,Suburban,1
17,Female,4.0,137607.0,6,7.3,149.0,81.2,No,Yes,Yes,Rural,0
19,Female,3.11,57977.0,1,7.8,42.0,72.8,Yes,Yes,No,Suburban,1
22,Female,2.96,39682.0,6,7.4,32.0,93.5,No,Yes,Yes,Urban,1
17,Male,2.46,85210.0,6,6.1,21.0,88.7,No,No,No,Suburban,0
23,Male,3.84,61325.0,8,8.5,8.0,100.0,No,Yes,No,Urban,1
18,Female,2.36,53968.0,6,2.9,67.0,77.0,No,No,No,Suburban,0
24,Male,3.23,58721.0,3,7.6,112.0,86.3,No,Yes,No,Suburban,1
23,Male,2.74,71551.0,3,5.6,6.0,79.7,No,Yes,No,Rural,0
18,Male,2.9,26560.0,2,5.5,60.0,79.7,No,No,No,Urban,0
21,Male,2.22,7545.0,1,1.9,33.0,81.4,No,No,Yes,Suburban,0
17,Male,3.74,89893.0,8,5.8,58.0,79.2,No,No,No,Suburban,0
16,Other,2.85,45209.0,6,7.5,22.0,89.5,No,No,No,Urban,0
25,Female,2.33,30575.0,7,0.3,32.0,88.5,No,No,No,Suburban,0
24,Female,3.69,21717.0,5,6.8,66.0,87.7,No,Yes,No,Urban,1
17,Male,2.72,19437.0,3,0.0,56.0,98.1,No,Yes,Yes,Urban,0
18,Male,3.18,48686.0,4,1.9,8.0,92.5,No,No,No,Urban,0
17,Male,3.46,42191.0,4,4.8,31.0,94.7,No,No,No,Suburban,1
19,Male,3.26,85938.0,6,8.5,25.0,89.3,No,No,Yes,Urban,0
18,Male,1.79,63265.0,3,4.7,44.0,90.5,No,Yes,Yes,Suburban,0
19,Female,3.38,70725.0,1,6.0,17.0,95.4,No,Yes,No,Urban,1
21,Other,2.94,83050.0,4,3.0,6.0,78.9,No,No,No,Rural,0
17,Female,2.82,50499.0,7,4.6,3.0,82.8,No,No,No,Urban,0
24,Male,2.94,111786.0,7,4.9,10.0,88.6,No,No,No,Suburban,0
23,Male,2.11,25472.0,7,8.6,29.0,88.3,No,No,No,Rural,1
23,Male,3.11,81932.0,3,3.4,16.0,76.6,Yes,No,No,Rural,1
17,Male,2.25,7437.0,1,3.5,17.0,94.1,No,No,No,Rural,0
23,Female,2.84,7844.0,2,7.4,27.0,99.5,No,No,Yes,Urban,0
24,Male,3.09,16333.0,6,4.5,1.0,98.9,No,No,No,Suburban,1
17,Female,3.59,39821.0,5,5.2,13.0,82.5,Yes,No,No,Rural,1
23,Female,2.55,6605.0,3,6.0,92.0,94.8,No,Yes,No,Urban,1
19,Male,3.8,38864.0,3,3.6,45.0,84.8,No,No,No,Rural,1
23,Male,3.52,31938.0,2,0.5,32.0,88.6,No,No,No,Suburban,1
20,Male,2.76,145275.0,2,7.4,1.0,96.8,No,Yes,No,Urban,0
24,Male,2.39,12770.0,8,5.3,0.0,98.7,No,Yes,No,Urban,1
17,Female,2.21,47188.0,4,2.2,94.0,84.5,No,No,No,Rural,0
19,Female,3.15,62293.0,2,6.7,67.0,83.8,No,No,No,Urban,0
18,Female,2.59,8097.0,2,9.4,77.0,100.0,No,No,No,Suburban,0
18,Female,3.66,106990.0,3,7.6,92.0,87.2,No,No,No,Urban,1
19,Male,2.63,69661.0,5,9.6,6.0,64.0,Yes,No,No,Suburban,0
19,Male,2.5,90592.0,7,2.3,17.0,91.5,No,No,No,Rural,0
17,Male,3.13,51914.0,4,5.5,201.0,81.6,No,No,No,Rural,0
23,Male,2.62,23407.0,2,5.8,71.0,85.7,No,Yes,No,Rural,1
21,Female,3.0,11539.0,4,4.7,109.0,92.7,No,No,No,Rural,1
24,Female,3.54,73911.0,2,4.3,112.0,73.2,No,Yes,No,Suburban,1
23,Male,3.06,30759.0,1,0.0,50.0,94.1,No,No,No,Suburban,0
17,Male,3.07,5541.0,4,8.7,69.0,75.9,No,No,Yes,Urban,1
16,Male,3.11,33130.0,4,1.4,203.0,82.1,No,No,No,Urban,0
20,Female,2.07,41981.0,4,7.0,66.0,90.5,No,Yes,No,Urban,0
20,Male,3.22,99403.0,4,5.0,76.0,78.2,No,No,No,Suburban,1
18,Male,3.09,35325.0,6,4.9,121.0,78.2,No,Yes,No,Urban,1
23,Male,3.49,42223.0,6,4.5,4.0,90.7,No,No,No,Urban,1
21,Female,3.33,42719.0,3,5.4,38.0,92.2,No,Yes,Yes,Suburban,1
23,Female,2.89,80676.0,2,6.4,72.0,86.6,No,No,No,Urban,0
17,Female,3.57,23933.0,4,7.1,51.0,93.0,No,Yes,No,Rural,1
24,Male,2.84,56707.0,3,4.7,116.0,100.0,No,Yes,No,Rural,1
18,Male,3.14,28632.0,4,2.3,70.0,76.1,No,No,No,Urban,1
20,Female,2.83,97913.0,3,2.3,113.0,70.1,No,No,Yes,Rural,0
20,Male,3.25,112719.0,6,7.3,61.0,97.0,No,No,No,Suburban,1
24,Male,2.79,47347.0,3,4.4,33.0,78.5,No,No,No,Suburban,0
18,Female,3.91,53956.0,3,2.7,27.0,91.0,No,Yes,No,Rural,0
18,Male,4.0,35954.0,1,3.4,28.0,92.9,No,No,No,Rural,1
19,Male,3.48,7812.0,2,4.8,65.0,87.7,No,Yes,No,Suburban,1
19,Female,3.85,42992.0,2,2.2,6.0,90.2,No,No,No,Suburban,1
17,Female,2.15,40150.0,3,4.9,12.0,100.0,No,No,No,Suburban,0
17,Male,2.22,32511.0,5,7.8,160.0,83.1,Yes,Yes,No,Urban,0
18,Male,2.82,35435.0,3,4.7,0.0,98.2,No,Yes,Yes,Suburban,1
20,Female,3.02,57231.0,6,1.1,30.0,77.5,No,No,Yes,Suburban,0
19,Male,2.89,54045.0,3,6.9,21.0,90.8,No,Yes,No,Rural,1
19,Male,2.1,36151.0,3,7.4,37.0,91.9,No,No,No,Rural,0
23,Female,3.63,103685.0,2,7.6,74.0,87.4,Yes,No,No,Urban,1
18,Female,4.0,6571.0,6,5.1,31.0,95.8,No,Yes,No,Urban,1
25,Other,3.7,24906.0,6,10.0,71.0,88.3,No,No,No,Suburban,1
23,Male,3.6,73835.0,9,6.6,88.0,90.7,No,No,No,Urban,1
17,Male,3.12,9186.0,5,10.0,86.0,82.4,No,Yes,No,Urban,1
19,Female,2.54,6433.0,7,8.0,2.0,80.0,No,Yes,No,Urban,1
17,Female,3.04,24653.0,3,7.6,111.0,79.8,No,No,No,Suburban,1
18,Male,4.0,40546.0,5,3.6,44.0,83.1,No,Yes,Yes,Urban,1
19,Female,2.81,29457.0,3,2.9,67.0,77.8,No,No,No,Rural,0
17,Male,2.75,48628.0,1,5.3,29.0,100.0,No,No,No,Urban,0
16,Female,3.61,7064.0,6,4.6,174.0,85.5,No,Yes,No,Urban,1
20,Female,3.65,22656.0,7,3.8,80.0,87.9,No,Yes,No,Rural,1
23,Male,2.53,66212.0,3,4.7,4.0,78.8,No,No,No,Suburban,0
19,Other,2.86,56908.0,4,4.6,54.0,100.0,No,No,No,Urban,1
24,Other,2.72,26320.0,5,3.6,45.0,86.0,No,No,No,Rural,0
19,Male,3.04,46241.0,4,6.4,7.0,83.3,No,No,No,Rural,0
25,Male,3.61,39926.0,3,3.3,19.0,84.0,No,No,No,Rural,0
18,Female,2.56,40786.0,4,4.9,7.0,86.3,No,No,No,Suburban,0
21,Male,3.6,51410.0,2,2.3,30.0,85.6,Yes,No,No,Suburban,1
23,Male,3.06,117106.0,4,5.2,7.0,77.2,No,Yes,Yes,Rural,0
16,Male,4.0,118770.0,3,5.4,37.0,94.9,No,Yes,Yes,Suburban,0
25,Female,3.18,9390.0,8,2.9,165.0,79.1,No,No,No,Urban,1
19,Male,2.95,34652.0,1,5.2,53.0,94.5,No,Yes,No,Suburban,1
20,Female,3.32,15604.0,4,4.8,37.0,77.4,No,Yes,No,Rural,0
22,Male,2.81,54489.0,4,4.0,21.0,89.4,No,Yes,No,Suburban,0
22,Male,2.01,36124.0,2,4.0,46.0,79.8,No,No,No,Urban,0
16,Female,2.87,82791.0,2,6.0,110.0,82.2,No,No,No,Rural,0
24,Male,2.86,42061.0,1,5.1,41.0,91.8,No,No,No,Suburban,0
22,Male,2.12,106615.0,5,7.1,145.0,97.4,No,Yes,No,Urban,0
25,Male,2.96,121823.0,4,2.7,51.0,100.0,No,No,No,Rural,0
20,Female,1.86,104073.0,4,4.6,101.0,91.0,No,No,No,Suburban,0
22,Male,2.81,4674.0,5,3.6,19.0,88.0,No,No,No,Urban,0
20,Male,3.13,50999.0,7,5.1,36.0,80.3,No,No,No,Urban,1
24,Male,3.05,32300.0,2,5.6,10.0,73.7,No,Yes,No,Rural,1
24,Male,2.77,36167.0,4,2.4,45.0,93.0,No,No,No,Urban,0
25,Male,2.95,73854.0,4,6.3,21.0,86.0,No,No,Yes,Urban,0
21,Female,2.57,34028.0,2,9.8,14.0,88.1,No,Yes,No,Urban,0
23,Male,3.01,43990.0,4,5.4,53.0,84.8,No,No,Yes,Rural,0
19,Male,3.03,45781.0,2,3.1,34.0,82.3,Yes,No,No,Rural,0
20,Female,2.5,6570.0,3,4.4,132.0,93.4,No,No,No,Suburban,0
23,Female,3.15,30231.0,1,4.3,58.0,100.0,No,No,No,Suburban,1
16,Male,3.14,86658.0,2,3.5,13.0,78.4,No,No,No,Suburban,0
23,Male,2.91,5463.0,4,6.6,21.0,73.0,No,No,No,Urban,0
16,Male,4.0,61639.0,2,1.0,40.0,86.1,No,No,No,Rural,1
21,Female,2.92,20728.0,5,5.6,72.0,82.3,No,No,No,Rural,0
20,Male,2.85,31734.0,5,7.8,33.0,97.5,No,No,No,Suburban,1
20,Male,2.77,69983.0,4,7.7,62.0,92.0,No,No,No,Urban,0
20,Male,2.47,16736.0,2,7.3,70.0,100.0,No,No,No,Urban,0
20,Male,3.38,33894.0,3,3.5,16.0,96.6,No,No,No,Rural,0
20,Male,2.62,9423.0,9,8.2,3.0,88.8,No,No,No,Rural,1
20,Male,2.69,55999.0,5,5.8,122.0,89.2,Yes,No,Yes,Urban,0
21,Female,2.7,22836.0,3,8.1,22.0,91.1,Yes,No,No,Suburban,1
23,Female,2.46,12047.0,4,7.4,23.0,80.7,No,No,No,Rural,0
21,Female,2.04,42089.0,8,5.7,43.0,91.5,No,No,No,Suburban,0
22,Female,2.75,8987.0,2,4.5,12.0,99.0,No,No,No,Urban,0
24,Male,3.48,31034.0,1,10.0,15.0,82.9,No,No,Yes,Suburban,1
25,Female,3.11,21154.0,7,1.1,60.0,86.1,No,No,No,Suburban,1
17,Female,3.86,48893.0,3,4.6,39.0,93.3,No,No,No,Urban,0
23,Female,3.41,49661.0,3,1.9,12.0,100.0,No,No,No,Rural,0
18,Female,3.29,24341.0,6,5.3,51.0,82.1,No,No,No,Urban,1
17,Male,4.0,104934.0,5,5.8,1.0,90.0,No,No,No,Rural,0
23,Male,2.95,83816.0,9,3.6,9.0,87.7,No,Yes,Yes,Rural,1
16,Male,3.03,18642.0,2,3.8,9.0,85.8,No,No,Yes,Urban,0
24,Male,2.99,164874.0,4,2.1,80.0,73.1,Yes,No,No,Rural,0
23,Male,3.85,67772.0,2,6.0,81.0,82.0,No,Yes,No,Urban,1
25,Male,3.0,52728.0,2,4.0,81.0,78.2,No,No,No,Suburban,0
22,Male,2.64,55204.0,4,5.9,11.0,86.9,Yes,No,No,Urban,0
24,Female,3.32,14526.0,2,3.8,11.0,84.4,No,Yes,No,Urban,1
17,Female,2.55,92902.0,2,5.5,10.0,78.5,No,No,No,Urban,0
24,Female,3.29,6628.0,6,6.6,9.0,85.9,No,No,No,Urban,1
17,Male,3.23,54984.0,1,6.1,35.0,100.0,No,No,No,Rural,1
19,Female,2.9,84560.0,2,5.5,9.0,82.7,No,No,No,Rural,0
17,Female,3.31,19982.0,5,4.8,24.0,84.9,No,Yes,Yes,Urban,1
20,Female,2.18,71045.0,3,6.0,24.0,86.2,No,No,No,Suburban,0
23,Female,3.09,45042.0,3,3.7,126.0,82.2,No,No,No,Urban,0
18,Male,2.75,74085.0,5,4.6,31.0,75.4,No,No,No,Rural,0
24,Male,4.0,82021.0,5,5.8,152.0,100.0,No,No,No,Suburban,1
22,Female,3.09,111160.0,5,8.4,24.0,73.4,No,No,No,Suburban,0
22,Other,2.67,95664.0,4,3.7,5.0,74.3,Yes,No,No,Urban,0
25,Male,2.24,7690.0,4,3.1,90.0,94.0,No,No,No,Suburban,0
20,Male,3.72,19038.0,2,5.6,5.0,71.6,No,No,No,Urban,1
19,Male,2.81,59048.0,3,7.7,38.0,94.2,No,No,No,Rural,0
25,Male,2.56,82758.0,6,6.8,87.0,94.9,No,No,No,Suburban,0
21,Other,3.18,16829.0,3,5.0,17.0,81.6,Yes,Yes,No,Urban,1
22,Female,3.36,66839.0,3,7.7,6.0,88.3,No,No,No,Urban,0
18,Male,3.35,100172.0,1,1.0,4.0,87.6,No,No,No,Rural,0
18,Male,3.01,80666.0,1,7.2,62.0,81.6,No,No,No,Urban,0
17,Male,3.09,66132.0,2,4.3,0.0,83.1,No,Yes,No,Suburban,0
18,Male,3.13,39961.0,8,6.4,46.0,86.7,No,Yes,Yes,Suburban,1
17,Female,3.19,38523.0,6,7.2,66.0,84.3,No,No,No,Suburban,0
23,Female,3.23,147994.0,5,5.4,4.0,92.6,Yes,No,No,Urban,0
16,Female,3.6,450.0,1,5.2,2.0,86.8,Yes,Yes,Yes,Suburban,1
22,Male,3.03,28168.0,3,4.1,5.0,91.6,No,Yes,No,Urban,0
25,Female,2.55,19040.0,3,8.7,26.0,84.9,No,Yes,No,Suburban,0
23,Female,2.92,11968.0,4,5.8,50.0,93.1,No,No,No,Urban,1
20,Male,3.41,63402.0,3,5.5,126.0,95.1,No,Yes,No,Urban,1
16,Female,2.02,57518.0,3,8.3,28.0,72.2,No,No,No,Suburban,0
24,Female,2.02,42698.0,1,3.9,7.0,91.0,No,No,No,Urban,0
16,Female,3.51,57489.0,4,4.5,16.0,82.4,No,No,No,Rural,0
22,Male,3.84,74033.0,3,7.1,33.0,84.5,No,No,No,Suburban,1
22,Male,2.3,35793.0,3,8.9,40.0,90.5,No,No,No,Rural,0
17,Female,3.06,60341.0,3,5.1,19.0,89.0,No,No,No,Suburban,1
23,Male,2.78,33358.0,3,5.9,27.0,86.1,No,No,No,Urban,1
17,Male,2.86,61750.0,7,1.5,64.0,93.3,No,No,No,Suburban,1
18,Female,3.17,100596.0,4,7.8,30.0,89.4,No,Yes,No,Suburban,1
24,Male,2.29,79087.0,3,2.6,46.0,81.9,No,Yes,No,Urban,0
25,Male,2.39,124008.0,7,3.8,25.0,96.8,No,No,No,Urban,0
18,Other,2.83,28281.0,6,5.4,28.0,96.5,No,Yes,No,Rural,1
25,Female,2.92,23343.0,2,3.6,3.0,88.1,No,No,No,Suburban,0
25,Female,2.38,56618.0,5,0.7,30.0,83.5,No,No,No,Suburban,0
23,Female,3.43,28997.0,4,2.3,85.0,81.8,No,No,No,Suburban,1
17,Male,2.77,63609.0,3,5.2,25.0,100.0,No,Yes,No,Rural,1
18,Male,2.77,48863.0,3,8.3,18.0,86.5,No,Yes,No,Urban,1
22,Female,3.16,19305.0,1,8.1,50.0,89.2,No,No,No,Urban,1
25,Male,2.93,58404.0,2,5.8,1.0,91.4,No,No,No,Urban,1
24,Male,3.46,20472.0,1,5.3,26.0,65.9,No,Yes,No,Suburban,1
20,Male,2.49,105331.0,9,6.8,108.0,80.7,No,No,Yes,Suburban,0
18,Female,2.23,36372.0,4,7.9,14.0,100.0,Yes,No,No,Urban,1
25,Male,2.83,23140.0,5,5.3,22.0,65.6,No,No,No,Suburban,0
18,Female,3.03,49932.0,4,5.3,82.0,76.0,No,No,No,Suburban,0
19,Male,2.32,53867.0,5,5.4,20.0,84.4,No,No,No,Suburban,0
25,Female,2.24,27540.0,8,7.2,74.0,80.1,No,Yes,No,Suburban,0
21,Male,3.1,26509.0,5,2.0,18.0,82.0,No,No,No,Suburban,0
18,Male,2.58,8879.0,1,5.0,10.0,78.8,No,Yes,No,Rural,1
16,Female,2.2,76295.0,5,5.9,75.0,86.6,No,No,No,Urban,0
20,Female,3.53,103410.0,3,0.8,131.0,90.9,No,No,No,Urban,0
25,Male,2.65,84260.0,3,7.0,45.0,91.2,No,No,No,Suburban,0
20,Male,3.63,22553.0,6,7.4,77.0,81.4,No,No,No,Urban,1
22,Male,3.02,57346.0,5,0.7,8.0,95.8,No,No,No,Urban,0
18,Male,3.16,50500.0,2,4.1,61.0,89.1,No,No,No,Rural,0
23,Female,2.88,11458.0,3,4.2,32.0,96.6,No,Yes,No,Urban,0
23,Male,1.54,27366.0,10,3.0,70.0,90.3,No,No,Yes,Suburban,0
22,Female,2.37,54551.0,2,3.3,40.0,85.9,No,Yes,No,Urban,0
23,Male,2.93,5474.0,2,3.9,53.0,86.1,No,No,Yes,Suburban,0
21,Female,3.2,16662.0,5,6.3,13.0,90.8,No,Yes,No,Suburban,1
19,Male,2.02,70356.0,4,7.7,29.0,98.1,No,Yes,No,Urban,0
23,Male,2.97,21914.0,1,6.2,47.0,89.0,No,No,No,Urban,1
24,Male,2.38,11607.0,4,3.0,10.0,89.7,No,Yes,No,Suburban,1
24,Female,3.13,81370.0,1,6.7,11.0,92.5,No,No,No,Rural,0
18,Female,2.99,21920.0,5,6.3,37.0,73.8,No,No,No,Urban,0
22,Female,3.41,70715.0,7,0.0,27.0,76.6,No,No,Yes,Urban,0
16,Male,3.59,122138.0,2,7.7,8.0,89.7,No,Yes,No,Rural,0
21,Male,3.25,16201.0,3,5.3,14.0,80.4,No,No,No,Suburban,1
21,Male,3.47,37370.0,4,5.4,9.0,85.9,No,No,No,Rural,1
19,Male,2.81,50855.0,2,1.2,115.0,87.9,No,Yes,No,Urban,0
25,Female,4.0,80388.0,5,8.6,37.0,100.0,No,No,No,Suburban,1
24,Female,2.33,27274.0,4,5.7,16.0,86.6,No,No,No,Urban,0
16,Female,2.71,2441.0,5,6.7,21.0,71.1,No,No,No,Urban,0
18,Female,3.5,16190.0,2,2.1,44.0,89.6,No,No,No,Suburban,1
18,Male,3.41,31776.0,3,6.1,40.0,96.1,No,Yes,No,Urban,1
24,Male,3.27,70627.0,4,6.2,24.0,92.3,No,No,Yes,Suburban,0
21,Female,3.37,37658.0,4,4.7,58.0,91.7,Yes,Yes,No,Urban,1
23,Male,1.85,67489.0,4,2.2,16.0,82.1,No,Yes,No,Suburban,0
24,Male,3.87,30888.0,3,4.9,6.0,84.6,No,Yes,No,Urban,1
23,Female,2.89,47470.0,7,2.9,24.0,81.2,No,Yes,No,Urban,1
16,Other,3.69,74257.0,1,3.5,38.0,82.1,No,No,Yes,Suburban,1
17,Female,1.88,87795.0,5,7.6,101.0,86.3,Yes,No,No,Rural,0
19,Male,3.14,139944.0,5,5.2,12.0,95.4,No,No,No,Rural,0
19,Female,2.69,52181.0,2,4.8,30.0,100.0,No,Yes,No,Urban,1
23,Male,3.31,6968.0,3,2.4,76.0,89.2,No,No,No,Urban,1
17,Male,3.17,58731.0,1,4.9,26.0,92.3,No,No,No,Urban,0
19,Male,3.2,6442.0,5,4.7,80.0,68.7,No,No,Yes,Suburban,0
18,Female,2.42,63678.0,6,2.8,34.0,84.5,No,Yes,No,Urban,0
17,Female,2.97,46251.0,2,7.4,10.0,100.0,No,Yes,No,Suburban,0
17,Female,2.9,84669.0,10,7.3,30.0,88.7,No,Yes,No,Suburban,1
17,Male,3.27,30725.0,5,3.3,88.0,87.2,No,No,No,Rural,1
21,Female,3.54,47876.0,4,5.9,35.0,100.0,No,Yes,Yes,Suburban,1
20,Male,3.08,59430.0,2,0.9,61.0,97.5,No,No,No,Urban,0
20,Female,2.3,3293.0,2,5.7,7.0,94.2,No,No,Yes,Rural,0
20,Male,3.06,57528.0,6,6.7,5.0,87.5,No,Yes,No,Urban,0
23,Male,4.0,3684.0,6,2.5,1.0,90.2,No,Yes,No,Suburban,1
24,Female,3.91,23197.0,3,5.0,179.0,100.0,No,Yes,No,Urban,1
21,Male,1.36,53411.0,4,5.3,34.0,100.0,No,No,Yes,Urban,0
22,Female,3.03,5109.0,3,10.0,14.0,83.7,No,Yes,No,Suburban,1
23,Male,3.51,65746.0,4,10.0,0.0,75.0,No,No,No,Suburban,1
22,Female,2.9,62015.0,3,5.7,27.0,88.4,No,No,No,Urban,0
17,Male,2.75,82222.0,3,3.5,3.0,94.1,No,Yes,No,Suburban,1
25,Male,2.85,8877.0,4,5.5,10.0,100.0,No,No,No,Urban,1
17,Male,3.3,137379.0,4,7.5,13.0,87.2,No,No,Yes,Suburban,0
20,Male,2.37,13609.0,3,1.3,16.0,85.2,No,Yes,No,Rural,0
22,Female,3.65,47634.0,3,0.4,33.0,96.9,No,No,Yes,Suburban,1
20,Male,2.97,32264.0,1,2.5,4.0,80.6,No,No,No,Urban,0
18,Male,2.49,38408.0,6,6.7,3.0,86.1,No,No,No,Suburban,0
25,Female,3.62,124585.0,4,6.8,13.0,88.0,No,No,No,Urban,0
16,Male,2.15,15594.0,6,6.0,17.0,87.4,No,No,No,Urban,1
18,Female,2.69,112214.0,6,7.4,28.0,98.2,No,No,No,Rural,0
25,Female,2.69,72296.0,3,4.6,11.0,92.3,No,Yes,No,Rural,0
23,Male,4.0,41709.0,4,4.4,15.0,83.7,No,No,No,Urban,1
16,Female,2.62,41393.0,6,5.8,12.0,86.1,No,No,No,Suburban,0
23,Male,1.81,62192.0,4,8.8,1.0,100.0,No,Yes,No,Suburban,0
25,Male,2.68,30451.0,5,5.9,71.0,76.5,No,No,Yes,Rural,0
16,Male,3.25,35286.0,6,4.8,23.0,73.0,No,Yes,No,Suburban,1
20,Female,3.43,47439.0,1,5.9,18.0,78.1,No,No,No,Urban,1
20,Female,4.0,103979.0,5,8.1,16.0,90.4,No,No,No,Urban,1
17,Female,3.77,37997.0,3,4.2,68.0,97.1,No,Yes,Yes,Suburban,1
18,Other,3.1,7760.0,3,4.0,47.0,87.1,No,Yes,No,Suburban,1
17,Male,2.51,48894.0,5,4.0,16.0,83.5,No,No,Yes,Rural,0
17,Female,3.89,39747.0,6,6.8,11.0,82.1,No,No,No,Urban,1
20,Female,2.8,25010.0,8,3.3,8.0,74.1,No,Yes,No,Rural,0
20,Female,2.64,54485.0,2,6.4,39.0,100.0,No,No,No,Urban,0
18,Female,2.77,25741.0,3,1.8,0.0,86.4,No,No,Yes,Suburban,0
18,Other,2.31,37282.0,7,4.4,12.0,89.8,No,No,Yes,Suburban,0
17,Male,2.74,47596.0,3,4.9,17.0,94.8,Yes,Yes,No,Urban,0
23,Female,2.87,51055.0,3,8.9,21.0,99.1,No,No,No,Suburban,0
18,Female,3.4,57641.0,8,7.1,81.0,86.2,Yes,Yes,No,Urban,1
25,Female,2.79,63405.0,3,4.2,31.0,80.7,No,No,No,Rural,0
21,Male,2.3,46852.0,3,3.9,82.0,87.8,No,Yes,No,Suburban,1
24,Other,2.12,9868.0,6,3.5,2.0,86.9,No,No,No,Urban,1
22,Male,3.12,52393.0,2,2.5,21.0,83.5,No,Yes,No,Suburban,1
18,Female,3.04,80732.0,1,8.6,62.0,77.9,No,Yes,No,Rural,0
22,Female,2.7,7519.0,5,3.3,11.0,91.1,No,No,No,Rural,0
18,Male,2.74,9980.0,5,8.8,28.0,98.6,No,Yes,No,Suburban,1
17,Female,3.21,22355.0,3,5.2,50.0,100.0,No,No,No,Rural,1
18,Male,3.76,77382.0,1,4.8,17.0,81.9,No,No,No,Suburban,0
18,Female,2.57,21251.0,6,5.2,86.0,100.0,No,No,Yes,Urban,1
17,Female,3.05,78120.0,4,7.7,33.0,79.2,No,No,No,Urban,0
16,Male,3.53,50128.0,3,3.1,75.0,89.2,No,Yes,No,Urban,1
25,Female,2.57,26687.0,1,6.1,2.0,96.4,Yes,No,No,Suburban,1
21,Male,2.99,214224.0,4,4.9,26.0,92.4,No,Yes,No,Urban,0
20,Female,2.98,13830.0,4,5.9,62.0,99.3,No,No,No,Suburban,1
25,Female,2.28,43085.0,4,4.6,9.0,79.8,No,No,No,Urban,0
18,Male,3.09,19069.0,2,4.2,32.0,86.5,No,No,No,Urban,0
20,Female,3.02,54141.0,5,6.2,12.0,86.4,No,No,No,Rural,0
24,Female,3.31,19859.0,4,2.0,8.0,97.1,No,No,No,Rural,1
22,Female,2.35,29841.0,3,8.1,6.0,86.1,No,No,No,Urban,0
19,Female,3.01,23268.0,5,5.2,93.0,89.9,No,No,No,Urban,0
18,Female,3.76,34525.0,5,3.8,105.0,85.9,No,No,No,Urban,0
16,Female,4.0,80220.0,4,5.8,8.0,90.9,No,Yes,No,Urban,1
16,Male,3.7,11944.0,2,3.5,13.0,82.0,No,Yes,No,Suburban,1
17,Male,2.35,21563.0,4,5.2,53.0,79.0,No,No,No,Suburban,0
23,Female,3.25,30878.0,3,5.2,4.0,84.0,No,No,No,Suburban,1
22,Male,2.73,35638.0,5,7.8,46.0,80.7,No,Yes,No,Rural,0
20,Female,3.16,99449.0,3,5.6,176.0,86.4,No,Yes,No,Urban,1
23,Male,2.58,22449.0,3,2.5,0.0,94.3,No,No,Yes,Urban,0
17,Female,2.06,77856.0,3,6.3,113.0,77.3,No,Yes,No,Rural,0
18,Female,2.81,107881.0,4,6.6,100.0,84.7,No,No,No,Suburban,1
19,Male,3.4,37391.0,2,1.5,4.0,100.0,No,Yes,No,Urban,1
25,Male,3.16,17928.0,5,2.4,50.0,73.6,No,No,No,Rural,0
22,Male,3.22,91167.0,6,9.4,6.0,79.1,No,Yes,No,Urban,0
24,Female,3.12,73397.0,4,4.3,7.0,90.4,No,Yes,No,Suburban,0
18,Female,3.22,16391.0,4,4.3,17.0,75.2,No,No,Yes,Urban,0
24,Male,3.29,118997.0,5,4.9,38.0,87.0,Yes,No,No,Rural,0
16,Female,2.85,24245.0,6,3.6,25.0,100.0,No,No,No,Suburban,0
18,Male,3.05,36960.0,5,1.1,74.0,83.0,No,Yes,No,Urban,0
21,Male,3.96,65307.0,2,2.5,8.0,80.8,No,No,No,Urban,1
16,Male,3.08,109709.0,8,3.6,3.0,75.0,No,Yes,No,Suburban,0
24,Male,3.02,51951.0,2,3.9,18.0,81.0,No,No,No,Rural,0
24,Female,3.06,34070.0,3,3.3,9.0,86.1,No,Yes,No,Urban,0
21,Female,2.88,30350.0,6,1.7,70.0,100.0,No,No,Yes,Suburban,1
19,Female,2.76,34044.0,3,3.8,13.0,86.5,No,No,No,Urban,1
16,Female,3.11,162945.0,5,7.5,9.0,86.9,No,No,No,Urban,0
22,Male,2.72,57132.0,4,3.5,18.0,87.6,No,No,No,Urban,0
21,Male,2.92,46988.0,6,4.6,4.0,81.0,No,No,No,Urban,1
23,Female,2.57,73913.0,5,8.2,1.0,69.1,No,No,No,Urban,0
22,Female,3.06,35900.0,2,3.5,17.0,99.5,No,No,Yes,Urban,1
17,Female,3.32,105955.0,4,10.0,29.0,92.8,No,Yes,No,Suburban,0
17,Female,2.88,60518.0,9,7.0,4.0,96.9,No,No,No,Suburban,0
23,Female,1.9,33417.0,5,5.2,4.0,89.9,No,Yes,No,Urban,0
17,Female,3.32,28302.0,1,4.5,3.0,97.3,No,No,No,Urban,1
25,Female,3.07,8647.0,1,8.0,29.0,75.7,Yes,No,No,Urban,1
17,Female,2.45,80088.0,4,3.5,28.0,88.4,No,No,No,Urban,0
23,Male,3.43,11809.0,3,4.0,90.0,92.1,No,No,No,Suburban,1
25,Male,2.23,101994.0,2,8.5,15.0,98.5,No,Yes,No,Suburban,0
20,Female,3.57,21091.0,7,4.2,12.0,91.3,No,No,No,Suburban,1
16,Male,2.97,23375.0,7,4.0,53.0,91.3,No,No,No,Urban,1
24,Female,1.75,137455.0,1,3.5,4.0,89.8,No,No,Yes,Suburban,0
17,Female,3.1,76037.0,4,0.7,23.0,76.2,No,Yes,No,Rural,0
21,Male,2.78,46121.0,5,7.2,10.0,83.3,No,No,No,Suburban,0
25,Male,2.69,129085.0,1,4.9,42.0,84.0,No,Yes,No,Urban,0
23,Female,2.59,40014.0,4,7.4,5.0,94.7,No,No,No,Suburban,0
16,Female,2.93,29468.0,2,4.6,28.0,92.1,No,No,No,Rural,0
24,Male,2.73,49282.0,5,4.1,82.0,100.0,No,Yes,No,Suburban,0
17,Female,1.98,83810.0,5,3.5,57.0,91.9,No,Yes,No,Urban,0
23,Male,3.7,14539.0,8,6.5,21.0,86.3,No,No,Yes,Rural,1
22,Male,2.87,22929.0,4,3.2,78.0,98.3,No,Yes,No,Urban,0
18,Male,2.6,18316.0,5,5.8,40.0,78.0,No,No,No,Urban,0
20,Female,2.38,15742.0,3,5.1,157.0,85.7,No,No,No,Rural,1
17,Female,3.42,36938.0,5,2.7,23.0,80.4,No,No,Yes,Urban,1
25,Female,2.29,15438.0,1,4.0,111.0,79.0,No,Yes,No,Urban,1
18,Male,3.07,7496.0,3,5.0,21.0,79.3,No,No,No,Rural,0
19,Other,2.68,22773.0,7,4.3,51.0,82.7,No,No,No,Rural,0
21,Female,2.71,21543.0,4,9.2,63.0,89.5,No,No,No,Urban,0
22,Male,2.39,58125.0,7,5.5,60.0,85.2,No,No,No,Suburban,0
21,Male,2.66,78943.0,3,4.6,8.0,90.1,No,Yes,No,Urban,0
21,Male,3.0,25753.0,1,4.2,60.0,89.8,No,No,No,Suburban,1
21,Female,3.13,23145.0,4,4.5,5.0,69.3,No,No,No,Suburban,0
24,Male,2.57,132520.0,5,3.7,2.0,89.2,No,No,Yes,Suburban,0
19,Male,2.95,77021.0,5,3.2,113.0,82.0,No,No,No,Rural,0
24,Female,3.49,53688.0,4,6.3,88.0,74.9,No,No,No,Suburban,0
23,Female,2.09,32623.0,4,8.4,27.0,89.8,No,No,Yes,Urban,0
25,Female,3.0,75863.0,3,4.0,21.0,88.5,No,No,No,Urban,0
25,Female,2.48,16969.0,1,5.9,26.0,89.2,No,Yes,Yes,Suburban,1
23,Male,2.42,78197.0,4,3.5,89.0,93.5,No,Yes,No,Urban,0
18,Female,3.14,60107.0,4,5.2,56.0,82.5,Yes,No,No,Suburban,1
23,Male,2.7,68146.0,3,2.1,51.0,80.1,No,No,No,Suburban,0
23,Male,2.33,46507.0,2,3.1,28.0,87.7,No,No,No,Urban,0
18,Other,3.73,12783.0,4,3.0,2.0,84.3,No,Yes,No,Urban,1
22,Male,3.51,17401.0,1,4.7,64.0,100.0,No,No,Yes,Suburban,1
18,Male,1.94,62380.0,4,2.4,19.0,86.7,No,Yes,No,Suburban,0
21,Female,2.19,57992.0,5,0.1,35.0,87.7,No,No,No,Urban,0
23,Male,3.33,28004.0,3,2.0,23.0,80.7,No,No,No,Urban,1
17,Male,2.84,27549.0,2,4.6,135.0,79.3,No,Yes,No,Rural,0
19,Female,3.83,92581.0,4,3.3,35.0,74.3,No,Yes,No,Rural,0
23,Female,3.34,42231.0,5,3.7,46.0,84.9,No,Yes,No,Suburban,1
20,Female,3.16,21775.0,7,5.6,14.0,85.8,Yes,No,No,Urban,1
25,Male,2.44,102486.0,4,3.2,24.0,96.2,No,No,No,Suburban,0
16,Female,3.27,96321.0,4,4.8,13.0,85.4,No,Yes,No,Urban,0
23,Female,2.3,42174.0,5,9.7,15.0,84.1,No,No,Yes,Rural,0
24,Male,3.72,48692.0,4,4.2,27.0,89.2,No,No,No,Urban,1
25,Male,3.23,77201.0,5,4.5,52.0,86.5,No,No,Yes,Suburban,1
17,Male,2.55,65452.0,5,5.8,13.0,94.9,No,No,Yes,Urban,0
25,Female,3.44,12357.0,1,3.2,3.0,98.7,No,No,No,Urban,1
19,Male,4.0,104695.0,4,3.7,71.0,86.9,No,No,No,Suburban,1
19,Female,2.88,10140.0,4,4.8,2.0,79.4,No,Yes,No,Urban,1
19,Other,3.3,57603.0,3,5.4,4.0,86.0,No,No,No,Suburban,1
22,Male,2.76,15014.0,2,3.0,14.0,88.9,No,No,No,Rural,0
22,Female,3.05,65366.0,6,6.2,13.0,76.4,Yes,No,No,Urban,1
20,Male,2.17,23833.0,7,8.4,11.0,84.9,No,Yes,Yes,Rural,0
16,Male,3.0,25194.0,3,0.8,1.0,75.2,No,No,No,Urban,0
25,Female,3.02,74264.0,4,5.9,14.0,90.5,No,No,No,Urban,0
18,Male,3.99,15006.0,4,4.8,23.0,78.3,No,No,No,Rural,0
16,Female,2.01,27963.0,4,4.3,12.0,84.6,No,No,No,Suburban,0
21,Female,2.85,15523.0,3,5.7,15.0,86.0,No,No,No,Suburban,0
20,Male,3.71,46153.0,4,8.0,26.0,76.9,No,No,No,Urban,1
22,Male,2.87,15265.0,4,5.6,27.0,87.6,No,No,No,Urban,0
24,Male,2.91,54235.0,9,7.1,51.0,78.6,No,No,No,Suburban,0
16,Female,2.54,95496.0,6,4.9,38.0,99.1,No,No,No,Urban,0
18,Female,2.49,5652.0,5,5.8,30.0,97.9,No,No,No,Urban,0
21,Male,2.0,23930.0,5,3.8,113.0,96.7,No,No,No,Urban,0
23,Female,2.65,16855.0,2,5.1,20.0,88.4,No,No,Yes,Urban,1
22,Female,2.46,12575.0,1,4.4,191.0,90.0,No,Yes,No,Suburban,0
19,Female,3.06,53223.0,8,5.2,52.0,85.9,No,No,Yes,Suburban,0
22,Male,2.57,48899.0,4,1.4,39.0,91.6,No,No,No,Suburban,0
25,Male,2.74,104274.0,5,2.5,6.0,100.0,No,Yes,No,Urban,0
20,Male,2.75,68983.0,3,7.6,18.0,79.4,No,No,Yes,Suburban,0
24,Male,2.97,43856.0,4,8.1,100.0,90.8,No,No,No,Rural,1
23,Male,2.71,51535.0,6,1.2,18.0,73.6,No,Yes,No,Rural,0
19,Male,2.42,27917.0,6,3.8,18.0,84.0,No,Yes,No,Urban,0
18,Male,3.05,52753.0,2,3.4,45.0,86.8,Yes,No,No,Suburban,1
23,Male,3.59,10252.0,6,5.6,21.0,89.8,No,Yes,No,Urban,1
18,Male,3.07,37914.0,5,4.8,73.0,92.7,No,Yes,Yes,Suburban,1
19,Female,2.66,58804.0,5,6.5,15.0,97.8,No,No,No,Urban,0
18,Female,2.93,36415.0,4,2.0,10.0,76.1,No,No,No,Urban,0
22,Male,1.87,24707.0,3,5.8,20.0,94.2,No,Yes,No,Suburban,0
18,Female,2.92,45305.0,5,4.3,27.0,100.0,No,Yes,No,Suburban,0
22,Male,2.78,21714.0,3,3.4,72.0,84.3,No,No,Yes,Suburban,0
25,Female,2.49,34758.0,3,6.0,22.0,83.3,No,Yes,No,Suburban,0
24,Female,2.59,73573.0,3,4.5,8.0,89.0,Yes,Yes,No,Urban,0
25,Female,2.77,76735.0,6,4.8,58.0,86.8,No,Yes,No,Rural,0
16,Female,3.55,49652.0,3,7.9,9.0,86.3,Yes,No,Yes,Urban,0
20,Female,3.6,18250.0,10,5.2,173.0,99.5,No,No,Yes,Urban,1
18,Female,2.49,32214.0,3,9.3,90.0,100.0,No,No,No,Rural,0
25,Male,2.72,45912.0,3,0.0,127.0,85.4,No,No,No,Suburban,0
23,Male,2.73,23728.0,5,5.0,102.0,100.0,No,Yes,No,Urban,1
19,Female,3.45,122988.0,6,2.6,34.0,85.2,No,Yes,No,Urban,1
21,Male,3.08,24174.0,6,3.0,31.0,94.1,No,No,No,Urban,0
22,Female,3.05,43690.0,4,3.6,32.0,79.6,No,No,Yes,Suburban,0
20,Female,3.29,79997.0,3,7.0,3.0,80.9,No,Yes,Yes,Rural,1
20,Male,2.67,110369.0,1,4.1,8.0,85.4,No,Yes,No,Suburban,0
16,Male,3.75,17903.0,3,2.5,17.0,94.7,No,Yes,No,Suburban,1
20,Female,3.0,10572.0,4,6.5,61.0,89.7,No,No,No,Rural,0
19,Male,2.53,49227.0,3,2.4,5.0,74.8,No,Yes,Yes,Suburban,0
24,Female,2.87,132535.0,4,8.7,35.0,77.3,No,No,No,Suburban,0
24,Female,3.68,12281.0,4,2.2,44.0,74.2,Yes,Yes,No,Urban,1
23,Male,2.77,33148.0,4,4.4,44.0,90.5,No,No,No,Suburban,0
16,Female,3.52,52290.0,6,9.2,46.0,89.2,No,Yes,No,Suburban,1
24,Female,2.66,45123.0,1,4.3,72.0,89.0,No,No,No,Suburban,0
19,Female,2.58,58138.0,3,5.9,15.0,88.9,No,No,No,Urban,0
20,Male,3.36,100229.0,4,4.8,0.0,81.9,No,No,No,Urban,0
25,Female,2.52,81077.0,5,5.0,39.0,89.3,No,Yes,No,Urban,0
24,Female,3.45,32583.0,7,3.2,70.0,99.5,No,Yes,No,Rural,1
16,Male,3.19,12097.0,7,6.0,8.0,92.5,No,No,No,Urban,0
19,Female,2.52,85180.0,3,7.9,9.0,78.6,No,Yes,No,Suburban,0
23,Female,2.96,33066.0,4,0.7,111.0,85.3,No,No,No,Suburban,0
21,Male,2.7,44690.0,4,3.0,83.0,83.0,No,Yes,No,Urban,0
18,Female,3.19,75582.0,5,3.8,49.0,95.0,No,No,No,Urban,0
21,Female,4.0,83430.0,6,3.0,44.0,79.5,No,No,No,Urban,1
24,Female,2.8,72681.0,7,6.4,54.0,89.4,No,No,No,Suburban,1
18,Male,3.29,118623.0,4,3.7,73.0,85.2,No,Yes,No,Urban,0
23,Female,3.01,41219.0,4,5.2,15.0,81.8,No,No,No,Urban,0
23,Other,3.01,25419.0,4,8.3,38.0,89.7,No,No,No,Urban,0
24,Female,2.91,19733.0,4,1.1,2.0,86.2,No,No,No,Urban,0
18,Male,2.53,26589.0,2,5.7,7.0,93.9,No,No,No,Urban,1
18,Male,3.18,27446.0,6,4.7,2.0,84.1,No,No,No,Urban,0
21,Female,2.84,49765.0,5,4.7,12.0,78.5,No,Yes,No,Rural,0
21,Male,2.5,62290.0,6,3.0,150.0,86.3,No,No,No,Rural,0
20,Male,3.56,17399.0,6,4.2,24.0,90.0,No,Yes,No,Suburban,1
23,Male,3.05,75731.0,3,5.0,16.0,92.9,No,No,No,Urban,0
23,Female,2.87,80672.0,4,4.6,9.0,86.5,No,No,No,Suburban,0
18,Male,3.74,63324.0,4,6.5,14.0,94.7,Yes,Yes,No,Rural,1
23,Female,1.99,29695.0,6,2.6,15.0,77.3,No,No,No,Rural,0
18,Female,3.7,97858.0,6,1.9,28.0,95.8,No,No,No,Suburban,1
20,Other,2.52,40673.0,7,0.6,5.0,92.6,No,Yes,No,Urban,0
16,Female,3.12,22915.0,2,5.3,47.0,84.5,No,Yes,No,Urban,0
19,Male,2.68,17250.0,3,6.7,111.0,96.4,No,No,No,Rural,0
25,Female,2.49,46901.0,4,2.4,17.0,90.5,No,No,No,Rural,0
20,Male,3.72,30113.0,4,2.2,37.0,98.2,No,No,No,Suburban,1
23,Other,4.0,13376.0,5,9.2,72.0,81.8,No,No,Yes,Urban,1
17,Male,2.88,10000.0,2,7.8,24.0,82.5,No,No,No,Urban,0
22,Female,3.18,52036.0,1,7.9,81.0,92.4,No,No,No,Urban,0
19,Female,3.03,11590.0,4,5.8,54.0,88.5,No,No,No,Urban,1
23,Male,3.95,3865.0,5,6.6,44.0,76.5,No,No,No,Urban,1
25,Female,1.84,81443.0,8,4.4,75.0,100.0,No,Yes,No,Rural,0
21,Male,3.21,19190.0,5,1.9,32.0,100.0,Yes,No,No,Urban,1
17,Male,2.6,57885.0,1,2.0,38.0,89.5,No,Yes,No,Urban,0
20,Male,1.7,46220.0,4,5.0,45.0,82.5,No,Yes,No,Urban,0
17,Male,2.8,24943.0,4,7.0,5.0,82.7,No,No,No,Rural,1
20,Female,4.0,105090.0,8,4.6,40.0,91.1,Yes,No,No,Urban,1
16,Female,2.64,64305.0,4,6.3,34.0,99.5,No,No,No,Suburban,0
22,Male,3.43,38847.0,5,4.8,100.0,100.0,No,No,No,Rural,1
19,Female,3.66,20725.0,4,5.7,27.0,85.6,No,Yes,Yes,Rural,1
18,Female,2.99,60878.0,1,6.7,55.0,85.2,No,No,No,Suburban,0
16,Female,3.07,67423.0,5,7.9,3.0,86.7,No,Yes,No,Suburban,0
24,Male,2.06,43277.0,2,5.6,43.0,91.3,No,Yes,No,Suburban,0
24,Female,2.61,39584.0,5,9.3,29.0,81.2,No,No,No,Urban,0
24,Male,3.5,64184.0,6,4.5,26.0,77.1,No,No,Yes,Urban,0
16,Female,3.03,38176.0,2,7.9,33.0,86.1,No,No,No,Urban,0
19,Female,3.2,22576.0,5,6.3,40.0,90.5,No,Yes,No,Suburban,1
25,Female,3.07,12419.0,3,1.0,95.0,100.0,No,No,No,Suburban,1
21,Male,4.0,38395.0,3,8.1,93.0,79.4,No,Yes,No,Suburban,1
17,Male,2.76,12060.0,4,3.0,41.0,97.0,No,Yes,No,Urban,1
17,Female,3.88,67988.0,3,4.5,3.0,87.2,No,Yes,No,Suburban,1
18,Male,3.07,38397.0,6,6.9,91.0,86.0,No,Yes,Yes,Urban,1
25,Male,3.93,75068.0,6,3.4,5.0,75.6,No,No,No,Rural,1
17,Female,2.33,48734.0,3,4.8,144.0,91.1,No,No,No,Rural,0
25,Female,3.1,58060.0,3,6.4,0.0,90.2,No,No,No,Suburban,0
22,Male,2.78,24282.0,3,3.2,3.0,100.0,No,Yes,No,Suburban,0
25,Male,3.08,36539.0,4,4.5,3.0,85.9,No,No,No,Urban,1
24,Other,3.67,48264.0,2,4.2,2.0,100.0,No,Yes,Yes,Urban,1
19,Male,3.21,44435.0,7,7.1,9.0,85.6,No,Yes,Yes,Suburban,1
24,Male,3.67,43085.0,5,8.5,21.0,85.3,No,No,No,Suburban,1
17,Male,2.63,17068.0,3,2.6,19.0,74.6,No,Yes,No,Urban,1
18,Male,2.55,7676.0,5,5.2,6.0,97.2,No,No,No,Urban,0
18,Other,3.01,16039.0,5,3.8,29.0,89.1,Yes,No,No,Urban,0
17,Male,2.98,2696.0,4,5.1,87.0,88.0,No,Yes,Yes,Suburban,1
16,Male,2.9,8874.0,5,8.9,1.0,85.7,No,No,No,Urban,1
17,Female,2.47,50727.0,5,5.8,46.0,89.9,No,No,No,Suburban,0
17,Male,3.66,33124.0,2,3.8,16.0,82.3,No,No,No,Urban,0
19,Male,2.8,21476.0,5,2.0,36.0,91.6,No,No,Yes,Suburban,0
16,Other,3.78,32640.0,4,7.2,7.0,80.4,Yes,No,No,Urban,1
16,Female,3.01,6049.0,4,4.0,75.0,86.9,No,No,No,Rural,1
25,Male,3.36,37706.0,5,3.3,34.0,92.0,No,No,No,Suburban,1
16,Male,3.31,13273.0,3,5.7,13.0,99.3,No,Yes,No,Suburban,1
16,Male,2.55,88902.0,1,6.3,90.0,89.7,No,No,No,Suburban,0
16,Male,3.2,59892.0,5,4.2,13.0,98.4,No,No,No,Rural,1
17,Female,4.0,56424.0,5,2.9,73.0,87.9,No,Yes,No,Suburban,1
21,Female,3.14,43880.0,5,8.0,50.0,80.5,No,Yes,No,Urban,1
24,Female,3.5,63415.0,5,6.5,37.0,100.0,No,Yes,No,Urban,1
23,Female,3.38,37850.0,1,7.2,94.0,87.1,Yes,No,No,Urban,1
21,Male,3.17,20995.0,7,4.2,94.0,95.6,No,Yes,No,Rural,1
16,Female,3.1,57094.0,4,3.2,111.0,83.0,No,Yes,No,Suburban,0
23,Female,3.3,77823.0,5,3.8,19.0,92.2,No,No,No,Urban,0
16,Male,3.42,17926.0,4,1.6,22.0,90.8,No,No,No,Urban,0
22,Female,2.26,10106.0,3,4.3,22.0,88.0,No,No,Yes,Urban,0
20,Male,3.14,125642.0,2,3.5,82.0,100.0,No,No,Yes,Urban,0
24,Female,2.9,96305.0,4,4.8,99.0,91.4,No,No,No,Suburban,0
19,Female,2.78,40851.0,1,5.1,45.0,85.0,No,No,No,Rural,0
22,Male,3.71,4626.0,4,5.2,33.0,100.0,No,No,No,Suburban,1
20,Female,2.6,48450.0,6,3.7,44.0,73.5,No,Yes,No,Urban,0
21,Male,2.23,168717.0,4,2.4,20.0,76.3,No,Yes,No,Urban,0
25,Female,3.44,63069.0,4,1.8,68.0,95.0,No,No,No,Suburban,1
23,Male,2.22,59549.0,4,5.4,77.0,89.8,No,No,No,Rural,0
20,Male,1.94,38674.0,4,5.3,83.0,83.6,No,No,No,Urban,0
20,Male,3.5,55918.0,4,1.9,16.0,91.1,No,No,No,Urban,1
23,Female,3.09,62860.0,2,8.1,103.0,96.5,No,No,No,Urban,0
19,Male,3.26,45641.0,3,6.8,53.0,79.5,No,No,No,Rural,0
17,Female,2.76,34678.0,7,2.8,43.0,87.3,No,No,No,Suburban,0
20,Male,2.24,46185.0,8,5.6,15.0,88.3,No,Yes,Yes,Urban,0
16,Male,2.35,44673.0,3,4.7,2.0,90.5,No,Yes,No,Suburban,0
17,Male,2.85,5668.0,5,5.6,21.0,93.2,Yes,No,No,Suburban,1
20,Male,2.3,148521.0,5,5.4,42.0,72.3,No,Yes,No,Urban,0
23,Female,3.17,59581.0,2,6.5,12.0,92.3,No,Yes,No,Rural,1
23,Male,2.75,86623.0,1,8.3,54.0,72.7,No,Yes,Yes,Rural,0
18,Female,3.1,49634.0,7,5.7,44.0,87.7,No,No,No,Suburban,0
20,Female,3.09,27122.0,1,6.2,22.0,79.6,No,Yes,No,Urban,1
17,Female,3.21,74816.0,2,8.2,43.0,89.6,No,Yes,No,Urban,1
23,Female,3.27,9539.0,8,3.8,85.0,93.3,No,Yes,No,Urban,1
18,Female,2.81,61246.0,3,2.9,24.0,88.5,No,No,No,Rural,0
23,Female,3.1,74252.0,2,6.5,14.0,82.8,No,No,Yes,Rural,0
24,Female,3.13,38179.0,4,2.3,49.0,77.5,No,No,No,Urban,0
22,Female,1.66,57267.0,3,3.2,3.0,87.7,No,Yes,No,Urban,0
19,Female,3.36,5780.0,5,8.3,38.0,84.7,No,No,No,Suburban,0
25,Male,3.08,59009.0,3,1.2,48.0,90.7,No,Yes,Yes,Suburban,0
22,Female,3.31,31205.0,6,5.7,54.0,84.6,No,No,No,Urban,1
22,Male,2.29,57467.0,4,1.8,90.0,99.2,No,Yes,No,Urban,0
24,Female,2.83,39424.0,5,5.9,101.0,88.4,Yes,No,No,Urban,1
24,Other,2.4,39066.0,4,9.0,30.0,95.4,No,No,No,Urban,1
16,Female,3.41,58695.0,5,2.8,30.0,84.0,No,No,No,Urban,0
24,Female,2.23,32383.0,2,0.4,10.0,93.9,No,Yes,No,Urban,0
23,Female,2.49,38017.0,4,5.8,20.0,93.0,No,No,No,Suburban,0
18,Female,3.29,129148.0,3,3.6,33.0,82.6,No,No,No,Rural,0
19,Male,2.65,90402.0,6,4.6,17.0,76.0,No,No,No,Urban,0
23,Male,2.49,34664.0,1,5.8,3.0,98.1,No,No,Yes,Suburban,1
18,Male,3.5,39981.0,2,6.2,13.0,84.6,No,No,No,Urban,1
20,Male,3.52,25663.0,4,6.3,37.0,82.8,No,No,Yes,Suburban,0
22,Other,3.4,31288.0,4,4.9,10.0,85.6,Yes,Yes,No,Urban,0
22,Female,3.47,32416.0,3,6.0,54.0,80.4,No,No,No,Urban,1
25,Female,2.87,44072.0,2,4.6,48.0,93.0,No,Yes,No,Urban,1
17,Male,2.89,6631.0,4,4.3,12.0,87.9,No,No,No,Urban,0
18,Female,2.64,30647.0,5,5.0,1.0,88.4,No,No,No,Urban,1
25,Male,3.09,26897.0,5,6.3,27.0,97.1,No,No,No,Urban,1
21,Female,2.71,98230.0,6,3.6,9.0,88.8,No,Yes,No,Urban,0
18,Other,2.76,39655.0,2,5.5,74.0,100.0,No,Yes,No,Urban,0
18,Male,3.33,48341.0,6,4.0,38.0,87.8,No,No,Yes,Rural,0
19,Male,3.65,30002.0,7,3.4,12.0,76.0,No,No,No,Suburban,1
21,Male,3.22,39887.0,6,7.3,69.0,80.9,No,No,No,Urban,1
18,Male,3.99,31288.0,3,5.8,35.0,82.2,No,Yes,No,Suburban,1
22,Male,2.61,44534.0,2,5.8,108.0,88.9,No,Yes,Yes,Urban,1
20,Male,1.99,57180.0,4,2.9,14.0,100.0,No,No,No,Suburban,0
22,Male,3.39,13817.0,3,4.5,8.0,89.5,No,No,No,Urban,1
17,Male,2.58,62686.0,2,6.3,1.0,86.2,No,No,Yes,Suburban,0
22,Male,2.85,19476.0,3,5.8,33.0,85.6,No,No,No,Urban,1
25,Female,2.03,132051.0,5,10.0,51.0,92.4,No,Yes,No,Urban,0
17,Male,2.51,43878.0,1,5.5,8.0,91.3,No,No,No,Suburban,1
19,Female,2.17,47881.0,4,3.5,36.0,94.4,No,Yes,No,Rural,0
22,Male,2.76,49197.0,9,4.0,14.0,82.4,No,No,No,Urban,0
22,Male,2.78,41944.0,2,3.1,23.0,100.0,Yes,No,No,Urban,1
22,Male,3.05,23763.0,1,3.6,68.0,85.2,No,Yes,No,Urban,0
21,Female,3.68,47967.0,6,5.2,9.0,82.9,No,Yes,No,Suburban,1
22,Male,3.37,46099.0,4,4.0,7.0,97.6,No,Yes,No,Suburban,1
22,Female,2.11,21611.0,4,7.9,50.0,95.2,No,Yes,No,Rural,1
16,Male,3.33,13961.0,4,6.9,2.0,82.8,No,No,No,Suburban,1
23,Other,3.06,74501.0,1,6.9,32.0,93.4,No,Yes,No,Rural,0
20,Male,2.95,30608.0,4,4.4,236.0,84.6,No,Yes,Yes,Suburban,1
16,Male,2.99,36192.0,2,7.0,56.0,91.4,Yes,No,No,Rural,1
20,Female,3.11,46245.0,4,7.3,17.0,89.9,No,Yes,No,Suburban,0
20,Male,2.62,23269.0,3,8.5,18.0,100.0,Yes,No,No,Urban,1
16,Male,2.9,50837.0,5,3.8,2.0,99.1,No,No,No,Suburban,0
25,Female,3.65,37437.0,3,5.0,39.0,96.5,No,No,No,Urban,1
18,Male,2.61,39987.0,5,3.3,107.0,94.1,No,No,No,Urban,0
19,Male,2.43,84139.0,4,10.0,39.0,78.0,Yes,Yes,No,Rural,0
20,Male,2.97,45074.0,6,4.6,12.0,89.5,No,Yes,No,Rural,0
24,Male,2.38,34933.0,4,7.8,23.0,84.5,No,No,No,Urban,0
23,Female,2.05,18109.0,8,5.3,3.0,87.6,Yes,Yes,No,Urban,1
23,Female,2.81,49033.0,5,6.9,39.0,88.7,No,No,Yes,Rural,0
18,Female,3.8,72513.0,3,5.0,29.0,74.3,No,No,No,Urban,1
24,Male,2.98,35369.0,2,7.0,11.0,85.7,No,Yes,No,Rural,1
24,Female,3.1,72135.0,6,5.6,10.0,89.0,No,Yes,No,Rural,1
20,Female,1.83,49500.0,1,8.8,8.0,95.4,No,No,Yes,Rural,0
21,Male,3.24,42657.0,6,5.7,16.0,81.7,No,Yes,No,Rural,1
16,Female,3.05,53635.0,3,3.4,11.0,81.7,No,No,No,Suburban,0
23,Female,2.63,14449.0,4,6.1,34.0,81.1,No,Yes,Yes,Rural,1
25,Female,3.1,30963.0,5,5.0,22.0,85.5,No,No,No,Urban,0
20,Male,3.09,31837.0,5,2.8,134.0,79.0,Yes,Yes,No,Urban,1
21,Male,2.42,36475.0,3,5.8,20.0,98.6,No,No,No,Suburban,0
20,Female,3.18,118649.0,1,3.6,41.0,94.2,No,Yes,No,Urban,0
16,Female,3.66,43640.0,4,4.5,186.0,100.0,No,No,No,Suburban,1
22,Male,2.87,12563.0,4,5.1,87.0,83.7,No,No,Yes,Suburban,0
23,Male,2.52,25686.0,10,0.5,19.0,94.9,No,No,No,Suburban,0
25,Female,2.9,40011.0,2,4.1,4.0,78.3,No,No,No,Urban,0
25,Male,3.47,44955.0,3,7.0,47.0,99.8,No,No,No,Rural,0
20,Male,2.33,2528.0,3,4.6,79.0,86.3,No,No,No,Suburban,0
25,Female,3.32,56816.0,1,0.8,28.0,87.3,No,Yes,No,Urban,0
21,Male,2.63,58451.0,5,4.8,23.0,98.2,No,No,No,Suburban,0
22,Male,3.13,17443.0,2,6.1,8.0,97.7,No,No,No,Urban,1
22,Male,2.69,71190.0,5,4.3,94.0,80.2,No,Yes,No,Suburban,1
25,Female,2.69,35186.0,3,4.4,84.0,87.2,No,Yes,No,Suburban,0
23,Male,3.84,20306.0,2,4.0,39.0,99.4,No,Yes,No,Urban,1
17,Female,2.23,16420.0,2,6.4,2.0,85.1,No,Yes,No,Rural,1
16,Other,3.27,56011.0,5,3.2,15.0,90.4,No,Yes,No,Urban,1
20,Female,3.95,27009.0,2,6.2,166.0,92.3,No,Yes,No,Rural,1
21,Female,3.38,48236.0,5,4.4,37.0,99.3,No,Yes,Yes,Urban,1
22,Female,2.27,16009.0,1,7.8,3.0,93.3,No,Yes,No,Suburban,0
20,Male,2.3,32118.0,3,3.9,18.0,86.1,No,No,No,Urban,0
21,Female,2.59,53588.0,6,2.6,14.0,72.3,No,No,No,Suburban,0
25,Female,3.09,82477.0,4,6.4,44.0,93.6,Yes,Yes,No,Rural,1
19,Female,3.12,88248.0,6,6.1,5.0,89.4,No,No,No,Urban,0
20,Male,2.3,81408.0,4,5.9,1.0,100.0,No,No,No,Rural,0
21,Male,2.52,175057.0,5,6.9,24.0,92.6,No,Yes,No,Rural,0
20,Female,2.55,48747.0,5,2.8,27.0,83.5,No,No,No,Suburban,0
25,Male,2.9,15609.0,3,3.3,95.0,78.0,No,No,No,Suburban,0
25,Female,4.0,26152.0,8,7.9,56.0,86.6,No,Yes,No,Suburban,1
21,Male,2.49,86710.0,6,6.0,47.0,90.9,No,No,No,Suburban,1
20,Female,2.46,23581.0,4,4.0,7.0,88.8,No,No,Yes,Rural,0
21,Female,2.38,1714.0,5,1.1,40.0,77.9,No,No,No,Urban,0
17,Male,3.35,33006.0,5,2.3,14.0,65.7,No,Yes,Yes,Rural,0
20,Male,2.98,70228.0,3,2.9,25.0,80.3,No,Yes,No,Urban,0
18,Female,2.51,25761.0,7,3.8,81.0,68.5,No,No,No,Urban,0
17,Male,2.8,89501.0,4,5.7,21.0,80.1,No,No,Yes,Urban,0
16,Male,2.56,126050.0,4,2.0,11.0,89.9,No,No,No,Urban,0
21,Female,3.16,47948.0,3,3.8,75.0,99.6,No,No,Yes,Urban,0
16,Male,4.0,140304.0,3,2.2,44.0,68.4,No,No,No,Rural,0
22,Female,3.3,106220.0,3,4.1,161.0,79.8,No,No,No,Rural,0
20,Male,2.95,71697.0,7,10.0,60.0,91.2,No,Yes,No,Rural,1
19,Male,2.63,52455.0,7,7.6,12.0,84.4,No,No,No,Urban,0
23,Female,2.26,49289.0,6,6.3,16.0,89.3,No,No,No,Urban,0
21,Male,3.4,38303.0,4,3.9,3.0,91.0,No,No,No,Urban,1
23,Male,3.37,59821.0,8,2.6,6.0,84.7,No,No,No,Suburban,1
23,Female,2.74,6354.0,5,4.8,32.0,97.6,No,No,No,Urban,0
16,Female,3.67,109286.0,3,1.6,60.0,100.0,No,Yes,No,Suburban,0
18,Female,3.01,141873.0,5,6.4,9.0,79.5,Yes,Yes,Yes,Urban,0
21,Female,3.43,5845.0,4,4.6,6.0,95.4,No,No,No,Suburban,1
25,Male,3.16,68829.0,6,4.9,49.0,100.0,No,Yes,No,Urban,1
17,Male,2.9,103672.0,2,1.3,40.0,99.6,No,Yes,No,Rural,0
17,Female,2.47,44732.0,1,5.1,16.0,82.5,No,No,Yes,Urban,0
25,Female,2.92,36916.0,4,4.5,7.0,85.4,No,No,Yes,Urban,0
25,Female,3.46,31101.0,5,2.9,10.0,74.1,No,No,No,Urban,0
17,Male,2.72,26755.0,4,5.5,47.0,83.4,No,No,No,Urban,0
20,Male,3.24,50849.0,6,4.1,49.0,83.7,No,No,No,Suburban,0
22,Male,2.4,89028.0,5,5.6,4.0,91.7,No,No,No,Urban,0
17,Female,3.43,7135.0,6,6.4,7.0,78.9,No,No,No,Suburban,1
19,Female,3.17,18734.0,8,2.6,14.0,88.6,No,No,No,Suburban,0
19,Male,2.34,25279.0,3,5.2,145.0,89.7,No,Yes,No,Suburban,0
22,Male,2.88,10980.0,5,5.2,1.0,84.3,No,Yes,Yes,Suburban,1
19,Male,3.51,63839.0,2,7.7,32.0,94.7,No,No,Yes,Urban,1
20,Male,2.31,58174.0,4,6.9,18.0,84.4,No,No,No,Urban,0
18,Female,2.41,74621.0,4,4.2,36.0,90.6,No,Yes,No,Urban,0
23,Female,2.96,4701.0,4,4.1,44.0,77.6,No,No,No,Urban,0
17,Male,4.0,68720.0,5,5.3,19.0,81.8,No,Yes,No,Urban,1
18,Female,2.63,88687.0,10,2.5,27.0,95.7,Yes,No,No,Urban,0
18,Other,3.27,64706.0,3,2.9,103.0,74.6,No,No,No,Rural,0
25,Male,3.14,42181.0,4,4.0,247.0,94.0,No,No,No,Urban,0
25,Male,2.68,37972.0,1,0.0,51.0,85.4,No,No,No,Rural,0
21,Female,3.09,54402.0,4,2.8,17.0,71.7,No,No,No,Suburban,0
17,Male,2.75,50045.0,5,4.3,91.0,84.4,No,No,No,Urban,0
23,Female,2.8,25906.0,3,10.0,8.0,93.9,No,No,Yes,Suburban,1
20,Female,2.09,5194.0,8,3.6,7.0,100.0,No,Yes,No,Suburban,0
24,Male,2.99,28905.0,4,6.5,15.0,100.0,No,Yes,Yes,Suburban,1
19,Male,3.49,131451.0,7,4.6,228.0,80.6,No,No,Yes,Urban,0
25,Female,3.03,6146.0,2,6.0,15.0,94.4,No,No,No,Urban,0
24,Male,3.6,49466.0,6,2.6,286.0,84.4,No,No,No,Rural,1
18,Female,3.32,111802.0,2,1.6,29.0,83.1,Yes,Yes,No,Suburban,1
23,Female,2.97,75848.0,5,8.0,36.0,96.0,No,No,No,Suburban,1
18,Female,2.65,83755.0,4,2.1,34.0,89.8,No,No,Yes,Suburban,0
19,Female,2.73,77589.0,7,8.3,45.0,89.8,No,No,No,Suburban,0
18,Female,2.19,11108.0,6,4.2,20.0,74.6,No,No,No,Suburban,0
22,Female,2.85,99024.0,6,3.2,1.0,80.3,No,No,No,Rural,0
18,Male,3.08,108226.0,3,3.9,79.0,80.8,No,No,Yes,Urban,0
22,Male,3.94,14575.0,8,8.5,7.0,92.1,No,Yes,No,Urban,1
21,Male,3.29,30900.0,6,3.5,12.0,93.9,No,Yes,No,Urban,1
23,Male,2.52,45217.0,4,4.2,54.0,100.0,No,No,No,Urban,1
25,Male,2.21,31194.0,6,7.1,145.0,80.5,No,No,No,Rural,0
16,Male,2.89,24092.0,2,6.0,22.0,100.0,No,Yes,No,Suburban,1
25,Male,3.45,24559.0,1,9.6,3.0,85.9,No,No,No,Suburban,1
17,Male,2.88,68565.0,5,7.6,16.0,88.6,Yes,No,No,Urban,1
21,Male,3.3,82096.0,3,3.5,9.0,87.1,No,Yes,Yes,Suburban,0
19,Female,2.9,24644.0,2,7.9,34.0,90.0,No,No,No,Suburban,0
22,Female,3.39,81736.0,3,0.8,81.0,93.6,No,No,No,Urban,1
23,Female,2.12,31087.0,3,6.7,66.0,96.3,No,Yes,No,Urban,0
24,Female,3.88,15475.0,7,3.6,41.0,86.0,No,No,No,Urban,1
20,Female,2.39,53472.0,3,6.3,46.0,88.7,No,Yes,No,Suburban,0
25,Female,3.44,43737.0,3,9.3,15.0,80.7,No,Yes,No,Suburban,1
19,Male,2.85,54886.0,4,1.3,30.0,93.4,No,No,No,Suburban,0
18,Other,2.94,54263.0,3,7.0,13.0,90.1,No,Yes,No,Urban,0
19,Male,2.87,50376.0,5,6.8,19.0,81.8,No,Yes,Yes,Urban,0
21,Female,3.14,40149.0,4,6.5,70.0,78.1,No,No,No,Urban,0
22,Female,3.25,80530.0,5,2.8,3.0,89.3,No,Yes,No,Suburban,1
24,Male,3.58,65101.0,7,4.8,45.0,98.5,No,No,No,Urban,0
18,Female,3.77,31925.0,9,2.9,98.0,100.0,No,No,No,Urban,1
19,Male,3.18,31329.0,4,5.9,1.0,77.7,No,No,No,Suburban,0
25,Male,3.94,10185.0,4,2.1,16.0,95.5,No,No,No,Suburban,1
20,Male,3.05,11786.0,2,4.0,184.0,94.4,No,No,No,Rural,1
18,Male,3.59,38084.0,7,6.4,103.0,99.1,No,No,Yes,Rural,1
25,Male,3.24,73854.0,3,3.4,97.0,91.8,No,No,Yes,Rural,1
20,Female,2.7,21438.0,4,4.1,40.0,85.3,No,No,No,Suburban,0
25,Female,3.1,67098.0,4,3.0,20.0,94.3,No,Yes,No,Urban,0
25,Male,3.28,49125.0,3,5.6,54.0,67.4,No,Yes,No,Suburban,0
25,Female,2.98,22569.0,4,4.7,6.0,80.1,No,No,Yes,Urban,0
21,Male,3.23,44916.0,5,3.4,53.0,81.0,No,Yes,Yes,Suburban,0
23,Male,3.48,43673.0,7,3.6,2.0,82.6,No,No,No,Suburban,1
25,Female,2.99,23382.0,9,5.3,15.0,75.8,No,Yes,No,Suburban,0
18,Female,1.38,64136.0,2,2.7,46.0,83.5,No,No,No,Urban,0
16,Male,3.92,78626.0,7,4.9,119.0,83.6,Yes,No,Yes,Rural,1
19,Male,2.84,34114.0,5,5.1,44.0,85.9,No,Yes,No,Urban,0
22,Female,2.55,16797.0,1,5.3,44.0,90.3,No,No,No,Urban,0
21,Female,2.38,81140.0,4,3.8,36.0,78.0,No,No,No,Suburban,0
16,Male,2.81,11096.0,5,6.3,31.0,84.4,No,No,No,Suburban,1
21,Male,2.69,52153.0,1,7.1,35.0,87.3,No,Yes,No,Urban,0
17,Male,2.59,21418.0,1,6.4,78.0,73.2,No,Yes,No,Urban,0
21,Female,2.62,15584.0,2,5.5,41.0,87.4,No,Yes,No,Rural,1
21,Female,3.29,28381.0,4,1.9,3.0,89.9,No,Yes,No,Urban,1
22,Female,4.0,43632.0,3,8.7,32.0,94.1,No,Yes,No,Suburban,1
20,Male,3.45,18575.0,4,5.1,112.0,77.4,No,No,No,Urban,0
20,Female,3.62,13375.0,4,5.7,43.0,86.8,No,Yes,No,Suburban,1
22,Female,2.79,8075.0,3,3.4,34.0,97.9,No,Yes,Yes,Suburban,1
23,Male,3.06,111860.0,5,4.5,0.0,74.1,No,No,Yes,Urban,0
24,Female,3.23,55074.0,4,7.6,2.0,87.9,No,No,No,Urban,1
19,Male,2.64,22703.0,3,6.7,30.0,75.8,No,Yes,No,Suburban,0
20,Male,2.77,56963.0,5,4.3,27.0,84.6,No,Yes,No,Urban,0
19,Female,3.47,43325.0,2,8.4,1.0,81.6,No,No,No,Urban,0
21,Male,3.6,68690.0,6,2.8,1.0,91.0,No,No,No,Rural,1
17,Other,3.04,36167.0,6,1.3,43.0,85.6,No,Yes,No,Urban,1
20,Female,2.34,76930.0,3,0.8,18.0,77.8,Yes,No,No,Urban,0
17,Male,2.84,25406.0,4,6.7,51.0,100.0,No,No,No,Suburban,1
21,Male,2.21,48840.0,5,3.5,12.0,89.4,No,No,No,Rural,0
24,Female,3.04,73776.0,1,4.7,75.0,95.9,No,No,No,Urban,0
25,Male,3.14,50541.0,3,7.4,14.0,79.2,No,No,No,Rural,0
20,Female,2.85,134202.0,1,5.7,71.0,84.9,No,Yes,No,Suburban,0
16,Male,3.13,67817.0,7,2.4,16.0,96.0,Yes,Yes,No,Urban,1
18,Male,3.23,56307.0,6,8.6,1.0,82.0,No,No,No,Suburban,1
17,Female,3.14,32395.0,1,4.4,5.0,88.0,No,No,No,Suburban,0
23,Male,2.34,49577.0,7,4.9,57.0,87.5,No,No,No,Suburban,1
25,Female,2.86,91677.0,6,3.4,13.0,69.1,No,Yes,No,Urban,0
21,Female,3.23,29341.0,8,2.5,95.0,87.4,No,No,No,Suburban,1
17,Male,3.87,20803.0,4,5.5,29.0,84.6,No,No,Yes,Rural,1
16,Female,2.85,29469.0,4,1.8,4.0,86.7,No,Yes,No,Urban,0
25,Female,3.3,28270.0,6,4.8,55.0,82.2,No,Yes,No,Urban,0
19,Female,3.48,61652.0,2,8.5,9.0,77.7,Yes,No,No,Suburban,1
17,Male,2.89,124268.0,5,6.7,22.0,81.5,No,No,No,Rural,0
17,Male,3.63,11606.0,2,5.4,52.0,83.8,Yes,No,No,Suburban,1
18,Female,3.66,44202.0,2,2.6,2.0,92.9,Yes,Yes,No,Urban,1
22,Female,3.76,18646.0,6,4.9,10.0,83.5,No,No,No,Urban,1
24,Female,3.25,53684.0,1,3.2,52.0,88.9,No,Yes,No,Suburban,1
18,Female,4.0,58082.0,3,8.2,59.0,89.6,No,No,No,Rural,0
22,Female,2.66,28371.0,3,4.0,43.0,83.7,No,Yes,No,Rural,0
16,Male,4.0,62804.0,5,3.3,3.0,95.8,No,No,No,Suburban,1
16,Female,3.42,24811.0,3,4.5,132.0,85.0,No,Yes,No,Suburban,0
16,Male,3.74,24777.0,5,3.3,42.0,83.5,No,No,No,Suburban,0
25,Male,2.82,21834.0,4,5.5,1.0,96.8,No,No,No,Suburban,1
21,Female,3.46,29716.0,5,9.0,107.0,89.1,No,No,Yes,Suburban,1
24,Female,3.78,41156.0,1,5.0,34.0,68.9,No,Yes,No,Urban,1
16,Male,2.4,37934.0,2,3.0,41.0,66.7,No,No,Yes,Urban,0
16,Female,2.91,47089.0,8,4.7,27.0,100.0,No,No,No,Suburban,0
24,Female,1.82,60660.0,4,2.2,53.0,88.7,No,No,No,Rural,0
17,Female,2.9,47526.0,4,10.0,14.0,86.6,No,No,No,Suburban,0
17,Female,2.55,110465.0,1,9.0,24.0,70.3,No,Yes,No,Suburban,0
21,Male,2.88,43307.0,3,7.7,5.0,86.8,No,No,No,Urban,0
22,Female,4.0,70214.0,1,6.7,9.0,79.6,No,No,No,Rural,1
18,Male,3.94,10162.0,3,4.6,28.0,85.5,No,Yes,Yes,Urban,1
20,Male,2.21,47096.0,2,4.7,23.0,82.2,No,No,No,Urban,0
22,Male,3.31,37616.0,2,4.5,35.0,85.7,No,No,No,Urban,0
20,Male,3.44,35157.0,2,10.0,6.0,89.5,No,No,No,Urban,1
19,Female,2.81,90478.0,10,4.6,14.0,91.0,No,Yes,No,Urban,0
16,Male,3.1,137548.0,3,3.8,52.0,87.5,No,Yes,Yes,Urban,0
20,Female,3.15,61092.0,5,4.8,38.0,88.9,No,No,No,Rural,0
24,Male,2.26,7967.0,6,6.1,6.0,73.7,No,No,No,Urban,0
22,Male,2.43,27238.0,3,0.0,84.0,87.3,No,No,No,Urban,0
24,Other,3.09,11928.0,4,5.9,25.0,89.7,No,No,No,Urban,0
17,Female,3.05,46224.0,5,0.0,6.0,87.4,No,No,No,Suburban,0
16,Female,2.61,55863.0,2,8.2,5.0,99.9,No,No,No,Suburban,1
21,Female,2.56,9327.0,4,1.2,13.0,85.9,No,No,No,Suburban,0
17,Male,2.95,100960.0,5,3.2,27.0,77.4,No,No,No,Suburban,0
21,Female,3.49,15374.0,2,0.8,7.0,88.0,No,No,No,Urban,1
25,Female,2.96,54087.0,8,9.0,47.0,83.4,No,Yes,No,Rural,0
19,Male,3.89,99547.0,5,5.0,32.0,74.2,No,No,No,Rural,0
21,Female,2.62,46860.0,2,9.9,34.0,85.6,No,No,No,Urban,0
22,Female,3.11,23575.0,1,9.4,51.0,99.8,No,Yes,Yes,Urban,1
17,Female,2.81,22465.0,9,7.7,40.0,85.0,No,No,Yes,Rural,1
24,Female,3.32,47756.0,3,1.9,74.0,96.7,No,No,No,Urban,1
18,Female,2.57,70309.0,4,5.4,49.0,93.7,No,Yes,No,Urban,0
24,Male,4.0,52782.0,4,8.0,8.0,100.0,No,No,No,Urban,1
22,Other,2.07,22058.0,3,5.9,2.0,91.6,No,Yes,Yes,Urban,0
17,Male,3.94,36950.0,6,4.2,17.0,88.6,No,Yes,No,Urban,1
23,Male,3.05,19631.0,3,5.8,128.0,88.7,No,Yes,No,Suburban,1
17,Male,3.3,19447.0,1,6.0,31.0,90.2,No,Yes,No,Urban,1
21,Female,3.73,18586.0,3,1.8,24.0,85.9,No,Yes,No,Suburban,1
25,Other,3.47,31109.0,5,3.8,93.0,83.9,No,No,No,Rural,1
25,Female,2.6,39861.0,2,6.4,38.0,91.7,No,No,Yes,Rural,0
24,Female,3.33,43301.0,5,6.9,12.0,82.9,No,No,No,Suburban,0
20,Other,4.0,50850.0,2,5.5,42.0,73.1,No,No,No,Urban,0
21,Female,2.51,23105.0,1,4.1,48.0,77.5,No,No,No,Urban,0
19,Male,4.0,40473.0,1,4.6,10.0,100.0,No,No,No,Suburban,0
25,Female,3.21,44145.0,3,3.3,219.0,85.4,No,No,No,Rural,0
20,Male,2.76,85316.0,2,4.8,8.0,94.1,No,Yes,No,Urban,0
23,Male,2.51,9638.0,7,6.9,20.0,82.4,No,Yes,No,Urban,0
19,Male,2.88,12430.0,10,10.0,10.0,95.1,No,No,No,Urban,1
23,Male,1.92,59011.0,1,2.4,9.0,91.2,No,No,No,Suburban,0
18,Female,2.77,63240.0,3,7.8,24.0,100.0,No,No,No,Urban,0
23,Other,2.86,59179.0,2,5.8,23.0,98.5,No,Yes,No,Rural,1
16,Male,2.41,58759.0,9,1.5,43.0,93.9,No,Yes,No,Urban,0
17,Female,3.41,10590.0,10,4.8,35.0,83.3,No,No,No,Suburban,1
19,Male,2.88,124412.0,5,4.6,41.0,78.6,No,No,No,Rural,0
20,Male,2.65,79105.0,4,5.0,53.0,86.9,No,Yes,No,Rural,0
23,Male,2.82,10750.0,1,7.3,57.0,88.2,No,No,No,Urban,0
19,Male,3.2,33439.0,5,9.3,2.0,84.7,No,No,No,Suburban,0
16,Male,3.04,32053.0,3,7.8,26.0,93.6,No,No,No,Suburban,0
19,Male,2.61,37788.0,6,5.5,70.0,88.6,No,Yes,No,Suburban,0
20,Male,3.07,29058.0,5,5.7,22.0,88.0,No,No,Yes,Rural,1
21,Male,2.97,16414.0,5,9.6,5.0,100.0,No,No,No,Urban,1
22,Female,2.37,44706.0,3,2.7,42.0,88.8,No,No,No,Urban,0
18,Male,2.84,88930.0,2,7.7,22.0,77.2,No,Yes,No,Urban,0
22,Male,3.32,28392.0,2,2.5,39.0,96.2,Yes,No,No,Suburban,0
22,Female,3.31,50569.0,7,1.6,1.0,89.7,No,No,No,Suburban,0
23,Male,2.87,38584.0,5,6.4,2.0,85.8,Yes,Yes,No,Suburban,1
21,Female,3.37,58740.0,2,1.4,20.0,80.4,Yes,No,Yes,Rural,0
24,Male,2.46,36152.0,6,4.1,17.0,98.1,Yes,No,No,Suburban,0
18,Female,2.48,25264.0,3,8.0,22.0,100.0,No,Yes,No,Suburban,1
23,Female,2.86,29605.0,3,3.0,11.0,82.6,No,No,No,Urban,0
16,Female,3.82,86711.0,9,9.0,68.0,90.4,No,No,Yes,Suburban,1
17,Female,3.09,42135.0,3,0.0,10.0,91.5,No,No,No,Suburban,0
24,Male,2.85,41163.0,6,7.3,1.0,74.1,No,Yes,No,Suburban,1
20,Male,3.85,84963.0,4,2.0,21.0,87.7,No,No,No,Suburban,0
22,Male,2.84,95232.0,4,4.6,34.0,74.1,No,No,No,Suburban,0
22,Female,4.0,4593.0,4,5.5,17.0,87.9,No,No,No,Suburban,1
22,Male,2.72,12716.0,3,4.4,9.0,100.0,No,No,No,Rural,1
18,Male,2.44,69336.0,3,4.4,2.0,76.4,No,Yes,No,Suburban,0
17,Female,2.91,43529.0,1,1.8,37.0,100.0,No,No,No,Rural,0
16,Male,2.86,95464.0,3,8.1,31.0,100.0,No,No,Yes,Suburban,0
24,Male,2.56,9692.0,1,2.3,28.0,88.0,No,No,No,Urban,0
18,Female,4.0,48017.0,2,2.3,45.0,92.1,No,No,Yes,Urban,1
21,Male,3.18,60792.0,7,4.8,13.0,85.7,No,No,No,Suburban,1
20,Female,3.26,32437.0,2,3.5,5.0,84.4,No,No,No,Suburban,0
17,Female,2.75,66725.0,3,6.8,29.0,89.6,No,No,No,Suburban,0
20,Female,2.68,70225.0,10,3.8,2.0,81.8,No,No,No,Suburban,0
16,Male,3.56,38918.0,2,5.0,56.0,91.8,No,No,No,Urban,1
17,Male,2.08,37023.0,5,5.3,2.0,88.3,No,Yes,Yes,Suburban,0
17,Female,2.37,74767.0,2,7.1,24.0,79.5,No,Yes,No,Suburban,0
24,Female,2.86,47385.0,5,3.8,1.0,93.7,No,No,No,Suburban,0
21,Female,3.74,58017.0,3,1.3,3.0,93.9,No,No,No,Suburban,1
25,Male,2.79,47215.0,6,3.2,23.0,97.0,No,Yes,No,Urban,1
20,Male,3.23,45577.0,4,7.5,16.0,84.2,No,Yes,Yes,Suburban,1
18,Male,3.02,36957.0,5,5.8,9.0,96.2,No,Yes,No,Suburban,1
22,Male,3.71,60621.0,3,4.2,7.0,100.0,No,Yes,No,Rural,1
25,Male,2.13,21520.0,8,5.1,35.0,88.2,No,Yes,Yes,Suburban,0
21,Female,3.4,10157.0,2,4.4,14.0,88.9,No,No,No,Urban,0
16,Male,2.89,41106.0,2,6.7,34.0,93.4,No,No,No,Urban,0
19,Female,3.51,96395.0,2,5.7,20.0,70.7,No,No,No,Urban,0
25,Female,2.55,47435.0,7,4.4,62.0,77.1,No,No,Yes,Suburban,0
21,Male,3.01,34522.0,3,7.0,93.0,83.6,No,No,No,Rural,0
25,Female,2.94,31320.0,3,7.6,1.0,85.3,No,No,No,Urban,0
21,Female,2.45,29784.0,1,3.0,5.0,88.9,No,No,No,Suburban,0
16,Male,2.3,2307.0,5,3.0,92.0,90.1,No,No,Yes,Suburban,0
24,Male,2.68,87938.0,6,10.0,52.0,77.0,No,No,No,Urban,0
23,Female,3.07,27522.0,1,6.4,30.0,97.2,No,Yes,No,Suburban,0
23,Female,2.58,41654.0,3,8.7,1.0,90.7,No,Yes,Yes,Urban,0
25,Female,2.82,33024.0,4,7.0,96.0,88.5,No,Yes,No,Suburban,1
17,Other,1.96,24046.0,5,6.0,59.0,91.9,No,Yes,No,Rural,0
25,Male,2.8,90849.0,1,0.3,5.0,83.1,No,Yes,Yes,Suburban,0
18,Female,3.56,17060.0,2,2.3,48.0,86.1,No,No,Yes,Suburban,1
25,Female,3.39,62026.0,6,6.4,58.0,79.3,No,Yes,No,Rural,0
17,Female,2.95,11663.0,5,3.0,134.0,70.4,No,No,No,Urban,0
21,Female,3.13,37189.0,5,4.7,34.0,86.1,No,No,No,Suburban,1
23,Female,2.54,82783.0,2,7.0,52.0,100.0,No,Yes,No,Urban,0
16,Female,3.89,28847.0,3,5.3,47.0,83.5,No,No,No,Urban,1
16,Male,4.0,58389.0,4,5.9,37.0,75.5,No,No,Yes,Suburban,0
24,Female,3.09,27851.0,6,8.1,6.0,92.5,No,No,No,Suburban,1
16,Male,4.0,32362.0,3,8.3,90.0,84.2,No,No,No,Urban,1
22,Female,2.63,67604.0,9,4.9,120.0,91.5,No,No,No,Rural,0
25,Female,2.31,59273.0,6,7.8,45.0,93.3,No,No,No,Urban,0
22,Female,2.61,97067.0,3,2.9,1.0,83.9,No,No,No,Urban,0
20,Male,2.88,28755.0,3,5.5,22.0,91.3,No,No,No,Urban,0
20,Female,4.0,52014.0,2,6.2,44.0,87.7,No,No,Yes,Urban,1
22,Male,2.85,43352.0,4,4.8,31.0,72.3,No,No,Yes,Suburban,0
21,Male,2.53,53010.0,2,4.5,19.0,83.8,No,No,No,Suburban,0
21,Male,2.51,78679.0,5,2.5,75.0,81.4,No,No,Yes,Suburban,0
17,Female,3.63,24988.0,5,4.9,11.0,75.9,No,Yes,No,Suburban,1
22,Male,3.55,50603.0,7,1.5,79.0,81.2,No,No,No,Urban,0
23,Other,2.73,90170.0,7,4.7,4.0,93.4,No,Yes,Yes,Urban,0
23,Male,1.97,43383.0,4,5.1,13.0,88.1,No,Yes,Yes,Rural,0
16,Female,2.38,67270.0,2,6.6,35.0,73.2,No,No,No,Urban,0
23,Female,3.95,7155.0,5,2.4,53.0,79.1,No,No,No,Suburban,0
23,Female,3.38,44770.0,1,5.7,48.0,88.1,No,No,No,Rural,1
17,Female,3.04,30033.0,3,6.3,14.0,88.0,Yes,No,No,Suburban,0
24,Female,4.0,58660.0,5,5.0,3.0,85.4,No,No,No,Rural,0
21,Female,4.0,50828.0,1,6.0,4.0,94.0,No,Yes,No,Rural,1
20,Female,2.98,21719.0,4,5.6,10.0,91.0,No,No,No,Rural,0
23,Male,2.99,12924.0,1,0.0,62.0,83.4,No,No,No,Urban,0
21,Male,2.68,127204.0,4,3.0,14.0,82.6,No,Yes,No,Rural,0
21,Female,2.84,53605.0,2,9.7,1.0,86.4,No,No,Yes,Suburban,0
19,Female,2.18,52736.0,2,6.4,7.0,71.3,No,No,No,Rural,0
25,Female,2.18,24447.0,3,3.7,61.0,90.3,No,Yes,No,Urban,0
25,Female,2.05,33110.0,4,5.8,18.0,77.9,No,No,No,Urban,0
17,Male,3.6,90796.0,9,6.6,14.0,97.7,No,No,Yes,Suburban,1
23,Female,2.14,44009.0,4,8.4,134.0,74.3,No,No,Yes,Suburban,0
16,Female,4.0,92798.0,1,4.1,30.0,91.0,No,Yes,No,Suburban,1
19,Female,2.6,53735.0,4,3.7,46.0,72.1,No,No,Yes,Rural,0
25,Female,3.96,80131.0,3,3.9,47.0,82.8,No,No,No,Rural,0
17,Female,2.8,6600.0,5,3.7,3.0,91.2,No,No,No,Urban,1
19,Female,2.14,23401.0,4,3.7,119.0,95.3,No,No,No,Urban,0
18,Other,3.71,43442.0,5,5.4,25.0,94.9,No,No,No,Suburban,1
23,Male,3.77,35167.0,4,4.1,61.0,93.5,Yes,No,No,Suburban,1
20,Female,2.5,58910.0,7,4.9,24.0,94.4,No,Yes,No,Urban,0
21,Female,2.82,12943.0,5,9.1,113.0,95.1,No,No,No,Urban,1
25,Male,2.5,13181.0,5,2.9,24.0,83.5,No,No,No,Urban,0
21,Male,2.93,57441.0,3,5.7,3.0,84.9,No,Yes,No,Urban,0
23,Female,3.06,77917.0,4,2.5,20.0,93.4,No,Yes,Yes,Urban,0
16,Male,2.81,32968.0,5,7.0,50.0,96.7,No,Yes,Yes,Rural,1
18,Female,2.0,98895.0,6,7.5,43.0,86.6,No,Yes,Yes,Rural,0
25,Male,2.68,113683.0,5,3.1,34.0,83.5,No,No,No,Urban,0
24,Male,3.39,40419.0,5,3.5,29.0,83.3,No,No,Yes,Suburban,0
22,Female,2.89,32116.0,4,6.5,22.0,81.2,No,No,Yes,Suburban,0
19,Male,2.82,26848.0,3,4.4,10.0,91.6,No,Yes,No,Suburban,1
17,Male,2.49,23265.0,2,8.1,41.0,96.9,No,No,No,Suburban,1
24,Female,2.66,65049.0,2,2.4,2.0,91.7,No,No,Yes,Urban,0
23,Female,3.77,20999.0,4,7.4,20.0,87.6,No,Yes,No,Suburban,1
18,Male,2.37,18057.0,6,9.9,73.0,100.0,No,No,No,Urban,1
21,Female,3.4,22436.0,1,5.9,15.0,87.9,No,No,No,Suburban,1
22,Female,3.03,40701.0,5,3.6,37.0,99.0,No,No,No,Urban,0
20,Female,3.13,42757.0,2,3.3,3.0,79.2,No,No,No,Rural,1
25,Male,2.6,62739.0,5,4.6,7.0,89.7,No,Yes,No,Rural,0
17,Male,2.81,38066.0,6,6.5,6.0,80.1,No,Yes,No,Suburban,0
18,Female,3.0,12180.0,6,1.7,26.0,80.6,No,No,No,Urban,0
16,Female,2.71,31051.0,2,4.3,100.0,81.5,Yes,No,No,Suburban,0
22,Male,3.18,41430.0,4,5.3,120.0,88.5,No,No,No,Suburban,0
22,Female,3.25,25602.0,1,8.4,14.0,84.3,No,Yes,No,Suburban,1
25,Male,4.0,50709.0,6,9.1,1.0,71.4,No,No,No,Suburban,1
21,Female,3.15,3953.0,5,4.7,46.0,84.5,Yes,No,No,Urban,0
17,Female,1.95,37815.0,3,2.6,7.0,83.0,No,No,No,Suburban,0
20,Other,3.64,88002.0,4,5.3,32.0,74.0,No,Yes,No,Urban,0
16,Other,2.89,76492.0,1,5.4,19.0,91.6,No,No,No,Suburban,0
22,Male,4.0,45023.0,2,7.6,90.0,93.3,No,No,Yes,Suburban,1
22,Female,3.81,42473.0,4,4.0,39.0,92.9,No,No,No,Suburban,1
24,Male,2.72,55648.0,6,2.8,20.0,100.0,No,No,No,Rural,0
19,Female,3.4,18234.0,2,5.0,7.0,79.0,No,No,No,Urban,0
19,Female,2.67,72538.0,1,4.3,21.0,79.2,No,No,Yes,Urban,0
16,Male,3.0,97030.0,3,4.2,21.0,87.7,No,Yes,No,Urban,0
20,Male,3.37,37669.0,1,3.1,0.0,87.0,No,No,No,Urban,0
20,Male,3.61,44990.0,5,2.2,63.0,89.1,No,Yes,No,Urban,1
23,Male,3.49,63299.0,5,6.3,65.0,94.7,No,Yes,No,Rural,1
23,Male,3.04,23789.0,2,5.6,38.0,86.0,No,No,Yes,Rural,0
17,Female,4.0,99005.0,1,3.2,3.0,96.3,No,No,No,Urban,0
18,Female,2.8,125384.0,5,6.8,11.0,81.8,No,Yes,No,Urban,0
21,Female,2.12,58736.0,3,0.9,66.0,83.9,No,No,No,Urban,0
19,Female,2.22,104004.0,5,4.1,10.0,79.1,No,No,No,Rural,0
16,Female,3.81,16327.0,2,5.5,33.0,60.7,No,No,No,Suburban,0
24,Male,2.96,49570.0,3,7.4,21.0,74.0,No,No,No,Rural,0
23,Female,3.09,7504.0,4,3.8,9.0,95.2,Yes,Yes,No,Rural,1
21,Female,2.7,31057.0,2,7.5,46.0,96.8,No,No,No,Urban,1
19,Female,2.75,31576.0,3,3.6,7.0,77.8,No,No,No,Urban,0
24,Female,2.57,25963.0,5,6.8,25.0,95.5,No,No,No,Urban,0
16,Female,3.26,16571.0,7,8.7,59.0,68.6,No,No,No,Suburban,1
20,Female,2.95,58312.0,3,2.8,45.0,79.7,No,No,Yes,Rural,0
24,Female,3.24,22359.0,6,5.3,51.0,84.3,No,Yes,No,Suburban,1
25,Male,3.19,58353.0,2,6.2,44.0,96.4,No,No,Yes,Urban,1
18,Female,2.77,39590.0,3,2.3,8.0,100.0,No,No,No,Urban,0
22,Male,2.2,51555.0,2,6.0,44.0,84.3,No,Yes,No,Suburban,0
17,Male,2.15,27899.0,4,3.8,23.0,87.5,No,Yes,No,Urban,0
17,Female,4.0,39319.0,2,3.1,11.0,96.3,No,No,No,Urban,1
19,Male,3.81,139365.0,10,4.1,31.0,100.0,No,No,No,Suburban,0
24,Other,3.74,50403.0,3,3.9,78.0,97.5,No,No,No,Urban,0
22,Male,2.63,99186.0,5,6.8,2.0,78.3,No,Yes,No,Urban,0
20,Female,3.01,95928.0,1,5.0,113.0,95.0,No,No,No,Rural,0
18,Male,2.55,14096.0,6,10.0,3.0,82.8,No,No,Yes,Rural,1
17,Other,2.28,95749.0,6,3.8,12.0,99.2,No,Yes,No,Rural,0
18,Male,2.68,39300.0,5,6.0,13.0,93.1,No,No,No,Suburban,0
17,Male,3.73,31545.0,6,4.7,43.0,79.8,No,Yes,No,Suburban,1
17,Male,3.46,18713.0,2,2.2,39.0,96.8,No,No,No,Suburban,0
22,Female,2.47,14190.0,3,8.5,3.0,92.2,No,No,No,Suburban,0
17,Other,2.83,57246.0,2,5.3,0.0,91.2,No,No,No,Urban,0
16,Other,3.41,13732.0,7,3.3,194.0,88.2,No,No,Yes,Rural,1
21,Male,2.69,58860.0,1,5.9,12.0,83.8,No,No,No,Urban,0
18,Female,3.04,4965.0,5,7.3,2.0,92.9,No,No,No,Urban,0
20,Male,3.22,20028.0,5,3.1,0.0,100.0,Yes,No,No,Urban,1
17,Female,3.22,35300.0,1,5.1,133.0,100.0,No,Yes,Yes,Urban,1
18,Female,3.14,42657.0,3,7.3,93.0,86.5,No,Yes,Yes,Urban,0
20,Male,2.64,20917.0,4,5.4,4.0,71.2,No,No,No,Urban,0
22,Female,2.7,15380.0,4,6.2,69.0,83.6,No,No,No,Urban,0
20,Female,2.38,32503.0,2,4.4,99.0,89.2,No,Yes,No,Urban,0
21,Male,2.14,26451.0,7,1.5,9.0,90.3,Yes,No,Yes,Rural,0
21,Male,2.94,29065.0,4,4.4,67.0,95.2,No,No,No,Suburban,1
18,Male,3.45,60850.0,3,3.8,87.0,93.8,Yes,No,No,Urban,0
18,Male,2.24,86270.0,4,4.8,24.0,93.9,No,No,No,Suburban,0
20,Male,3.15,31163.0,4,3.8,16.0,82.9,No,No,Yes,Rural,0
16,Female,3.43,60891.0,2,5.4,64.0,83.8,No,No,No,Urban,1
22,Male,1.99,27079.0,1,4.2,15.0,79.3,No,No,No,Suburban,0
22,Female,2.85,25494.0,5,6.8,18.0,90.1,Yes,No,Yes,Urban,1
19,Female,3.91,32359.0,3,6.4,3.0,94.9,No,No,No,Suburban,1
19,Female,3.3,78221.0,1,3.0,15.0,96.6,No,No,Yes,Suburban,1
19,Female,1.97,11098.0,3,7.8,4.0,67.9,No,No,No,Urban,0
22,Male,3.36,9698.0,4,3.4,7.0,91.8,No,No,No,Suburban,1
23,Male,2.59,111197.0,2,2.5,28.0,79.7,No,Yes,No,Urban,0
17,Male,3.38,20400.0,6,7.3,4.0,92.7,No,No,No,Rural,1
20,Other,2.62,35673.0,5,3.7,177.0,79.6,No,No,No,Urban,1
16,Other,2.97,28882.0,5,5.2,34.0,93.9,Yes,Yes,No,Urban,1
20,Male,2.7,97568.0,4,2.2,47.0,82.8,No,No,No,Rural,0
18,Male,3.0,77713.0,3,4.2,36.0,83.0,No,No,No,Urban,0
19,Female,2.69,15235.0,4,4.7,30.0,94.4,No,No,No,Suburban,1
20,Male,2.88,42919.0,3,4.1,15.0,83.6,No,Yes,No,Urban,1
19,Other,2.35,50898.0,1,3.9,8.0,95.7,No,Yes,Yes,Urban,1
19,Male,3.27,59736.0,2,5.1,33.0,93.9,No,No,No,Rural,0
23,Male,3.1,6636.0,10,7.2,4.0,87.1,No,No,No,Urban,1
24,Male,2.11,9674.0,4,2.9,35.0,84.4,No,Yes,No,Urban,0
16,Male,3.55,62606.0,3,0.0,3.0,98.2,No,No,No,Rural,1
19,Male,2.9,13388.0,4,7.7,25.0,94.6,No,Yes,Yes,Suburban,1
24,Female,3.09,50314.0,3,3.6,56.0,100.0,No,No,No,Urban,0
21,Male,3.42,15967.0,3,3.7,8.0,74.1,No,No,No,Urban,0
18,Female,3.18,10284.0,1,3.8,71.0,85.7,No,No,Yes,Urban,1
21,Male,3.64,19817.0,5,2.1,47.0,84.4,No,No,No,Urban,1
17,Male,2.84,38495.0,2,4.1,79.0,92.1,No,No,No,Urban,0
16,Male,3.57,48783.0,5,4.4,8.0,80.4,No,No,No,Suburban,0
22,Male,3.07,52851.0,8,6.0,10.0,81.5,No,No,No,Urban,1
21,Male,3.28,67572.0,1,3.8,77.0,88.3,No,No,No,Suburban,0
23,Male,3.22,20761.0,1,0.0,23.0,73.0,No,Yes,No,Rural,0
19,Female,3.68,65084.0,1,2.1,18.0,71.9,Yes,Yes,No,Suburban,0
24,Female,3.4,41148.0,4,7.5,23.0,87.1,No,No,Yes,Urban,1
20,Female,2.76,45755.0,5,3.2,0.0,100.0,No,No,No,Suburban,0
23,Male,2.65,147470.0,4,6.2,91.0,88.9,No,Yes,Yes,Urban,0
17,Female,2.97,58048.0,3,3.4,32.0,85.0,No,Yes,No,Urban,0
16,Female,2.58,33553.0,2,6.8,96.0,91.5,No,No,No,Suburban,0
23,Male,2.42,29606.0,4,5.2,15.0,92.6,Yes,No,No,Rural,1
24,Male,1.83,38767.0,3,1.8,3.0,87.0,No,No,No,Urban,0
25,Female,2.15,11638.0,3,2.4,13.0,82.6,No,Yes,No,Urban,0
19,Female,4.0,50273.0,1,1.7,4.0,75.5,No,No,No,Urban,1
16,Male,2.64,38430.0,2,7.0,1.0,95.2,No,No,No,Urban,0
25,Male,4.0,45369.0,2,2.2,10.0,84.2,No,No,Yes,Suburban,1
22,Other,3.22,41012.0,5,4.2,9.0,91.8,No,Yes,No,Urban,1
18,Male,2.97,12781.0,4,4.8,6.0,96.5,No,No,No,Suburban,0
23,Female,2.17,59365.0,1,5.5,11.0,85.5,No,No,No,Rural,0
25,Female,3.0,25011.0,4,4.0,15.0,76.3,No,Yes,No,Rural,0
18,Female,4.0,72719.0,5,1.5,16.0,86.2,No,Yes,Yes,Suburban,1
23,Female,3.86,62706.0,4,2.3,32.0,86.8,No,No,Yes,Urban,1
23,Male,3.15,107316.0,1,2.7,63.0,92.0,No,Yes,No,Rural,0
21,Female,2.37,38678.0,4,0.0,35.0,83.4,No,No,No,Rural,0
22,Female,2.47,67609.0,3,5.9,16.0,83.0,No,Yes,No,Urban,0
18,Female,2.53,114959.0,5,6.1,34.0,84.9,No,Yes,No,Suburban,0
25,Male,3.7,23330.0,9,2.6,34.0,91.0,No,No,No,Urban,1
25,Male,3.9,78455.0,3,7.9,120.0,95.2,No,No,No,Suburban,0
25,Male,3.11,57348.0,7,4.8,34.0,100.0,No,Yes,No,Suburban,1
23,Male,2.83,17699.0,5,6.9,8.0,100.0,No,Yes,Yes,Urban,1
16,Female,3.85,35411.0,2,6.7,27.0,86.9,No,No,No,Urban,1
19,Female,2.46,161958.0,3,4.7,157.0,82.2,No,Yes,No,Urban,0
20,Female,3.03,75696.0,5,0.5,44.0,83.0,No,No,No,Urban,0
25,Female,3.25,53745.0,4,5.4,17.0,77.5,No,No,No,Urban,0
21,Male,2.53,23847.0,4,6.2,177.0,89.0,No,No,No,Rural,0
21,Male,2.65,5151.0,5,3.6,4.0,80.1,No,No,No,Urban,0
17,Male,2.61,13544.0,3,5.4,17.0,79.1,No,Yes,No,Urban,1
23,Male,3.78,39787.0,2,4.9,9.0,79.7,No,Yes,Yes,Suburban,1
19,Male,4.0,39806.0,7,2.9,48.0,95.1,No,Yes,No,Suburban,1
16,Male,3.06,89202.0,2,4.8,36.0,87.3,No,No,No,Urban,0
25,Male,2.85,19538.0,6,3.9,242.0,77.1,No,Yes,No,Suburban,1
17,Female,2.67,18186.0,4,5.8,27.0,95.0,No,No,No,Urban,0
16,Male,3.0,57941.0,7,3.7,19.0,97.5,No,Yes,No,Urban,1
16,Male,2.7,30054.0,2,3.4,0.0,84.3,No,No,No,Rural,0
20,Male,2.95,29797.0,4,1.4,125.0,81.7,No,Yes,No,Rural,0
17,Female,3.23,83557.0,6,9.9,1.0,81.0,No,No,No,Suburban,0
24,Female,2.78,17276.0,1,4.0,11.0,90.1,No,Yes,No,Urban,0
21,Male,2.9,75648.0,6,2.5,58.0,95.3,No,No,No,Rural,0
19,Male,2.9,53295.0,2,6.3,71.0,89.3,No,No,No,Urban,0
16,Female,2.83,27766.0,1,5.4,41.0,77.2,No,No,No,Suburban,1
20,Female,2.76,38920.0,6,6.2,2.0,96.5,No,Yes,Yes,Rural,1
17,Female,3.42,21249.0,3,6.4,27.0,87.6,No,Yes,No,Suburban,1
25,Female,2.03,34417.0,4,7.4,72.0,86.4,No,Yes,No,Suburban,0
18,Female,3.87,111000.0,6,2.7,31.0,91.4,No,No,No,Suburban,0
20,Female,3.07,23165.0,1,5.3,2.0,96.3,No,No,No,Urban,0
16,Male,3.34,8552.0,5,1.5,46.0,78.9,No,Yes,No,Suburban,1
17,Female,3.4,39761.0,2,4.3,8.0,77.3,No,No,Yes,Rural,1
18,Male,2.61,98888.0,2,6.5,1.0,87.6,No,No,No,Rural,0
16,Female,2.5,46316.0,3,3.0,1.0,87.7,No,No,No,Suburban,0
23,Male,2.43,32866.0,6,9.9,9.0,95.2,No,Yes,Yes,Rural,1
25,Male,2.86,31801.0,6,5.0,5.0,98.1,No,No,No,Urban,0
25,Female,3.38,77083.0,8,1.0,142.0,84.0,No,No,Yes,Urban,1
18,Female,2.68,50369.0,6,6.6,7.0,90.6,No,No,No,Suburban,0
23,Male,3.33,57841.0,5,9.9,13.0,91.7,No,Yes,No,Rural,1
21,Other,1.7,43676.0,3,0.1,71.0,92.5,No,No,No,Rural,0
16,Male,2.79,68907.0,3,6.6,26.0,75.0,No,Yes,No,Suburban,0
16,Male,3.64,111004.0,5,2.8,2.0,92.2,No,Yes,No,Rural,1
21,Female,2.91,119580.0,6,4.9,16.0,81.3,Yes,Yes,No,Suburban,1
20,Male,2.54,39286.0,4,2.1,3.0,92.6,Yes,Yes,No,Suburban,1
16,Male,2.64,49749.0,4,6.9,7.0,78.7,No,No,No,Suburban,0
25,Female,1.33,107980.0,5,4.3,46.0,88.5,No,No,No,Urban,0
23,Male,2.44,43596.0,3,7.6,14.0,85.5,No,Yes,No,Urban,0
21,Male,3.58,76393.0,5,2.7,75.0,100.0,No,Yes,No,Suburban,1
25,Male,2.68,20086.0,3,4.5,51.0,80.8,No,No,No,Rural,0
25,Female,2.74,22530.0,4,0.0,19.0,80.2,No,No,No,Suburban,0
25,Male,1.72,127674.0,2,10.0,23.0,99.7,No,No,No,Suburban,0
18,Male,2.1,65099.0,3,9.2,12.0,94.8,No,No,No,Urban,0
24,Female,3.65,35725.0,2,9.8,61.0,89.9,No,No,Yes,Urban,1
21,Male,3.34,26581.0,1,8.4,84.0,83.8,No,Yes,Yes,Rural,1
23,Male,2.29,31868.0,2,3.7,74.0,78.5,No,Yes,No,Urban,0
24,Female,2.65,14045.0,4,4.9,63.0,84.2,No,No,No,Suburban,1
17,Female,2.98,61527.0,4,5.6,30.0,83.4,No,No,No,Urban,0
20,Male,2.34,57456.0,2,5.8,2.0,82.0,No,No,No,Suburban,0
17,Female,1.9,56560.0,4,2.6,27.0,83.5,No,No,No,Urban,0
18,Female,2.91,92958.0,4,2.5,14.0,83.2,No,Yes,No,Urban,0
20,Male,3.31,41878.0,4,2.1,3.0,95.4,No,No,No,Urban,0
24,Female,3.33,53365.0,3,4.1,53.0,76.5,No,No,No,Suburban,0
24,Female,3.48,8961.0,3,4.3,21.0,90.8,No,No,No,Urban,1
19,Female,2.15,65524.0,8,4.0,22.0,89.8,No,Yes,Yes,Rural,0
19,Female,3.03,58408.0,8,5.6,102.0,87.1,No,No,No,Urban,0
21,Female,2.85,15642.0,6,2.0,36.0,93.0,Yes,No,No,Rural,0
25,Other,2.95,35836.0,3,3.1,32.0,91.1,No,No,No,Urban,0
25,Female,2.88,84814.0,4,3.3,6.0,88.5,No,No,No,Suburban,0
18,Female,2.64,52232.0,2,6.8,23.0,96.5,No,Yes,No,Urban,0
17,Female,1.34,25006.0,8,5.4,24.0,68.0,No,No,No,Urban,0
23,Female,3.64,58516.0,2,5.7,39.0,100.0,Yes,Yes,No,Suburban,1
19,Female,3.18,120132.0,6,2.9,24.0,97.1,No,No,Yes,Rural,0
17,Male,2.18,11866.0,5,5.1,89.0,100.0,No,Yes,No,Rural,1
16,Male,3.26,63988.0,5,3.3,8.0,80.7,No,Yes,Yes,Suburban,0
20,Female,2.75,50836.0,3,3.4,81.0,88.3,No,No,No,Rural,0
19,Male,2.77,14393.0,4,5.8,21.0,90.2,Yes,Yes,No,Rural,1
21,Female,2.58,52474.0,2,3.6,30.0,84.8,Yes,Yes,No,Suburban,0
18,Female,3.3,26908.0,8,4.8,12.0,89.2,No,No,No,Urban,0
23,Female,2.56,33110.0,3,4.4,29.0,89.9,No,No,No,Urban,0
22,Male,2.4,58741.0,7,2.4,102.0,78.2,No,No,No,Suburban,0
20,Female,3.62,57192.0,7,3.7,117.0,93.7,No,No,No,Rural,1
17,Male,2.9,56405.0,4,3.8,4.0,93.1,No,No,No,Urban,0
21,Female,2.92,161512.0,7,4.2,62.0,82.4,No,No,No,Rural,0
22,Male,3.38,36965.0,7,1.0,13.0,77.4,No,No,Yes,Rural,0
19,Female,2.63,17188.0,4,3.4,19.0,88.8,No,No,No,Urban,1
18,Female,2.74,64478.0,2,7.0,19.0,81.2,No,Yes,No,Urban,0
21,Female,3.17,50611.0,2,6.0,5.0,90.2,No,No,Yes,Suburban,0
19,Female,2.15,27950.0,5,4.1,1.0,81.7,No,No,No,Urban,0
20,Male,3.12,26499.0,2,2.4,1.0,100.0,No,No,No,Suburban,1
19,Male,2.58,96895.0,7,5.2,2.0,82.5,No,No,No,Urban,0
19,Male,3.47,6035.0,1,7.1,3.0,80.8,No,No,No,Urban,0
23,Other,3.3,49821.0,5,8.3,22.0,88.2,No,No,No,Urban,1
20,Female,3.23,25702.0,8,3.8,55.0,75.2,Yes,Yes,No,Rural,1
20,Male,2.12,54682.0,4,2.7,22.0,81.1,No,Yes,No,Rural,0
22,Male,2.94,22648.0,5,6.1,1.0,74.8,No,Yes,No,Urban,1
19,Male,2.35,55575.0,6,5.8,1.0,89.7,No,No,No,Urban,0
17,Female,2.98,81621.0,8,5.0,9.0,95.4,No,Yes,No,Suburban,1
24,Male,1.73,28532.0,4,3.6,13.0,84.6,No,No,No,Rural,0
16,Male,2.15,31864.0,3,2.1,6.0,98.0,No,Yes,No,Rural,0
21,Male,3.65,54165.0,4,6.5,6.0,81.2,No,No,No,Rural,0
18,Male,3.2,68197.0,4,7.0,7.0,84.3,No,Yes,No,Urban,1
18,Male,2.81,142650.0,1,4.2,50.0,95.2,No,Yes,No,Urban,0
16,Male,2.5,32385.0,5,8.8,12.0,93.7,No,No,No,Urban,0
25,Female,2.4,31847.0,7,5.5,23.0,91.7,No,No,No,Urban,0
20,Female,3.11,18232.0,5,4.6,85.0,96.9,No,No,No,Suburban,0
19,Male,2.81,4297.0,1,2.4,6.0,87.6,Yes,No,Yes,Urban,1
23,Female,3.85,82105.0,10,1.3,11.0,90.4,No,Yes,Yes,Rural,1
16,Female,2.9,38244.0,4,3.9,48.0,82.6,No,No,No,Suburban,0
21,Female,3.03,17707.0,6,5.8,23.0,100.0,No,No,No,Rural,1
20,Female,2.24,74062.0,4,10.0,15.0,84.4,No,No,No,Rural,0
21,Male,2.8,78043.0,4,5.1,28.0,86.3,No,No,No,Urban,0
17,Female,3.1,64376.0,2,6.3,35.0,89.7,No,No,No,Urban,0
25,Female,2.79,31567.0,3,3.2,54.0,93.3,No,Yes,No,Urban,1
18,Female,2.73,51252.0,4,5.5,1.0,93.3,No,No,No,Rural,0
22,Male,3.18,20262.0,10,5.2,16.0,66.3,No,No,Yes,Urban,1
23,Male,3.83,66582.0,3,2.9,1.0,100.0,No,No,No,Suburban,0
19,Male,3.08,27350.0,7,7.9,22.0,100.0,No,Yes,Yes,Suburban,1
17,Other,3.63,88316.0,3,4.7,21.0,98.0,No,No,No,Suburban,0
18,Female,3.34,59301.0,3,7.4,7.0,89.2,No,No,No,Rural,1
24,Male,3.6,14783.0,5,5.0,45.0,98.0,No,Yes,No,Urban,1
25,Female,2.66,82260.0,5,4.3,142.0,90.1,No,Yes,Yes,Suburban,0
25,Male,2.89,78009.0,4,3.3,18.0,90.0,Yes,No,No,Urban,0
18,Male,2.89,71306.0,3,4.2,32.0,93.6,No,Yes,No,Urban,1
22,Female,3.3,73895.0,7,8.2,59.0,92.3,No,No,No,Suburban,1
17,Female,3.44,42071.0,7,3.0,3.0,96.2,No,No,No,Urban,1
23,Female,3.07,50632.0,1,6.5,1.0,70.8,No,Yes,No,Urban,0
20,Female,3.48,36523.0,5,4.3,21.0,87.3,No,Yes,Yes,Suburban,0
23,Female,2.69,8875.0,6,6.3,21.0,78.2,No,Yes,No,Rural,1
22,Female,3.49,58644.0,6,5.5,5.0,95.4,No,Yes,Yes,Urban,1
25,Male,3.56,11733.0,2,2.1,2.0,80.7,No,Yes,No,Urban,1
20,Female,3.37,18189.0,1,5.4,17.0,85.7,No,Yes,No,Suburban,1
19,Female,3.07,26232.0,2,9.8,50.0,95.5,No,No,No,Rural,1
21,Male,3.39,43960.0,1,5.7,5.0,98.5,No,Yes,No,Suburban,1
17,Male,2.51,125156.0,7,7.0,20.0,95.1,No,No,No,Urban,0
17,Male,3.11,26057.0,2,5.7,102.0,94.0,No,Yes,No,Urban,1
21,Male,3.17,131668.0,6,6.7,82.0,78.5,No,No,No,Urban,0
24,Female,2.27,76555.0,5,3.4,17.0,79.9,No,Yes,No,Rural,0
21,Male,3.26,53828.0,5,4.7,100.0,77.3,No,No,No,Urban,0
23,Female,2.31,23828.0,4,6.9,25.0,79.6,No,No,No,Suburban,0
17,Male,2.76,44419.0,5,4.2,21.0,89.3,No,Yes,No,Suburban,0
20,Male,3.02,46996.0,5,7.4,8.0,96.0,No,Yes,No,Suburban,0
22,Male,2.6,66006.0,6,2.8,3.0,96.0,No,No,No,Urban,0
19,Male,3.05,24834.0,8,5.1,44.0,73.2,No,Yes,Yes,Suburban,1
16,Other,3.04,78099.0,5,4.4,77.0,87.7,No,Yes,No,Suburban,0
16,Male,2.55,40884.0,2,10.0,28.0,85.8,No,No,No,Rural,0
25,Male,3.31,58524.0,4,4.1,9.0,69.5,No,Yes,No,Rural,1
22,Male,2.58,38529.0,7,5.9,79.0,94.6,No,No,No,Suburban,1
18,Male,4.0,95578.0,4,0.6,24.0,94.4,No,No,No,Suburban,0
18,Female,2.94,19134.0,2,2.4,0.0,83.1,Yes,No,No,Urban,0
16,Female,2.36,51656.0,2,5.7,41.0,85.5,No,Yes,No,Suburban,0
25,Male,2.46,14499.0,2,4.4,1.0,89.2,Yes,Yes,No,Suburban,1
17,Female,3.63,61773.0,2,4.5,13.0,91.3,No,Yes,No,Rural,1
23,Female,2.77,17839.0,3,4.3,9.0,82.8,No,No,No,Urban,0
18,Female,2.25,35011.0,6,4.6,28.0,81.1,No,No,No,Urban,0
19,Female,3.47,32014.0,3,1.2,17.0,79.3,No,No,Yes,Suburban,0
18,Male,2.77,152339.0,6,4.8,10.0,99.9,No,Yes,No,Urban,0
24,Female,3.36,24400.0,3,4.5,7.0,97.8,No,No,No,Suburban,1
16,Female,3.51,78499.0,4,7.3,27.0,79.3,No,Yes,No,Urban,1
19,Male,3.15,4079.0,3,6.8,18.0,80.8,No,No,No,Rural,0
18,Other,4.0,44052.0,3,0.0,87.0,79.5,No,Yes,Yes,Rural,1
18,Female,2.05,98284.0,3,3.4,29.0,76.1,No,Yes,No,Suburban,0
17,Male,2.55,9421.0,3,9.0,9.0,100.0,No,No,Yes,Urban,1
25,Female,2.86,76267.0,5,7.0,33.0,82.1,No,No,No,Suburban,0
19,Female,4.0,38754.0,3,6.1,2.0,94.1,No,No,No,Urban,1
20,Female,3.99,5741.0,3,3.9,30.0,85.3,No,Yes,No,Urban,1
19,Female,3.71,83479.0,3,6.6,59.0,86.2,No,No,No,Suburban,1
25,Female,2.56,63782.0,3,1.7,116.0,85.7,Yes,No,No,Urban,0
19,Female,2.63,21721.0,6,3.8,20.0,90.9,No,No,No,Urban,0
19,Female,2.54,66398.0,3,5.8,2.0,86.5,No,No,No,Urban,0
19,Male,2.57,10173.0,10,6.3,3.0,94.0,No,No,No,Rural,0
19,Male,3.82,27495.0,2,5.5,13.0,97.2,Yes,Yes,No,Suburban,1
16,Female,2.87,43261.0,6,5.9,0.0,83.0,Yes,No,No,Suburban,0
22,Female,2.94,41675.0,2,5.4,28.0,89.6,No,No,No,Urban,0
16,Male,3.43,57318.0,5,4.3,52.0,74.9,No,No,No,Urban,0
18,Female,2.09,149964.0,6,7.9,27.0,83.8,No,Yes,No,Rural,0
18,Female,3.03,17654.0,6,9.1,63.0,88.1,No,No,No,Urban,1
18,Female,2.4,49270.0,3,4.9,93.0,86.4,No,No,No,Suburban,0
23,Male,2.84,50201.0,5,2.4,40.0,87.1,No,No,Yes,Rural,0
21,Female,2.68,88519.0,3,4.5,27.0,92.1,No,Yes,No,Suburban,0
25,Male,2.65,41480.0,6,5.2,39.0,93.8,No,No,No,Rural,0
19,Male,3.12,7928.0,6,0.1,12.0,71.0,No,No,No,Suburban,0
25,Female,3.12,45892.0,4,7.9,1.0,89.5,No,No,No,Suburban,1
16,Female,2.88,6884.0,3,3.6,13.0,85.5,No,No,No,Urban,0
21,Male,3.2,83168.0,5,3.2,41.0,84.1,No,No,No,Urban,0
23,Female,2.52,42891.0,6,4.3,15.0,99.2,No,Yes,No,Urban,0
21,Female,3.37,55727.0,6,4.0,17.0,73.9,No,No,No,Urban,0
25,Male,2.89,19426.0,2,5.1,3.0,87.6,No,No,No,Suburban,1
19,Male,2.73,20246.0,6,6.7,55.0,99.5,No,No,No,Suburban,1
16,Female,2.56,63242.0,1,7.8,29.0,88.6,No,No,No,Suburban,0
23,Female,2.87,34955.0,5,6.7,21.0,80.4,No,Yes,No,Urban,0
16,Male,4.0,24544.0,6,2.9,40.0,86.3,No,No,No,Urban,1
23,Female,2.97,98250.0,5,4.8,71.0,100.0,No,No,No,Suburban,0
23,Female,2.37,46731.0,6,5.2,1.0,97.4,No,No,No,Urban,0
24,Female,3.51,27284.0,4,5.7,45.0,83.9,No,No,No,Urban,1
20,Female,2.74,48740.0,4,6.1,19.0,100.0,No,No,Yes,Suburban,0
24,Male,3.16,31118.0,2,5.2,7.0,93.1,Yes,No,No,Suburban,0
17,Male,2.67,59664.0,6,4.8,51.0,67.7,No,Yes,No,Urban,0
20,Male,3.7,18469.0,3,7.0,19.0,87.2,No,Yes,No,Urban,1
17,Female,2.68,84055.0,1,4.7,46.0,100.0,No,No,No,Suburban,0
23,Female,3.77,31097.0,3,7.1,28.0,86.7,No,Yes,Yes,Urban,1
23,Female,2.42,14049.0,6,6.8,22.0,100.0,No,Yes,No,Urban,1
24,Male,2.84,15640.0,4,8.2,18.0,76.5,No,No,No,Suburban,0
23,Female,3.77,36799.0,4,5.5,23.0,77.5,No,No,No,Urban,1
19,Male,3.09,24677.0,3,8.2,58.0,97.1,No,Yes,No,Urban,1
16,Male,4.0,11698.0,7,4.3,13.0,94.8,No,No,No,Suburban,1
25,Male,2.85,12322.0,1,5.8,47.0,87.8,No,No,No,Rural,1
20,Female,3.14,43200.0,1,6.7,24.0,95.0,No,No,No,Urban,0
16,Male,4.0,50667.0,4,2.8,51.0,83.3,No,No,No,Urban,1
25,Female,2.17,45352.0,1,4.1,97.0,79.0,No,No,No,Urban,0
25,Other,2.1,96418.0,1,3.5,21.0,91.1,No,Yes,No,Urban,0
20,Female,2.56,55721.0,8,4.9,4.0,85.7,Yes,Yes,No,Urban,1
23,Male,3.45,27034.0,1,3.8,29.0,91.3,No,No,Yes,Urban,1
16,Female,2.11,211665.0,6,5.2,35.0,89.7,No,Yes,No,Suburban,0
16,Female,3.33,20992.0,5,4.8,14.0,85.3,No,No,No,Rural,0
18,Male,3.29,10411.0,3,4.4,1.0,100.0,No,Yes,No,Rural,1
22,Female,4.0,65510.0,1,5.3,37.0,79.7,No,No,No,Rural,0
17,Female,3.58,125617.0,6,3.5,1.0,89.2,No,Yes,No,Urban,1
16,Male,3.2,74646.0,1,3.1,25.0,87.3,No,Yes,No,Suburban,0
22,Female,3.75,35253.0,1,2.4,2.0,90.5,No,No,No,Urban,1
23,Male,3.3,22896.0,1,1.1,22.0,88.4,No,No,No,Urban,1
23,Male,2.75,62482.0,5,3.5,79.0,96.6,No,No,No,Suburban,0
23,Female,2.37,36691.0,2,6.2,7.0,90.5,No,No,No,Urban,0
24,Male,2.69,33800.0,1,4.6,48.0,82.8,Yes,Yes,No,Rural,1
22,Male,2.98,101421.0,4,5.0,32.0,79.8,No,Yes,No,Suburban,0
21,Male,3.1,8201.0,6,4.1,95.0,81.8,No,No,No,Suburban,0
24,Male,1.83,53841.0,3,9.3,4.0,81.5,No,No,No,Rural,0
19,Male,2.88,24241.0,1,5.4,53.0,93.4,No,Yes,No,Urban,1
16,Female,3.02,41890.0,2,3.7,72.0,87.3,No,Yes,No,Rural,1
23,Male,3.3,20451.0,3,2.7,12.0,91.2,No,No,No,Urban,0
18,Male,3.89,36713.0,3,8.8,11.0,77.0,No,Yes,No,Urban,1
25,Female,3.1,168086.0,1,1.9,22.0,85.5,No,No,No,Rural,0
20,Other,2.5,70061.0,7,3.3,27.0,91.9,No,No,No,Rural,0
24,Male,2.0,62443.0,4,3.3,89.0,96.3,No,No,No,Suburban,0
16,Male,3.38,42721.0,2,4.9,20.0,76.1,No,No,No,Urban,0
22,Male,2.52,40048.0,2,5.8,1.0,100.0,No,Yes,No,Rural,0
20,Male,3.48,44771.0,2,5.2,30.0,99.5,No,No,No,Suburban,1
20,Male,3.77,58169.0,3,4.2,22.0,96.1,No,Yes,No,Urban,1
18,Female,2.15,70927.0,6,1.9,21.0,98.1,No,No,No,Urban,0
25,Female,3.3,135289.0,6,9.1,13.0,85.0,No,No,Yes,Suburban,0
19,Male,3.71,35147.0,1,5.6,2.0,81.6,No,No,No,Rural,1
24,Other,3.56,99846.0,5,6.2,80.0,88.7,No,Yes,No,Rural,1
20,Male,1.85,136236.0,4,3.5,6.0,90.4,No,Yes,No,Urban,0
16,Male,2.53,74506.0,7,4.3,2.0,83.0,No,No,No,Suburban,0
24,Male,2.3,39555.0,7,7.6,136.0,92.7,Yes,Yes,No,Suburban,1
17,Male,3.29,74829.0,4,0.1,78.0,99.3,No,Yes,No,Urban,1
18,Female,3.23,11174.0,6,6.7,32.0,95.2,No,No,No,Urban,1
24,Male,1.52,121763.0,2,4.5,26.0,88.4,No,No,No,Urban,0
24,Female,2.83,79199.0,1,5.9,62.0,68.5,No,Yes,No,Urban,0
25,Male,3.44,38377.0,10,8.7,32.0,75.7,No,No,No,Urban,1
20,Female,3.08,36342.0,6,3.9,56.0,87.2,No,No,No,Suburban,0
23,Female,3.08,13733.0,1,0.0,53.0,93.1,No,Yes,No,Suburban,0
19,Female,2.8,87181.0,4,2.6,7.0,76.6,No,No,No,Urban,0
23,Male,2.42,36932.0,5,5.0,16.0,88.8,No,No,No,Rural,0
21,Female,2.99,128568.0,7,8.6,150.0,93.7,No,Yes,No,Suburban,0
16,Female,3.03,11012.0,2,4.1,14.0,87.5,Yes,Yes,No,Urban,1
20,Male,3.34,20780.0,1,8.4,39.0,83.0,No,No,No,Urban,1
20,Female,3.38,18863.0,4,0.0,68.0,76.1,No,Yes,No,Rural,0
18,Male,3.05,3692.0,8,3.9,8.0,94.2,No,No,No,Suburban,1
19,Male,3.6,65674.0,3,7.3,93.0,82.8,No,No,No,Suburban,0
21,Female,2.79,16328.0,3,7.1,89.0,100.0,Yes,No,No,Rural,1
16,Male,2.21,20856.0,3,0.7,91.0,89.4,Yes,No,Yes,Urban,0
17,Male,3.26,17188.0,2,3.2,184.0,91.0,No,No,No,Urban,1
23,Male,3.07,31509.0,2,4.7,70.0,94.7,No,No,Yes,Suburban,1
19,Male,3.27,112430.0,4,3.5,67.0,85.1,No,No,Yes,Urban,0
22,Male,2.3,58172.0,3,7.6,77.0,91.8,No,Yes,Yes,Urban,0
21,Male,3.98,48149.0,3,5.0,1.0,82.8,No,No,No,Urban,1
21,Female,3.39,41965.0,2,1.8,16.0,81.6,No,Yes,No,Rural,0
20,Female,2.84,27791.0,4,6.0,74.0,80.7,Yes,No,No,Urban,1
20,Female,2.49,28113.0,3,6.1,127.0,84.1,No,No,No,Rural,1
24,Male,3.59,46497.0,2,2.5,31.0,100.0,No,Yes,Yes,Urban,1
25,Female,2.39,104551.0,4,3.0,49.0,80.8,No,Yes,No,Suburban,0
18,Male,4.0,26252.0,3,3.4,17.0,92.9,No,Yes,No,Urban,1
22,Male,2.66,80835.0,5,8.0,19.0,86.2,No,No,No,Suburban,0
25,Female,3.95,17842.0,1,4.8,101.0,78.9,No,Yes,Yes,Suburban,1
16,Male,2.9,65336.0,3,0.1,10.0,94.3,No,No,No,Suburban,0
23,Female,3.87,101916.0,3,2.4,40.0,84.0,No,No,Yes,Urban,0
20,Female,2.6,39643.0,2,6.6,208.0,84.4,No,No,No,Urban,1
25,Female,3.01,27951.0,6,4.1,31.0,96.7,No,Yes,Yes,Rural,1
21,Male,3.44,65170.0,4,2.3,31.0,85.9,No,No,Yes,Urban,0
24,Male,3.36,120339.0,4,4.2,13.0,89.8,No,No,No,Suburban,0
17,Male,3.61,78475.0,7,7.2,4.0,87.8,No,No,No,Suburban,1
17,Female,2.73,130874.0,3,9.8,30.0,87.2,No,No,No,Rural,0
25,Female,3.05,42470.0,2,4.9,13.0,77.4,No,Yes,No,Suburban,1
21,Female,3.69,40606.0,4,6.1,2.0,94.9,No,No,No,Urban,1
21,Male,2.61,12162.0,5,4.8,33.0,89.8,No,No,Yes,Urban,1
17,Female,3.31,27027.0,6,5.5,39.0,94.5,No,No,No,Rural,1
18,Female,2.88,38454.0,3,3.0,64.0,88.9,No,No,No,Suburban,0
24,Female,3.11,41289.0,1,8.2,56.0,96.4,No,Yes,Yes,Urban,1
19,Female,3.05,64367.0,4,4.0,73.0,89.2,No,No,No,Rural,0
21,Male,2.57,29234.0,2,2.6,36.0,99.0,No,No,No,Suburban,0
19,Male,2.86,30587.0,3,3.3,96.0,80.8,No,No,No,Urban,0
18,Female,3.08,145205.0,9,6.5,92.0,81.7,No,No,No,Suburban,0
17,Male,2.94,3881.0,5,3.5,1.0,100.0,No,Yes,No,Rural,1
25,Male,3.87,5448.0,8,8.3,16.0,94.6,No,Yes,Yes,Urban,1
25,Male,3.56,20286.0,10,6.4,7.0,100.0,No,No,No,Urban,0
17,Male,3.16,5132.0,4,6.9,12.0,92.9,No,No,No,Rural,1
19,Female,2.58,6552.0,4,4.1,2.0,85.8,No,No,No,Suburban,0
21,Male,2.55,32074.0,3,3.6,56.0,100.0,No,No,Yes,Rural,0
19,Male,4.0,52565.0,3,5.1,30.0,73.5,No,Yes,No,Urban,1
23,Female,2.44,31132.0,4,2.4,36.0,94.4,No,No,No,Rural,0
18,Female,3.06,54766.0,1,6.0,54.0,67.7,No,No,No,Suburban,0
16,Male,3.2,71193.0,1,7.0,20.0,100.0,No,Yes,No,Suburban,1
19,Male,2.83,48464.0,4,3.5,3.0,79.8,No,No,No,Urban,0
21,Male,2.45,54662.0,2,6.5,114.0,85.6,No,No,No,Urban,0
17,Male,2.57,34198.0,5,5.6,25.0,80.3,No,Yes,No,Suburban,1
24,Male,2.7,29185.0,8,7.5,31.0,92.7,No,No,No,Rural,0
16,Male,2.61,4609.0,5,8.6,0.0,86.5,No,No,No,Urban,0
16,Female,3.73,73632.0,3,6.7,2.0,99.1,No,Yes,No,Rural,1
21,Female,2.99,46938.0,3,4.9,54.0,82.7,No,No,No,Urban,0
21,Female,2.71,51862.0,8,7.7,71.0,78.6,No,No,No,Urban,1
18,Male,3.06,11594.0,3,5.1,22.0,84.2,No,Yes,No,Urban,1
18,Male,3.37,21334.0,4,4.4,149.0,100.0,No,No,No,Urban,1
16,Other,2.81,32833.0,2,3.7,5.0,96.3,Yes,No,No,Suburban,1
22,Female,3.5,16223.0,8,5.2,171.0,97.3,No,No,No,Rural,1
19,Female,2.3,47949.0,2,7.2,4.0,83.6,No,No,No,Suburban,0
17,Male,3.64,45639.0,4,2.7,14.0,77.4,Yes,No,No,Urban,0
19,Male,3.0,43621.0,4,2.3,52.0,99.4,No,No,No,Urban,0
25,Female,2.97,72900.0,1,2.3,0.0,77.0,No,Yes,No,Suburban,0
18,Female,2.62,48740.0,5,7.2,43.0,88.0,No,No,Yes,Suburban,0
24,Male,2.32,96604.0,6,5.9,12.0,82.7,No,No,No,Urban,0
18,Female,2.08,49911.0,2,8.2,14.0,88.6,No,No,No,Urban,0
17,Female,2.58,24931.0,3,3.9,15.0,74.3,No,Yes,No,Rural,0
18,Female,3.32,40742.0,5,2.3,57.0,94.8,No,No,No,Suburban,1
19,Male,2.47,2599.0,3,8.4,121.0,99.0,No,No,No,Suburban,0
17,Female,2.15,52284.0,4,3.4,5.0,96.4,No,No,No,Urban,0
21,Female,2.5,21870.0,4,6.5,33.0,79.1,No,Yes,No,Urban,0
19,Male,2.79,44878.0,3,2.1,18.0,91.5,No,Yes,No,Suburban,0
23,Female,2.81,24645.0,9,5.4,1.0,86.6,No,No,No,Suburban,1
20,Female,2.93,16234.0,6,4.6,33.0,88.0,No,No,No,Suburban,0
20,Female,3.57,116228.0,2,1.9,44.0,100.0,No,No,Yes,Suburban,0
20,Male,3.69,24278.0,7,9.2,34.0,84.5,No,Yes,No,Suburban,1
17,Female,4.0,20882.0,7,3.0,38.0,93.4,No,No,No,Urban,1
23,Male,2.11,66175.0,2,2.9,84.0,74.0,Yes,No,No,Rural,0
17,Male,2.53,32060.0,7,3.6,32.0,88.6,Yes,No,No,Suburban,1
23,Male,3.38,22859.0,4,0.2,27.0,95.4,No,No,No,Urban,0
25,Male,2.75,67423.0,4,4.3,37.0,86.8,No,Yes,Yes,Suburban,0
23,Male,3.47,39863.0,2,3.6,6.0,92.9,No,Yes,No,Urban,1
20,Female,3.11,73436.0,5,7.2,18.0,81.5,No,Yes,Yes,Rural,1
19,Female,3.87,98812.0,9,5.7,30.0,84.3,No,Yes,Yes,Rural,1
24,Male,3.57,31453.0,5,2.2,85.0,86.9,No,No,No,Urban,0
18,Other,3.58,63755.0,4,3.6,97.0,83.7,No,No,No,Suburban,1
20,Male,2.77,101775.0,7,9.7,36.0,95.2,No,No,No,Suburban,0
23,Female,2.95,119340.0,8,3.0,24.0,96.7,No,Yes,No,Rural,0
25,Female,2.83,26647.0,4,6.8,40.0,93.2,No,Yes,No,Urban,0
25,Female,2.17,80484.0,5,3.5,83.0,67.7,No,Yes,Yes,Suburban,0
16,Female,3.81,5532.0,2,2.8,28.0,85.5,No,Yes,Yes,Rural,1
24,Female,3.41,49435.0,5,3.8,96.0,94.7,No,No,No,Suburban,1
17,Male,2.81,13063.0,5,8.2,11.0,86.7,No,No,No,Urban,1
21,Male,3.72,31458.0,1,1.8,0.0,86.2,No,No,No,Suburban,0
25,Male,2.65,153243.0,7,6.4,29.0,95.5,No,Yes,Yes,Urban,0
22,Male,1.99,74404.0,5,7.7,129.0,95.9,No,No,No,Suburban,0
25,Male,3.55,13352.0,3,3.8,142.0,92.8,No,No,No,Urban,1
19,Male,2.3,17411.0,4,7.2,4.0,76.1,No,Yes,No,Urban,1
19,Female,2.89,85734.0,4,6.9,8.0,79.0,No,No,No,Rural,0
19,Female,3.11,83918.0,10,3.2,35.0,91.1,No,No,No,Suburban,1
19,Female,3.21,86836.0,7,2.9,11.0,71.4,No,Yes,No,Rural,0
22,Female,3.47,49272.0,5,4.7,4.0,100.0,Yes,No,No,Urban,1
20,Male,3.32,74183.0,2,5.2,81.0,89.1,No,Yes,No,Urban,0
23,Male,3.3,32585.0,7,4.2,57.0,82.4,No,No,Yes,Rural,1
20,Female,2.57,31508.0,5,6.2,124.0,83.7,No,No,No,Suburban,1
19,Female,3.16,47377.0,1,3.3,18.0,97.7,No,Yes,No,Urban,1
17,Male,2.17,22538.0,1,3.0,102.0,77.9,No,No,Yes,Suburban,0
21,Male,3.86,19669.0,5,5.0,23.0,72.6,No,No,No,Urban,1
24,Female,2.23,61076.0,1,5.5,84.0,80.1,No,No,No,Suburban,0
24,Male,2.81,64737.0,5,7.9,88.0,90.4,No,No,Yes,Urban,0
18,Male,2.27,20070.0,4,6.0,27.0,100.0,No,Yes,No,Urban,1
20,Male,2.6,26773.0,4,6.6,18.0,97.7,No,No,No,Rural,1
23,Female,3.01,55363.0,1,4.2,8.0,84.5,No,No,No,Urban,1
22,Female,2.71,52238.0,9,4.3,47.0,90.3,No,Yes,No,Rural,0
16,Female,3.63,49312.0,1,3.6,26.0,90.8,No,No,No,Suburban,1
21,Female,3.12,20890.0,6,5.4,6.0,89.8,No,No,No,Urban,0
16,Female,2.75,166344.0,3,5.3,87.0,72.2,No,Yes,Yes,Suburban,0
17,Male,2.93,29409.0,3,5.2,4.0,85.5,No,No,Yes,Urban,0
22,Female,3.67,56919.0,2,4.6,9.0,94.3,No,No,Yes,Urban,1
17,Female,3.5,16169.0,4,4.9,23.0,100.0,No,No,No,Urban,1
19,Female,2.37,39877.0,5,8.6,16.0,91.2,No,No,No,Suburban,0
21,Male,2.63,19680.0,3,5.6,75.0,96.7,No,No,No,Suburban,0
22,Female,3.26,28506.0,3,6.3,18.0,95.1,Yes,No,Yes,Urban,1
20,Female,3.19,49951.0,7,6.0,7.0,85.0,No,No,No,Urban,0
16,Male,2.42,95512.0,5,4.6,8.0,77.3,No,No,Yes,Urban,0
23,Male,3.41,26257.0,3,6.2,21.0,97.1,No,No,No,Urban,1
25,Male,2.51,48284.0,5,5.0,113.0,100.0,No,No,No,Rural,1
24,Female,3.72,56418.0,5,2.2,112.0,84.6,No,No,No,Urban,0
23,Female,3.29,66712.0,5,3.7,8.0,97.5,No,Yes,Yes,Urban,0
20,Male,2.38,7550.0,4,9.4,53.0,89.2,No,No,No,Suburban,1
24,Female,2.71,73266.0,4,7.6,161.0,77.0,No,Yes,No,Suburban,0
20,Male,2.7,56856.0,3,4.3,39.0,88.4,No,Yes,No,Urban,0
17,Male,3.09,49259.0,4,6.5,10.0,83.5,No,No,No,Urban,0
24,Male,2.89,159528.0,6,5.5,53.0,91.5,No,Yes,No,Rural,0
19,Female,2.37,23846.0,3,8.8,46.0,91.2,No,Yes,No,Urban,1
25,Female,2.23,52350.0,9,4.7,45.0,82.8,No,Yes,No,Suburban,0
19,Male,3.3,138694.0,3,5.5,3.0,77.5,No,No,No,Suburban,0
24,Male,3.16,88751.0,4,3.2,21.0,84.3,No,No,No,Suburban,0
21,Female,3.06,31340.0,1,4.7,3.0,100.0,No,Yes,No,Urban,1
20,Female,3.15,48758.0,2,0.0,115.0,78.6,No,No,No,Rural,0
18,Female,2.66,49813.0,5,5.6,94.0,93.8,Yes,Yes,No,Urban,1
24,Female,3.1,34868.0,7,7.2,35.0,92.8,No,No,No,Urban,0
16,Female,4.0,13771.0,2,8.7,64.0,83.6,No,Yes,Yes,Urban,1
20,Male,3.65,31741.0,2,6.1,16.0,81.3,No,Yes,No,Rural,1
19,Female,2.84,59710.0,2,4.2,36.0,92.8,No,No,No,Rural,0
21,Male,2.71,31210.0,3,3.2,2.0,87.8,No,No,No,Rural,0
18,Male,1.43,39861.0,4,4.0,64.0,84.0,No,No,Yes,Urban,0
22,Male,3.59,96255.0,1,1.5,35.0,91.8,No,No,No,Urban,0
19,Male,3.43,40041.0,5,4.4,98.0,100.0,No,Yes,No,Suburban,1
17,Female,2.7,41900.0,3,2.3,45.0,97.9,No,Yes,No,Rural,0
17,Other,2.21,45779.0,3,3.7,48.0,89.0,No,No,No,Rural,0
22,Female,2.36,29111.0,2,4.6,112.0,61.0,No,No,No,Urban,0
18,Male,3.24,74800.0,5,5.7,138.0,86.1,No,No,No,Rural,0
19,Female,2.95,16214.0,1,1.4,97.0,80.0,No,No,Yes,Urban,0
22,Female,3.38,28998.0,4,4.2,7.0,86.4,No,No,No,Urban,0
19,Male,3.05,48935.0,8,6.5,26.0,85.2,No,Yes,No,Urban,1
19,Female,3.53,32656.0,4,8.1,2.0,85.5,No,Yes,No,Suburban,1
18,Female,3.2,112400.0,3,4.8,106.0,96.6,No,No,No,Urban,0
19,Male,3.46,42191.0,7,9.8,23.0,86.2,No,No,No,Suburban,1
22,Female,1.85,41374.0,4,6.5,45.0,85.8,No,Yes,No,Urban,0
21,Female,2.32,20025.0,6,5.1,1.0,91.8,No,No,Yes,Urban,0
25,Male,2.8,33155.0,3,7.7,15.0,79.5,No,No,Yes,Rural,0
23,Male,3.59,72672.0,5,3.9,21.0,85.3,No,No,No,Rural,0
16,Female,4.0,24801.0,3,2.7,41.0,77.0,No,No,No,Suburban,0
19,Female,2.91,9489.0,5,7.0,32.0,93.0,No,Yes,Yes,Urban,1
18,Other,2.66,37387.0,7,6.2,51.0,89.9,No,No,No,Rural,1
21,Female,1.92,43598.0,1,7.3,11.0,100.0,No,No,Yes,Urban,0
18,Female,3.47,30479.0,1,7.2,1.0,74.9,No,No,No,Urban,0
25,Female,2.7,97181.0,3,9.4,1.0,95.8,No,Yes,No,Urban,0
18,Female,4.0,153000.0,1,1.8,107.0,74.0,No,No,Yes,Urban,0
21,Female,2.59,48713.0,2,4.2,137.0,80.0,No,Yes,No,Suburban,0
17,Male,4.0,32907.0,3,4.4,30.0,70.8,No,No,No,Urban,1
25,Female,3.41,59731.0,2,7.6,8.0,88.6,No,No,No,Suburban,1
25,Female,2.43,97611.0,4,5.8,13.0,90.2,No,No,No,Rural,0
23,Female,3.13,26307.0,6,7.6,5.0,85.4,No,No,No,Urban,1
19,Female,3.42,70175.0,4,5.6,15.0,70.5,No,No,No,Urban,0
16,Female,2.88,37361.0,5,5.0,2.0,83.7,No,No,No,Suburban,0
23,Male,3.46,85325.0,4,6.5,31.0,89.0,No,No,No,Suburban,1
20,Male,3.45,20033.0,3,5.6,49.0,80.7,No,No,No,Suburban,1
25,Male,3.33,105423.0,5,5.9,43.0,87.8,No,No,No,Urban,1
22,Male,2.99,49822.0,4,6.4,15.0,96.6,No,No,No,Urban,0
21,Male,2.35,59611.0,7,6.0,40.0,83.4,No,Yes,No,Rural,0
25,Male,2.96,17478.0,6,7.2,18.0,79.3,No,Yes,No,Urban,1
24,Male,3.1,17048.0,8,5.1,7.0,87.4,No,Yes,No,Urban,0
20,Male,1.97,53312.0,3,5.4,170.0,100.0,Yes,No,No,Suburban,0
16,Female,3.09,60841.0,7,2.8,92.0,92.0,Yes,Yes,No,Urban,1
16,Female,2.95,35062.0,3,7.2,7.0,75.9,No,No,No,Rural,0
20,Male,2.29,65128.0,2,8.8,0.0,98.8,Yes,Yes,No,Suburban,0
21,Male,2.82,17376.0,1,1.0,15.0,84.7,No,No,No,Rural,0
16,Male,2.83,12901.0,4,6.4,22.0,86.1,No,Yes,Yes,Rural,1
17,Male,4.0,45982.0,3,4.7,69.0,77.7,No,No,Yes,Urban,1
23,Male,3.12,16826.0,3,4.6,20.0,89.2,No,Yes,No,Suburban,1
23,Male,3.57,9737.0,1,6.4,2.0,72.4,No,Yes,No,Urban,1
16,Male,2.94,21353.0,2,4.9,16.0,79.0,No,No,No,Urban,0
21,Other,1.97,59436.0,2,5.9,11.0,92.9,No,No,No,Suburban,0
16,Female,3.37,49111.0,5,4.2,20.0,89.0,Yes,Yes,No,Rural,0
23,Female,2.64,98408.0,3,8.3,9.0,82.0,Yes,No,Yes,Urban,0
24,Male,2.82,51404.0,5,4.5,57.0,86.4,No,No,No,Rural,1
24,Male,2.42,17959.0,5,3.3,12.0,93.6,No,No,No,Urban,0
21,Female,3.04,62097.0,3,5.8,12.0,91.1,No,No,No,Urban,0
22,Male,3.59,25747.0,6,3.2,21.0,93.3,No,No,No,Rural,1
25,Female,3.51,34571.0,3,5.5,6.0,78.5,Yes,Yes,No,Urban,1
22,Other,3.87,26124.0,4,8.6,7.0,82.3,No,No,No,Rural,1
20,Female,3.95,15906.0,4,4.9,0.0,100.0,No,No,No,Suburban,1
23,Male,1.87,204322.0,7,2.0,78.0,84.8,No,No,Yes,Rural,0
21,Female,2.34,22738.0,5,4.1,14.0,84.3,No,No,Yes,Suburban,0
24,Male,2.01,8516.0,6,6.8,96.0,89.0,No,No,No,Urban,0
21,Male,3.35,67066.0,5,5.2,19.0,89.8,Yes,Yes,No,Suburban,0
24,Male,2.62,6392.0,7,6.5,29.0,80.0,No,No,Yes,Suburban,1
16,Female,2.73,37577.0,5,3.6,18.0,68.1,No,No,No,Urban,0
16,Female,2.88,73865.0,1,4.1,98.0,85.4,No,No,No,Urban,0
16,Male,3.21,14155.0,2,6.4,61.0,87.8,Yes,No,No,Urban,1
21,Male,2.18,42246.0,3,8.5,4.0,73.8,No,No,No,Urban,0
23,Female,2.31,33531.0,2,4.1,104.0,90.1,No,No,No,Urban,0
18,Female,3.0,22430.0,5,5.1,54.0,90.7,No,No,No,Rural,0
17,Male,3.66,98591.0,4,7.4,101.0,95.8,No,No,No,Rural,1
24,Male,2.99,33313.0,2,5.3,89.0,79.2,Yes,No,No,Suburban,0
23,Female,2.56,66164.0,4,6.4,58.0,90.9,No,Yes,No,Suburban,0
22,Female,1.82,78038.0,5,3.4,13.0,92.4,No,No,No,Urban,0
20,Female,3.52,36390.0,6,5.0,1.0,99.8,No,No,No,Urban,1
20,Male,2.6,18280.0,3,3.6,53.0,94.8,No,No,No,Suburban,1
16,Male,2.37,79269.0,4,1.3,92.0,96.4,No,No,No,Urban,0
17,Male,2.06,37634.0,3,3.1,192.0,89.2,No,No,No,Urban,0
24,Male,2.21,40652.0,5,6.0,66.0,84.4,No,No,No,Urban,0
19,Female,2.47,31759.0,6,6.2,76.0,98.2,No,Yes,No,Suburban,0
23,Male,2.87,77397.0,2,6.7,54.0,77.8,No,No,No,Rural,0
23,Female,2.34,16434.0,3,6.1,49.0,100.0,No,No,Yes,Rural,0
19,Female,3.1,41027.0,4,4.5,33.0,94.3,No,No,No,Urban,0
18,Other,2.86,18648.0,3,1.0,34.0,85.3,No,No,No,Suburban,1
22,Female,4.0,31670.0,4,2.5,145.0,75.3,Yes,No,No,Suburban,1
16,Female,2.06,84351.0,4,7.4,76.0,87.4,No,No,Yes,Urban,0
20,Male,3.09,83667.0,7,3.1,12.0,82.9,No,No,No,Urban,0
24,Male,3.1,35374.0,6,4.8,51.0,75.3,No,No,No,Suburban,0
23,Male,2.43,51376.0,5,5.1,2.0,83.4,No,No,Yes,Urban,0
23,Other,3.05,50696.0,4,2.0,40.0,95.2,No,Yes,Yes,Suburban,1
16,Female,3.42,18713.0,6,5.7,32.0,87.9,No,No,No,Urban,1
17,Male,3.05,60479.0,6,8.4,45.0,86.1,No,No,Yes,Rural,0
18,Male,3.76,20385.0,4,5.0,29.0,75.5,No,Yes,Yes,Suburban,1
18,Male,1.8,30278.0,1,4.4,41.0,86.5,No,Yes,No,Urban,0
17,Male,2.54,8875.0,4,2.5,4.0,100.0,No,No,No,Suburban,0
25,Female,3.81,67516.0,2,4.4,72.0,88.3,No,No,No,Suburban,1
17,Male,3.5,77646.0,1,6.2,188.0,85.1,No,Yes,No,Urban,1
23,Female,3.3,52687.0,4,5.0,21.0,94.0,No,Yes,No,Urban,1
21,Female,3.68,42417.0,8,4.0,19.0,98.1,No,No,No,Suburban,1
22,Male,1.95,29074.0,4,7.2,151.0,99.0,No,Yes,No,Suburban,1
18,Male,3.44,68667.0,3,4.4,1.0,90.8,No,No,Yes,Urban,0
19,Other,3.59,113852.0,4,4.1,5.0,74.9,No,No,No,Rural,0
22,Female,2.64,22736.0,5,5.3,44.0,95.9,No,No,No,Rural,0
18,Male,4.0,36005.0,6,7.9,7.0,84.9,No,Yes,No,Suburban,1
22,Male,3.11,17782.0,4,4.7,109.0,83.8,No,No,No,Suburban,0
16,Female,1.79,42586.0,7,3.1,67.0,80.2,No,Yes,Yes,Suburban,0
16,Female,3.21,31417.0,1,6.2,21.0,92.3,No,No,No,Urban,1
23,Female,2.6,37938.0,2,4.3,20.0,95.7,No,No,No,Urban,0
22,Female,3.64,69263.0,7,6.2,5.0,82.7,No,No,No,Urban,1
16,Female,3.3,82415.0,5,0.5,12.0,93.1,No,No,No,Urban,1
24,Male,2.67,15524.0,6,5.1,49.0,96.8,No,Yes,No,Urban,1
16,Female,3.83,50332.0,6,4.5,8.0,90.9,No,Yes,No,Urban,1
25,Male,3.52,98809.0,2,2.9,14.0,88.0,No,Yes,No,Urban,0
23,Female,2.54,58010.0,1,2.3,43.0,86.8,No,No,No,Urban,0
25,Other,2.92,19048.0,3,4.4,69.0,82.8,No,No,Yes,Rural,0
25,Other,3.28,80044.0,3,2.6,44.0,94.1,No,Yes,No,Rural,0
19,Female,2.8,60744.0,2,0.0,66.0,97.1,No,No,No,Urban,0
23,Female,2.82,56819.0,3,2.4,103.0,89.1,No,Yes,No,Urban,1
18,Female,3.02,35247.0,7,2.3,4.0,84.4,No,No,Yes,Urban,0
20,Other,2.41,54505.0,4,5.1,4.0,91.9,No,Yes,No,Urban,0
18,Female,1.77,196789.0,5,2.4,56.0,80.8,No,No,Yes,Suburban,0
20,Male,3.13,7447.0,4,5.0,12.0,98.1,No,No,No,Rural,0
24,Male,1.91,30035.0,5,2.9,30.0,97.1,No,No,No,Urban,0
20,Female,2.45,32288.0,2,6.7,1.0,92.0,No,Yes,No,Suburban,0
16,Female,2.03,3261.0,1,5.8,75.0,84.6,No,No,No,Rural,0
19,Female,2.09,141522.0,1,4.3,85.0,86.5,No,No,No,Urban,0
23,Female,3.23,17772.0,4,5.3,111.0,74.1,No,No,No,Suburban,0
21,Male,2.88,16850.0,7,6.3,140.0,81.9,No,No,No,Urban,1
21,Male,2.86,11050.0,2,5.1,63.0,93.9,No,No,No,Suburban,0
20,Female,2.28,29781.0,3,5.3,27.0,81.8,No,No,No,Urban,0
18,Male,2.64,56654.0,1,0.4,105.0,100.0,No,No,No,Urban,0
21,Female,3.21,40297.0,3,3.9,49.0,84.0,No,Yes,No,Urban,1
22,Female,2.97,20009.0,3,3.3,16.0,80.6,No,Yes,No,Suburban,0
24,Female,3.45,54577.0,4,7.3,111.0,90.7,Yes,Yes,No,Urban,1
22,Male,3.53,40652.0,4,4.1,7.0,91.1,No,No,No,Rural,1
25,Female,2.86,91439.0,2,3.5,115.0,98.9,No,No,No,Urban,0
24,Male,1.98,24974.0,2,6.3,68.0,85.9,No,No,Yes,Urban,0
16,Male,2.58,23178.0,5,1.7,7.0,80.9,No,Yes,No,Urban,0
19,Male,2.95,71484.0,3,4.8,3.0,83.3,Yes,No,Yes,Rural,1
19,Male,2.57,17217.0,4,0.7,115.0,97.6,No,No,No,Suburban,0
16,Female,2.42,10723.0,2,3.4,19.0,100.0,Yes,No,No,Urban,0
17,Female,3.04,39731.0,2,4.0,30.0,83.2,Yes,No,No,Suburban,0
23,Male,4.0,57895.0,5,8.2,37.0,86.8,Yes,Yes,No,Suburban,1
19,Female,2.73,9968.0,1,4.7,65.0,99.1,No,No,No,Urban,1
17,Female,3.0,76701.0,7,3.0,75.0,93.9,No,Yes,No,Urban,0
18,Female,2.28,9000.0,3,4.7,266.0,83.3,No,No,Yes,Suburban,1
18,Female,3.68,26044.0,4,8.2,9.0,78.5,No,No,No,Urban,1
17,Female,3.48,40516.0,8,0.5,12.0,82.6,Yes,Yes,No,Urban,1
17,Male,3.44,97179.0,5,6.7,47.0,94.6,No,Yes,No,Suburban,1
23,Male,3.75,101020.0,4,5.8,49.0,75.8,No,Yes,No,Suburban,1
24,Female,2.76,46143.0,3,4.7,8.0,89.4,No,No,No,Urban,0
20,Female,2.83,29520.0,6,4.3,9.0,84.9,No,Yes,No,Urban,0
22,Female,3.94,30923.0,5,8.2,39.0,81.9,No,No,No,Urban,1
25,Male,3.35,132771.0,5,6.6,17.0,83.9,No,No,No,Suburban,0
24,Male,1.78,86680.0,7,2.7,39.0,94.8,No,No,No,Urban,0
16,Female,3.25,52970.0,7,5.0,11.0,92.0,No,No,No,Urban,1
25,Male,2.68,47171.0,4,7.7,284.0,96.1,No,Yes,Yes,Suburban,0
16,Female,3.49,44161.0,1,6.2,12.0,81.3,No,Yes,No,Urban,1
16,Female,3.22,7073.0,8,5.6,8.0,74.4,No,No,No,Suburban,1
20,Male,2.04,1872.0,7,2.1,37.0,89.3,No,No,No,Urban,0
23,Male,3.15,34401.0,5,10.0,33.0,87.7,No,No,No,Suburban,0
16,Male,3.12,15448.0,1,6.6,72.0,83.9,No,No,No,Urban,0
18,Male,3.2,47576.0,4,8.9,40.0,71.9,Yes,No,No,Urban,1
18,Female,3.32,45099.0,4,5.7,143.0,94.7,No,Yes,No,Urban,1
19,Female,3.82,10483.0,7,5.0,75.0,64.2,No,No,No,Rural,1
25,Male,3.23,48250.0,5,3.6,8.0,93.5,No,No,No,Urban,0
19,Female,3.01,50193.0,4,7.1,8.0,93.1,No,No,No,Urban,0
18,Male,3.63,49222.0,4,8.3,5.0,92.6,No,No,No,Suburban,1
17,Male,4.0,25196.0,4,7.3,51.0,87.2,Yes,No,No,Suburban,1
17,Female,3.5,56038.0,6,10.0,49.0,69.6,Yes,Yes,No,Suburban,1
17,Female,3.11,58559.0,4,5.3,7.0,74.9,No,No,No,Suburban,0
21,Female,3.24,55698.0,1,3.6,20.0,81.1,No,No,No,Suburban,0
20,Male,3.14,33174.0,3,5.6,108.0,100.0,No,No,No,Urban,1
20,Female,3.01,105730.0,4,6.8,25.0,95.4,No,No,No,Suburban,0
24,Male,4.0,91832.0,1,4.4,65.0,86.3,No,No,No,Urban,0
21,Other,2.59,42490.0,8,4.9,6.0,82.9,No,Yes,No,Suburban,1
17,Female,3.64,23426.0,3,5.5,120.0,88.8,No,No,Yes,Urban,1
19,Female,2.93,21263.0,3,6.1,31.0,94.5,No,Yes,No,Suburban,1
19,Male,2.19,59410.0,2,5.3,35.0,90.2,No,Yes,No,Suburban,0
24,Male,2.9,13463.0,7,5.5,1.0,76.6,No,No,No,Rural,0
19,Female,2.7,62324.0,2,6.4,35.0,99.2,No,No,Yes,Rural,1
17,Male,3.32,11757.0,3,6.7,83.0,91.6,No,No,No,Urban,1
23,Female,3.05,37593.0,1,3.9,103.0,83.7,No,No,No,Suburban,0
20,Female,2.44,59117.0,6,1.0,9.0,90.6,No,Yes,No,Urban,0
16,Other,3.81,22034.0,3,2.7,40.0,97.5,No,No,No,Urban,1
22,Male,3.6,75743.0,6,6.0,50.0,90.8,No,Yes,No,Suburban,1
18,Female,3.87,30299.0,7,3.4,10.0,91.3,No,No,No,Suburban,1
24,Male,3.13,40211.0,4,5.6,20.0,100.0,No,Yes,No,Urban,1
24,Male,2.98,5709.0,5,4.9,3.0,82.8,No,No,No,Urban,1
19,Female,3.39,11442.0,7,5.1,23.0,80.1,No,No,No,Rural,1
21,Male,2.68,6233.0,5,6.1,13.0,84.2,No,Yes,No,Suburban,1
21,Other,3.07,66644.0,4,7.6,4.0,94.7,No,No,No,Suburban,1
22,Female,2.9,29211.0,3,5.0,26.0,95.7,No,Yes,No,Suburban,0
16,Other,2.2,80786.0,5,2.7,19.0,89.3,No,Yes,No,Suburban,0
19,Other,3.07,3837.0,5,5.7,43.0,81.2,No,Yes,No,Urban,0
17,Female,2.76,54311.0,1,6.6,57.0,100.0,No,No,Yes,Urban,0
22,Male,2.87,5670.0,4,0.0,14.0,78.7,No,No,No,Suburban,0
16,Female,3.2,19972.0,6,3.4,21.0,84.3,No,Yes,No,Rural,1
21,Male,3.7,37100.0,2,5.1,65.0,82.4,No,No,No,Rural,1
23,Female,2.53,28495.0,3,3.9,4.0,96.5,No,No,No,Urban,0
25,Female,2.81,49238.0,3,5.3,40.0,86.6,No,Yes,No,Urban,0
18,Female,2.58,25056.0,2,3.6,135.0,100.0,No,No,Yes,Suburban,0
16,Male,2.54,34069.0,1,7.1,35.0,94.4,No,Yes,No,Suburban,1
23,Male,2.67,17025.0,8,5.1,10.0,80.6,No,No,Yes,Rural,1
16,Male,2.89,61271.0,3,1.0,25.0,85.5,No,No,No,Urban,0
16,Male,3.32,43686.0,1,6.6,68.0,83.7,No,No,No,Suburban,0
25,Male,3.18,53893.0,3,6.7,2.0,99.1,No,No,Yes,Rural,0
24,Male,2.42,39258.0,5,4.9,16.0,94.8,No,Yes,No,Suburban,0
23,Male,3.71,68814.0,3,1.0,58.0,75.3,No,No,No,Urban,0
24,Female,3.52,25433.0,5,7.0,2.0,92.2,No,No,No,Suburban,0
16,Male,2.5,42065.0,5,2.8,36.0,87.5,No,No,No,Urban,0
16,Female,3.67,212046.0,6,4.2,26.0,77.8,No,No,No,Urban,0
19,Male,3.18,14568.0,1,3.7,19.0,81.4,No,Yes,No,Urban,1
16,Female,2.91,83749.0,3,1.8,61.0,86.3,No,No,No,Suburban,0
24,Male,3.2,154205.0,3,5.0,28.0,70.3,No,No,Yes,Suburban,0
16,Female,2.99,57553.0,2,5.4,72.0,89.8,No,No,No,Suburban,0
21,Female,3.3,2405.0,3,5.2,30.0,88.7,No,No,No,Suburban,1
24,Female,3.1,15233.0,2,4.5,24.0,86.0,No,No,No,Suburban,1
23,Male,2.81,49649.0,3,3.4,21.0,88.3,No,No,No,Rural,0
18,Female,1.89,39657.0,2,8.2,2.0,86.2,No,No,Yes,Urban,0
20,Male,3.29,108610.0,6,5.4,38.0,79.0,No,No,No,Rural,0
21,Male,2.79,110923.0,6,2.9,44.0,82.9,No,Yes,No,Suburban,0
23,Male,3.43,37454.0,5,6.0,118.0,81.8,No,Yes,No,Urban,1
20,Female,3.26,39561.0,6,5.8,18.0,93.0,No,Yes,No,Urban,1
18,Male,2.81,26752.0,4,6.4,7.0,79.5,No,No,No,Rural,0
23,Female,3.56,55666.0,2,4.9,153.0,83.6,No,No,No,Suburban,0
24,Male,3.11,19048.0,3,3.6,71.0,88.2,No,No,No,Suburban,1
20,Male,3.09,36336.0,2,2.0,1.0,75.8,No,No,No,Urban,0
16,Male,2.92,20260.0,6,3.8,18.0,84.4,No,Yes,No,Rural,1
21,Male,3.93,47276.0,3,1.4,29.0,88.2,Yes,Yes,Yes,Suburban,1
24,Female,2.61,80260.0,2,5.7,48.0,89.2,No,Yes,No,Urban,0
25,Female,2.82,11664.0,1,1.5,58.0,90.7,No,No,Yes,Urban,0
20,Female,2.32,34547.0,6,4.2,60.0,81.8,No,No,No,Rural,0
17,Male,3.4,97253.0,6,6.6,14.0,79.2,Yes,No,No,Urban,1
21,Male,2.68,116511.0,2,4.5,147.0,84.2,No,Yes,No,Rural,0
24,Female,2.74,26935.0,4,4.9,30.0,89.5,No,Yes,No,Urban,0
25,Male,2.72,21075.0,3,6.0,20.0,85.6,No,Yes,No,Suburban,0
16,Male,3.03,1400.0,3,6.1,20.0,79.0,No,No,Yes,Urban,0
18,Female,2.31,86150.0,4,7.3,8.0,100.0,No,Yes,No,Suburban,0
20,Male,1.77,82493.0,6,6.2,28.0,81.6,No,No,Yes,Urban,0
16,Male,3.25,43531.0,6,5.8,12.0,77.3,No,No,No,Rural,0
24,Male,1.84,165140.0,6,0.7,63.0,82.4,No,No,No,Urban,0
17,Female,3.47,39639.0,6,5.5,10.0,94.9,No,No,No,Suburban,1
22,Male,3.86,87936.0,5,8.6,100.0,92.6,No,No,No,Rural,1
25,Female,2.91,28173.0,2,6.4,22.0,100.0,No,No,No,Suburban,1
22,Male,3.71,33458.0,8,7.1,26.0,79.9,No,No,No,Rural,1
23,Male,2.99,49485.0,4,3.5,37.0,85.6,No,Yes,No,Suburban,0
18,Male,3.88,20468.0,2,4.8,8.0,96.1,No,Yes,No,Urban,1
24,Female,2.75,72477.0,9,6.2,72.0,79.6,No,No,No,Urban,1
20,Male,1.7,44673.0,3,6.0,35.0,97.3,No,No,No,Urban,0
16,Female,2.96,7389.0,5,6.7,0.0,88.3,No,No,No,Suburban,0
19,Male,3.94,89318.0,3,2.5,14.0,81.6,No,Yes,No,Rural,1
19,Male,3.29,19028.0,4,3.3,2.0,74.3,Yes,Yes,No,Urban,1
21,Male,2.72,20667.0,4,2.2,5.0,92.2,No,No,No,Urban,0
18,Female,3.18,33298.0,5,5.6,5.0,99.8,No,No,No,Urban,1
20,Male,3.53,56732.0,3,4.6,6.0,90.7,No,No,No,Suburban,1
20,Female,2.95,51729.0,3,4.6,9.0,91.2,No,Yes,Yes,Suburban,1
19,Female,4.0,109149.0,3,3.5,24.0,90.1,No,No,No,Urban,0
22,Female,2.72,49895.0,4,3.1,22.0,95.4,No,No,Yes,Suburban,0
19,Female,3.55,10684.0,8,5.0,48.0,97.8,No,No,Yes,Urban,1
23,Female,3.42,16865.0,4,7.4,4.0,64.9,No,Yes,No,Suburban,1
18,Female,2.62,9807.0,5,8.4,14.0,85.4,No,No,No,Rural,0
24,Male,2.77,9636.0,5,8.5,193.0,83.1,No,Yes,No,Urban,0
19,Female,3.56,30341.0,5,4.0,52.0,89.5,No,No,No,Suburban,1
16,Female,3.08,85085.0,8,2.4,33.0,84.8,No,No,No,Suburban,0
17,Male,3.19,44490.0,7,6.9,18.0,91.6,No,Yes,No,Urban,1
24,Female,2.1,58284.0,3,7.8,18.0,90.7,No,No,Yes,Urban,0
24,Female,3.36,71653.0,1,5.9,134.0,72.7,No,No,No,Rural,0
18,Male,3.16,89182.0,7,4.9,42.0,70.6,No,No,No,Urban,1
22,Female,2.96,22548.0,6,3.6,82.0,94.1,Yes,Yes,No,Suburban,1
21,Male,3.2,81251.0,5,6.3,61.0,81.4,No,No,No,Rural,0
17,Male,2.77,74113.0,2,6.3,8.0,100.0,No,Yes,No,Rural,0
20,Male,2.67,29361.0,4,5.6,4.0,94.8,No,Yes,No,Suburban,0
22,Female,2.87,21357.0,4,2.6,0.0,73.7,No,Yes,No,Urban,1
25,Male,2.74,35983.0,5,2.8,51.0,81.6,No,Yes,No,Urban,0
24,Female,4.0,107091.0,5,4.8,12.0,89.9,No,No,Yes,Suburban,0
16,Male,3.5,88168.0,2,7.3,9.0,84.4,No,Yes,No,Suburban,0
18,Male,2.47,29148.0,4,7.0,14.0,86.6,No,No,No,Urban,0
20,Female,4.0,82902.0,5,4.1,57.0,79.1,No,No,No,Suburban,0
17,Male,2.76,64922.0,5,1.0,47.0,90.8,No,No,Yes,Urban,0
21,Female,3.02,57063.0,2,7.9,96.0,88.2,Yes,Yes,No,Urban,1
16,Male,3.49,101458.0,6,7.7,39.0,94.0,No,No,No,Suburban,1
17,Other,1.92,51233.0,3,5.3,35.0,87.6,No,Yes,No,Urban,1
16,Female,2.87,42506.0,4,4.1,39.0,83.0,No,No,No,Suburban,0
18,Male,2.68,6011.0,2,4.3,14.0,89.1,No,Yes,No,Urban,1
23,Male,3.11,71244.0,4,7.0,55.0,90.9,No,No,No,Suburban,0
17,Male,3.2,19883.0,2,6.2,61.0,88.0,No,No,No,Suburban,1
25,Female,2.96,17279.0,2,4.1,18.0,97.8,No,No,No,Suburban,0
18,Female,2.93,43575.0,4,9.8,18.0,79.3,No,Yes,No,Urban,0
16,Male,3.59,16947.0,5,1.6,99.0,95.3,Yes,Yes,No,Urban,1
19,Male,3.17,54260.0,6,3.7,40.0,78.2,No,No,No,Urban,1
23,Female,3.02,47869.0,6,3.7,19.0,93.2,No,No,Yes,Suburban,0
17,Male,3.08,44905.0,3,5.2,52.0,71.6,No,Yes,No,Urban,0
16,Female,4.0,35993.0,1,7.5,22.0,85.6,No,No,No,Urban,1
24,Female,3.09,69718.0,1,6.8,124.0,95.6,No,Yes,Yes,Urban,1
21,Male,2.72,54414.0,6,5.3,12.0,84.7,No,Yes,No,Rural,1
19,Female,1.95,53763.0,5,2.1,7.0,87.2,No,Yes,No,Urban,0
23,Male,2.21,21563.0,10,7.1,52.0,90.1,No,No,No,Suburban,0
24,Male,2.74,38500.0,1,2.5,27.0,69.3,No,No,No,Rural,0
19,Other,2.94,21273.0,3,4.1,59.0,90.3,No,No,No,Urban,1
21,Female,2.69,38063.0,6,4.8,87.0,80.2,No,No,No,Urban,0
16,Female,3.19,24025.0,3,3.2,17.0,95.4,No,Yes,No,Suburban,1
19,Female,2.69,37386.0,8,3.2,5.0,87.0,No,No,No,Rural,1
21,Male,2.5,38510.0,4,7.0,29.0,89.9,No,No,No,Urban,0
17,Female,3.34,37386.0,3,8.2,9.0,78.2,No,No,Yes,Suburban,1
25,Female,3.75,70770.0,1,4.8,27.0,94.1,No,No,No,Urban,0
25,Male,2.39,59505.0,2,1.1,78.0,87.4,No,No,No,Urban,0
18,Male,3.13,13483.0,2,5.6,22.0,75.6,No,Yes,Yes,Urban,1
19,Female,1.95,34491.0,2,3.5,16.0,83.5,Yes,No,No,Suburban,0
17,Female,2.19,44839.0,3,5.8,12.0,93.0,No,Yes,No,Urban,0
21,Male,2.68,23211.0,4,5.7,30.0,88.7,No,No,No,Suburban,1
17,Female,3.62,47928.0,8,0.9,22.0,93.3,No,Yes,No,Rural,1
19,Male,2.57,25455.0,2,4.1,3.0,84.7,No,No,Yes,Urban,0
21,Male,2.55,40354.0,5,6.4,1.0,97.3,No,Yes,No,Suburban,1
22,Male,3.02,19464.0,1,4.8,120.0,98.8,No,No,No,Urban,1
21,Female,3.02,37232.0,5,2.6,56.0,73.5,No,Yes,No,Suburban,0
18,Male,2.57,60528.0,3,6.4,24.0,92.3,No,No,No,Rural,0
23,Female,4.0,66203.0,4,1.3,8.0,99.7,No,No,Yes,Urban,0
22,Male,2.85,40921.0,4,5.5,15.0,91.4,No,Yes,No,Suburban,1
23,Female,3.06,136806.0,2,3.8,17.0,87.2,No,No,No,Urban,0
20,Female,2.78,51233.0,4,6.0,34.0,77.0,No,Yes,No,Suburban,0
24,Male,3.24,67518.0,4,4.5,79.0,85.1,No,Yes,No,Suburban,0
19,Female,3.68,91495.0,4,6.1,5.0,83.5,No,No,No,Urban,0
24,Male,3.92,23549.0,6,8.0,86.0,94.6,No,No,No,Rural,1
18,Male,2.58,60126.0,2,6.5,74.0,95.5,No,No,No,Urban,0
18,Female,3.61,47560.0,3,6.5,107.0,86.2,No,No,No,Rural,1
21,Female,3.3,61586.0,2,6.3,9.0,80.0,No,No,No,Urban,0
21,Male,3.54,77505.0,3,1.2,70.0,70.5,No,No,No,Urban,0
23,Female,2.95,20496.0,2,5.2,15.0,92.3,Yes,Yes,Yes,Suburban,1
18,Male,2.9,133227.0,2,5.6,163.0,91.6,No,Yes,No,Urban,0
24,Female,3.51,42241.0,2,6.2,8.0,70.9,No,No,No,Urban,0
19,Female,3.53,32084.0,2,4.8,28.0,91.7,No,No,No,Suburban,1
21,Other,3.86,4169.0,3,6.6,21.0,94.5,No,Yes,No,Urban,1
25,Male,3.11,87599.0,4,2.9,9.0,65.6,No,No,No,Urban,0
21,Female,2.94,74047.0,4,9.4,10.0,79.5,No,No,Yes,Suburban,0
22,Female,1.65,35370.0,7,6.2,8.0,100.0,No,Yes,No,Suburban,0
25,Male,2.11,7799.0,4,3.0,4.0,88.2,No,No,No,Rural,0
25,Male,2.78,43502.0,1,8.0,10.0,100.0,No,No,No,Urban,0
20,Other,2.39,12151.0,5,2.5,24.0,89.5,No,Yes,No,Suburban,0
20,Male,3.45,81869.0,5,5.0,9.0,96.6,No,Yes,No,Rural,0
17,Female,2.28,34556.0,4,5.3,20.0,85.4,No,No,No,Urban,0
21,Male,2.72,19074.0,4,4.1,20.0,82.5,No,No,No,Urban,0
25,Female,2.75,48822.0,2,4.7,40.0,75.0,No,No,No,Urban,0
20,Male,3.66,53823.0,8,5.1,11.0,92.2,No,No,No,Suburban,1
19,Other,2.67,58220.0,2,2.6,53.0,81.0,No,Yes,Yes,Rural,0
17,Female,3.25,20095.0,8,5.6,19.0,80.2,No,No,No,Suburban,0
19,Male,3.11,77088.0,1,5.0,56.0,75.4,No,Yes,No,Rural,0
18,Female,3.5,35161.0,4,9.3,11.0,88.2,No,Yes,No,Suburban,0
25,Female,3.47,5653.0,2,8.3,19.0,94.0,No,Yes,No,Suburban,1
21,Male,2.98,38227.0,7,3.4,26.0,86.0,No,Yes,Yes,Urban,1
17,Male,2.07,37869.0,2,4.7,14.0,85.3,Yes,No,No,Suburban,0
16,Female,2.87,37373.0,7,3.5,21.0,100.0,No,No,No,Urban,1
24,Female,2.99,49507.0,4,4.4,27.0,75.0,No,Yes,No,Urban,0
25,Male,3.16,115372.0,1,6.9,16.0,100.0,No,No,No,Suburban,0
23,Female,2.59,39045.0,4,4.8,23.0,77.2,No,No,Yes,Rural,0
17,Male,3.63,42535.0,1,3.9,128.0,87.0,No,Yes,No,Suburban,1
16,Male,3.01,27000.0,6,6.3,40.0,90.9,No,No,No,Urban,0
17,Female,2.49,38977.0,2,0.7,7.0,95.8,No,Yes,No,Rural,0
23,Male,2.75,59080.0,6,4.1,18.0,75.2,No,No,No,Suburban,0
23,Male,4.0,60020.0,3,8.0,6.0,89.3,No,No,No,Urban,0
24,Female,3.37,96053.0,3,8.1,47.0,83.1,Yes,No,No,Suburban,0
16,Male,3.58,7233.0,8,7.9,40.0,95.9,No,No,No,Urban,1
17,Male,2.43,71655.0,2,2.3,116.0,83.0,No,No,Yes,Urban,0
25,Female,2.62,64777.0,3,2.3,253.0,72.5,No,No,No,Suburban,0
25,Female,2.63,10706.0,3,3.9,34.0,90.9,No,Yes,No,Rural,0
23,Female,3.1,94723.0,4,5.0,7.0,87.7,No,No,No,Urban,1
17,Female,2.9,12936.0,2,3.4,36.0,100.0,No,No,No,Urban,0
16,Female,2.73,60178.0,2,1.3,10.0,95.7,No,No,No,Urban,0
16,Male,2.8,5865.0,5,7.0,130.0,81.0,Yes,Yes,No,Suburban,1
22,Female,2.56,18936.0,7,6.7,119.0,95.8,Yes,Yes,No,Urban,1
24,Male,2.9,61391.0,3,3.7,66.0,88.8,No,Yes,No,Suburban,0
22,Male,3.61,63127.0,7,6.6,154.0,93.7,No,Yes,No,Suburban,1
18,Female,2.17,36316.0,7,7.1,15.0,81.9,No,No,No,Suburban,0
23,Female,3.19,100547.0,9,0.0,67.0,85.0,No,No,Yes,Urban,0
16,Female,3.76,60449.0,6,6.4,20.0,93.2,No,No,No,Urban,1
24,Male,2.9,78379.0,4,4.9,58.0,93.8,Yes,No,Yes,Rural,1
24,Male,2.71,37527.0,3,0.0,2.0,71.1,No,No,No,Rural,0
23,Female,3.51,16649.0,4,7.2,67.0,92.6,No,Yes,No,Suburban,1
24,Female,2.46,16495.0,6,5.2,25.0,81.2,No,No,Yes,Urban,0
21,Male,2.99,31652.0,5,1.5,8.0,89.9,No,No,No,Rural,0
20,Male,2.43,19669.0,5,5.9,15.0,74.8,No,Yes,No,Urban,0
19,Male,1.97,18556.0,5,5.4,1.0,95.1,Yes,No,No,Rural,0
25,Female,2.92,8948.0,1,6.2,81.0,93.4,No,No,No,Urban,1
22,Female,2.31,33245.0,3,0.7,37.0,81.4,No,No,No,Urban,0
17,Male,2.99,8733.0,8,4.3,2.0,91.2,No,No,No,Urban,0
25,Male,3.61,32726.0,8,2.8,14.0,87.7,No,No,No,Urban,1
16,Male,4.0,6602.0,3,4.6,11.0,92.8,No,Yes,No,Rural,1
21,Male,3.05,30420.0,2,1.3,34.0,76.9,No,Yes,No,Rural,0
17,Female,3.56,59041.0,1,2.5,9.0,78.3,No,Yes,No,Urban,1
22,Male,3.22,19078.0,6,8.4,11.0,82.1,No,No,No,Rural,1
20,Female,2.79,49956.0,2,7.6,4.0,87.6,No,No,No,Urban,0
20,Female,1.94,47674.0,6,7.1,9.0,100.0,Yes,No,No,Suburban,0
22,Other,3.89,23779.0,2,8.2,20.0,89.4,No,No,No,Urban,1
23,Female,2.42,8302.0,5,0.9,13.0,95.6,No,No,Yes,Urban,0
19,Male,3.76,71936.0,9,4.9,13.0,81.0,No,No,No,Suburban,1
25,Male,3.3,23628.0,10,5.5,8.0,83.4,No,Yes,Yes,Suburban,1
20,Male,2.46,109196.0,3,4.1,0.0,82.6,No,Yes,Yes,Rural,0
17,Female,3.17,69543.0,4,0.9,28.0,86.4,No,No,No,Rural,0
16,Male,4.0,61757.0,3,6.9,19.0,93.3,No,No,No,Rural,1
18,Male,3.84,12711.0,5,6.4,5.0,85.3,No,No,No,Rural,1
22,Male,2.72,62028.0,5,3.6,30.0,85.6,No,Yes,No,Urban,1
21,Male,2.61,84376.0,4,6.9,20.0,92.6,No,No,No,Urban,0
19,Female,3.06,42787.0,5,5.3,15.0,83.9,No,Yes,No,Suburban,0
20,Female,2.91,50507.0,9,6.4,172.0,81.8,No,Yes,No,Suburban,1
24,Female,3.66,59294.0,7,3.0,48.0,85.3,No,No,No,Urban,1
21,Female,3.41,90722.0,6,5.5,1.0,100.0,No,No,No,Urban,0
16,Male,2.07,53768.0,5,5.5,3.0,95.0,No,No,No,Suburban,0
16,Male,3.25,58005.0,3,4.5,14.0,100.0,No,No,No,Rural,0
20,Male,2.9,48755.0,6,0.0,11.0,77.6,No,No,No,Urban,0
20,Female,3.02,111304.0,6,5.4,43.0,91.1,No,No,No,Urban,0
24,Female,3.14,43627.0,7,5.5,14.0,85.0,No,Yes,No,Rural,1
21,Male,3.66,57729.0,5,2.9,19.0,85.5,No,No,No,Urban,0
23,Female,3.54,94331.0,6,6.3,70.0,75.7,No,No,No,Urban,1
21,Male,2.59,28916.0,2,5.5,18.0,98.4,No,No,No,Urban,0
19,Male,2.97,124574.0,5,5.9,3.0,75.0,No,Yes,No,Suburban,0
22,Female,2.75,26697.0,3,4.2,2.0,95.1,No,No,No,Rural,0
22,Female,2.07,19313.0,2,1.2,54.0,84.8,No,No,No,Urban,0
23,Female,2.94,58912.0,4,1.3,21.0,80.7,No,No,No,Urban,0
17,Female,4.0,25638.0,6,6.5,7.0,80.4,No,No,No,Urban,1
22,Male,2.06,108026.0,5,2.6,25.0,88.4,No,Yes,No,Suburban,0
18,Female,2.99,150074.0,5,3.2,43.0,85.1,Yes,Yes,No,Urban,1
23,Female,2.97,19921.0,4,6.8,11.0,88.0,No,No,No,Suburban,0
23,Female,3.16,18366.0,5,0.3,42.0,72.1,No,No,No,Urban,0
22,Male,2.47,17649.0,3,1.5,52.0,71.5,No,No,No,Rural,0
25,Other,2.22,5638.0,8,6.7,30.0,73.4,No,Yes,No,Urban,0
21,Male,2.24,25057.0,4,5.2,118.0,94.4,No,Yes,No,Suburban,1
16,Male,3.73,81993.0,3,0.6,54.0,99.6,No,Yes,No,Suburban,1
22,Female,2.46,60967.0,2,4.0,17.0,85.9,No,No,No,Suburban,0
23,Female,2.73,35160.0,4,5.4,10.0,94.0,No,Yes,Yes,Urban,1
17,Other,4.0,56212.0,1,2.6,15.0,90.8,No,Yes,No,Urban,1
17,Female,2.6,13625.0,5,1.8,5.0,97.4,No,No,No,Suburban,0
18,Male,3.19,43484.0,1,1.3,5.0,97.6,No,No,No,Urban,0
24,Female,3.59,49333.0,1,6.9,24.0,78.1,No,No,No,Urban,1
21,Male,3.56,47209.0,6,7.3,64.0,89.5,No,No,No,Suburban,1
25,Female,2.27,24413.0,1,6.7,19.0,94.9,No,Yes,Yes,Suburban,0
24,Male,2.61,23671.0,1,7.7,7.0,94.9,No,No,No,Rural,1
21,Female,3.17,64865.0,1,7.8,7.0,94.1,No,Yes,No,Rural,0
22,Female,4.0,62115.0,4,1.7,81.0,87.7,No,Yes,Yes,Urban,1
19,Female,2.58,6004.0,9,7.2,12.0,93.4,No,Yes,No,Suburban,1
16,Male,2.73,5875.0,7,5.2,1.0,76.6,No,Yes,No,Suburban,1
19,Male,3.23,142756.0,3,9.2,11.0,77.0,No,No,No,Rural,0
21,Male,3.34,50457.0,3,10.0,31.0,100.0,No,Yes,No,Urban,1
17,Male,3.37,47316.0,3,4.6,5.0,96.7,No,No,No,Rural,0
18,Female,2.53,20579.0,1,4.3,4.0,100.0,No,No,No,Urban,1
16,Male,2.71,31988.0,4,4.2,25.0,86.8,No,Yes,No,Urban,0
23,Female,3.12,26053.0,6,5.2,92.0,80.2,No,No,No,Urban,1
24,Male,3.69,82403.0,4,5.5,19.0,86.5,No,No,No,Urban,0
24,Male,2.87,79898.0,5,10.0,10.0,100.0,No,No,No,Urban,0
19,Female,2.99,51046.0,5,5.3,87.0,81.3,No,No,No,Urban,0
21,Male,2.44,45653.0,5,4.1,40.0,86.6,No,Yes,No,Rural,0
25,Male,4.0,57368.0,6,5.0,74.0,97.7,No,Yes,No,Suburban,1
21,Male,3.08,45190.0,3,3.2,14.0,88.6,Yes,No,Yes,Urban,1
18,Male,3.59,64908.0,4,1.3,91.0,84.9,No,No,No,Urban,0
19,Female,3.02,100080.0,3,4.7,13.0,94.0,No,No,No,Urban,0
23,Male,3.05,39106.0,2,10.0,12.0,84.2,No,No,No,Urban,0
20,Male,2.17,20885.0,8,7.0,4.0,91.8,No,No,No,Suburban,1
24,Female,1.82,45994.0,8,3.9,140.0,68.7,No,Yes,No,Urban,0
24,Female,3.69,26991.0,1,5.8,47.0,74.0,No,No,No,Suburban,1
16,Female,3.04,10801.0,4,10.0,13.0,86.1,No,Yes,Yes,Suburban,1
23,Male,3.11,16454.0,4,5.4,40.0,98.7,No,No,Yes,Urban,0
19,Female,2.31,91086.0,3,3.0,62.0,86.7,No,No,Yes,Urban,0
21,Male,2.5,44193.0,2,5.2,26.0,87.6,No,No,No,Suburban,0
18,Male,3.58,31790.0,4,6.4,7.0,90.0,No,Yes,No,Suburban,1
19,Female,3.96,49074.0,6,5.9,5.0,84.7,No,No,No,Urban,1
19,Female,2.66,28632.0,2,8.2,128.0,75.1,No,Yes,Yes,Urban,1
16,Female,3.37,92920.0,3,5.2,2.0,93.5,No,No,No,Suburban,0
23,Female,3.1,141741.0,4,0.0,12.0,90.1,No,No,No,Suburban,0
17,Male,2.93,29854.0,2,6.0,21.0,90.7,No,Yes,No,Suburban,1
19,Female,4.0,37741.0,1,5.9,7.0,79.1,No,Yes,No,Suburban,1
17,Female,2.75,53686.0,1,5.7,45.0,100.0,No,No,No,Urban,1
17,Male,3.68,14925.0,1,3.1,2.0,84.6,No,No,No,Rural,1
19,Male,3.21,6902.0,4,9.4,29.0,99.4,No,No,No,Urban,1
25,Male,2.99,86205.0,2,2.6,39.0,71.1,No,No,No,Urban,0
25,Female,3.75,31244.0,2,2.8,3.0,84.6,No,No,No,Urban,1
19,Male,3.16,29208.0,3,4.5,42.0,100.0,No,No,Yes,Urban,0
21,Male,2.95,56233.0,8,7.9,28.0,86.9,No,No,No,Urban,1
25,Female,3.76,20802.0,2,8.0,3.0,68.4,No,Yes,No,Urban,1
18,Female,3.69,28713.0,6,6.4,103.0,80.3,No,No,No,Urban,1
25,Male,3.66,15166.0,10,7.0,26.0,90.2,No,No,No,Urban,1
17,Female,0.86,8325.0,5,2.1,141.0,99.5,No,No,No,Suburban,0
18,Female,3.24,28372.0,7,1.3,3.0,85.7,No,No,No,Suburban,0
19,Female,3.12,20629.0,2,4.2,44.0,96.8,No,No,No,Suburban,0
16,Male,2.98,18483.0,4,6.9,53.0,91.2,No,No,Yes,Rural,1
24,Male,3.34,42376.0,3,7.0,39.0,84.7,No,No,No,Urban,0
24,Female,3.14,69717.0,2,3.1,51.0,94.3,No,No,Yes,Suburban,0
19,Male,3.37,70564.0,8,2.9,34.0,95.7,No,No,No,Urban,1
24,Female,2.85,68679.0,5,7.6,20.0,85.7,Yes,No,No,Urban,0
23,Male,3.82,23214.0,3,5.4,7.0,82.2,No,Yes,No,Urban,1
24,Female,3.43,39397.0,4,0.4,5.0,75.1,No,Yes,No,Urban,0
24,Female,3.3,27453.0,6,2.5,72.0,91.3,No,No,No,Suburban,1
21,Female,3.27,23443.0,3,6.1,10.0,83.4,No,No,No,Suburban,0
17,Female,3.64,24620.0,2,2.4,12.0,92.2,No,Yes,Yes,Suburban,1
25,Female,3.56,17212.0,2,2.8,0.0,90.3,Yes,Yes,No,Urban,1
22,Male,2.94,49473.0,1,2.9,60.0,90.8,No,No,No,Suburban,0
25,Male,3.54,83237.0,5,6.9,19.0,86.7,No,No,No,Urban,0
25,Female,3.1,26946.0,4,5.0,42.0,77.8,Yes,No,No,Rural,1
17,Female,4.0,24743.0,5,8.7,3.0,91.8,No,Yes,No,Urban,1
20,Other,3.6,6705.0,3,4.1,47.0,94.7,No,No,No,Rural,1
17,Female,2.66,61700.0,7,4.5,36.0,100.0,No,No,No,Rural,0
16,Male,4.0,5205.0,5,5.7,6.0,83.2,No,Yes,No,Rural,1
25,Female,1.84,43801.0,7,3.6,10.0,79.6,No,No,No,Rural,0
25,Female,3.35,21644.0,4,1.5,88.0,78.7,No,No,No,Urban,0
25,Female,2.62,33999.0,2,4.2,76.0,87.6,Yes,No,No,Rural,0
24,Female,4.0,45566.0,5,3.4,70.0,94.4,No,Yes,No,Urban,1
22,Female,3.14,43652.0,4,4.7,10.0,95.1,No,No,No,Urban,0
21,Female,2.56,76745.0,3,3.7,26.0,100.0,No,Yes,No,Rural,0
25,Male,2.85,5498.0,4,6.0,15.0,91.1,No,Yes,No,Urban,1
21,Female,2.61,70782.0,5,4.2,47.0,78.4,No,No,No,Urban,0
22,Male,2.83,46931.0,6,1.4,85.0,89.9,No,No,Yes,Suburban,0
18,Male,2.82,82005.0,5,3.6,45.0,71.2,No,Yes,Yes,Suburban,0
23,Male,2.59,41663.0,8,2.4,31.0,85.2,No,No,Yes,Urban,0
24,Male,3.15,11807.0,5,9.2,154.0,84.6,No,No,Yes,Rural,1
22,Male,3.22,37508.0,3,5.1,2.0,91.7,No,No,No,Suburban,0
20,Female,2.45,60474.0,3,6.5,24.0,91.5,No,Yes,No,Suburban,1
17,Female,2.09,67792.0,6,4.8,1.0,82.1,No,Yes,No,Rural,0
16,Female,3.17,38459.0,3,9.0,253.0,82.3,No,No,No,Urban,0
22,Male,3.29,35131.0,3,2.2,28.0,88.5,No,No,No,Urban,0
22,Male,3.4,46377.0,5,3.3,17.0,91.8,No,No,Yes,Rural,0
23,Female,3.3,75178.0,4,7.4,189.0,93.9,No,No,Yes,Suburban,0
25,Female,3.86,28882.0,8,3.9,44.0,84.1,No,No,No,Rural,0
20,Female,3.55,53923.0,5,3.4,23.0,87.6,No,Yes,No,Suburban,1
24,Female,4.0,117702.0,5,3.8,129.0,79.7,No,Yes,No,Urban,1
23,Female,4.0,167220.0,2,9.3,19.0,79.8,No,Yes,No,Urban,0
18,Female,2.03,74893.0,4,9.5,87.0,72.5,No,No,No,Suburban,0
24,Other,1.79,34349.0,2,5.9,14.0,82.9,No,No,No,Urban,0
16,Female,3.0,14910.0,5,5.4,60.0,98.2,No,No,No,Rural,1
21,Female,3.28,51999.0,1,6.7,5.0,99.3,No,Yes,No,Rural,1
25,Male,2.96,101410.0,3,5.9,20.0,92.5,No,Yes,No,Urban,0
22,Male,3.39,38515.0,2,5.4,56.0,96.0,No,Yes,No,Rural,1
25,Male,2.85,80624.0,2,4.0,11.0,94.5,No,Yes,No,Urban,0
16,Female,2.62,76501.0,5,3.6,4.0,89.4,No,No,No,Urban,0
21,Female,2.7,41565.0,6,6.1,201.0,68.5,No,No,Yes,Suburban,0
23,Male,2.89,72067.0,4,5.3,32.0,100.0,No,Yes,No,Urban,0
22,Female,3.46,16398.0,4,8.2,14.0,86.3,No,No,No,Urban,1
24,Male,2.73,35672.0,8,4.4,0.0,86.3,Yes,Yes,No,Urban,1
20,Male,2.84,56121.0,7,3.0,29.0,99.7,No,Yes,No,Rural,0
22,Female,3.31,40856.0,5,1.8,16.0,89.3,No,No,No,Suburban,0
20,Male,2.89,17848.0,8,3.3,40.0,100.0,No,No,Yes,Urban,1
24,Male,3.61,72119.0,4,1.8,65.0,81.4,No,No,No,Urban,1
17,Female,2.49,55652.0,4,7.5,43.0,96.3,No,Yes,No,Urban,0
18,Male,2.37,46720.0,5,4.1,10.0,86.0,No,Yes,No,Urban,0
16,Female,3.17,91735.0,4,3.3,300.0,88.8,No,No,No,Urban,1
23,Other,3.22,73101.0,4,6.1,18.0,81.0,No,No,No,Urban,1
18,Female,2.52,3552.0,4,9.3,57.0,83.0,No,No,No,Suburban,1
19,Female,3.74,47269.0,5,4.1,65.0,98.3,No,No,No,Urban,1
24,Male,4.0,46259.0,3,2.5,4.0,92.1,No,No,No,Suburban,1
19,Female,2.65,32084.0,3,4.1,16.0,91.4,No,No,No,Suburban,0
17,Male,3.82,5540.0,4,0.9,14.0,74.9,Yes,No,No,Urban,1
16,Male,1.69,22493.0,4,6.1,28.0,75.2,No,No,No,Suburban,0
18,Female,3.59,4200.0,2,6.3,9.0,80.6,No,Yes,No,Suburban,1
25,Male,2.53,143533.0,4,4.0,123.0,84.8,No,No,No,Urban,0
21,Female,3.54,40984.0,6,2.5,25.0,87.2,No,No,No,Suburban,1
25,Male,2.47,58175.0,3,10.0,67.0,90.5,No,Yes,No,Rural,1
18,Female,2.96,17604.0,3,2.3,22.0,96.2,No,No,No,Suburban,0
19,Male,2.55,6270.0,3,3.3,51.0,99.8,No,No,No,Rural,0
17,Male,2.88,30380.0,5,5.1,71.0,89.6,No,No,No,Suburban,0
19,Female,4.0,27207.0,6,6.9,30.0,81.2,No,Yes,No,Suburban,1
21,Male,2.94,49015.0,2,4.7,4.0,93.8,No,No,No,Urban,0
24,Female,4.0,31422.0,6,5.1,27.0,89.5,No,No,No,Rural,1
19,Male,2.79,163459.0,5,6.3,6.0,91.7,No,No,No,Urban,0
23,Female,3.82,82972.0,6,10.0,81.0,97.6,No,Yes,No,Urban,1
22,Other,2.11,106915.0,7,3.7,10.0,84.9,No,No,No,Suburban,0
18,Female,2.84,41168.0,1,3.9,70.0,99.6,No,Yes,No,Urban,0
25,Female,2.71,48367.0,3,4.8,36.0,76.6,No,Yes,No,Suburban,1
20,Male,3.85,100692.0,8,6.5,3.0,93.8,No,No,No,Urban,1
17,Female,3.1,29586.0,1,10.0,61.0,82.8,No,Yes,No,Rural,0
25,Female,1.85,56152.0,4,4.8,68.0,89.8,No,No,Yes,Urban,0
25,Female,2.28,31424.0,5,6.2,9.0,90.6,No,No,No,Urban,0
16,Female,2.44,58320.0,7,0.2,116.0,85.2,No,No,No,Urban,0
25,Female,3.51,13262.0,5,5.1,4.0,82.9,Yes,No,No,Urban,1
25,Female,3.44,26182.0,6,5.0,27.0,81.2,No,No,No,Rural,1
24,Male,2.83,49098.0,2,7.2,6.0,90.3,No,No,Yes,Suburban,0
18,Female,2.7,53233.0,5,3.9,9.0,93.1,No,No,No,Suburban,0
22,Female,3.39,67588.0,3,2.3,40.0,100.0,No,No,No,Suburban,0
21,Female,2.38,15649.0,1,5.5,6.0,86.0,No,No,No,Suburban,0
22,Male,3.25,47755.0,5,1.6,97.0,75.7,No,Yes,Yes,Rural,0
22,Female,3.2,9944.0,2,3.2,135.0,91.8,No,Yes,No,Urban,1
22,Female,2.85,32787.0,7,5.1,15.0,74.1,No,Yes,No,Suburban,0
21,Female,3.22,42155.0,4,0.0,19.0,100.0,No,No,No,Rural,0
22,Male,3.06,37716.0,3,4.4,6.0,94.1,No,Yes,Yes,Urban,1
21,Male,3.27,115760.0,1,8.5,64.0,79.9,No,No,No,Urban,0
16,Male,2.27,42438.0,5,1.5,24.0,75.3,No,No,No,Rural,0
16,Male,3.34,61292.0,3,3.5,110.0,81.1,No,Yes,No,Urban,0
25,Other,3.56,49214.0,5,6.3,38.0,92.2,No,No,No,Rural,1
25,Male,3.18,40494.0,2,6.8,1.0,81.8,No,No,No,Suburban,0
21,Female,3.33,58306.0,6,5.1,6.0,93.9,No,Yes,No,Suburban,0
17,Male,2.94,46165.0,1,4.6,28.0,95.5,Yes,No,No,Suburban,1
23,Male,3.49,43389.0,3,8.6,23.0,83.4,No,No,No,Suburban,0
17,Other,3.04,35062.0,2,5.5,12.0,95.1,No,No,No,Suburban,0
19,Female,2.37,29580.0,4,2.7,45.0,97.7,No,No,No,Urban,0
19,Male,3.45,26501.0,4,5.3,5.0,92.5,No,No,No,Suburban,1
16,Male,2.1,43451.0,5,4.7,42.0,92.4,No,No,No,Suburban,0
24,Other,3.16,41281.0,6,4.0,24.0,83.5,No,No,No,Rural,1
21,Other,2.79,98757.0,3,1.3,54.0,100.0,Yes,No,No,Rural,0
19,Male,2.75,11949.0,4,5.0,3.0,80.1,No,No,No,Urban,0
21,Female,3.09,121545.0,3,6.3,13.0,84.5,Yes,No,No,Suburban,0
16,Male,2.61,16036.0,4,6.7,1.0,95.5,Yes,No,No,Suburban,1
20,Female,3.28,40151.0,1,5.0,28.0,85.0,No,No,No,Urban,0
21,Male,3.03,53615.0,1,5.1,31.0,85.6,No,No,No,Rural,0
19,Female,2.66,19235.0,2,3.8,5.0,77.1,No,No,No,Suburban,0
24,Female,3.74,15707.0,1,7.1,54.0,84.2,No,No,Yes,Rural,0
18,Male,3.11,36945.0,2,2.4,32.0,100.0,No,No,No,Suburban,0
17,Male,3.35,62354.0,1,3.9,5.0,85.1,Yes,No,No,Urban,1
21,Male,3.78,73758.0,7,3.2,29.0,98.2,No,Yes,No,Suburban,1
24,Male,3.77,13744.0,2,4.8,80.0,84.0,No,No,Yes,Urban,1
19,Male,3.32,35822.0,3,7.9,15.0,79.5,No,No,Yes,Suburban,0
16,Male,2.83,8414.0,5,2.4,44.0,81.8,No,No,No,Urban,0
25,Other,2.21,19626.0,4,5.6,3.0,93.8,No,Yes,No,Urban,0
20,Male,3.11,87412.0,7,5.7,58.0,70.5,No,No,Yes,Suburban,0
17,Female,3.6,51543.0,6,2.9,1.0,100.0,No,No,No,Urban,1
22,Male,3.19,21045.0,2,4.6,79.0,91.8,No,Yes,No,Urban,0
19,Female,1.11,82103.0,4,3.0,1.0,85.0,No,No,No,Rural,0
25,Male,3.48,23595.0,6,5.2,125.0,81.7,No,No,No,Suburban,1
18,Female,3.51,39505.0,3,4.7,22.0,83.8,Yes,No,No,Suburban,1
21,Male,2.83,6739.0,6,8.3,83.0,97.2,No,Yes,No,Urban,1
21,Male,3.54,21110.0,3,3.3,8.0,75.4,No,Yes,No,Urban,0
18,Female,3.35,48295.0,3,4.6,38.0,87.6,No,No,No,Urban,1
20,Female,2.62,46712.0,2,4.2,60.0,97.0,No,Yes,No,Urban,0
17,Female,3.7,29537.0,5,8.0,21.0,71.8,No,No,No,Suburban,1
22,Male,2.3,36714.0,5,3.9,1.0,83.0,No,Yes,No,Suburban,1
23,Male,2.97,65509.0,5,3.0,15.0,75.9,No,Yes,No,Suburban,0
25,Female,2.91,34621.0,4,3.3,76.0,77.7,No,No,No,Rural,0
19,Female,2.55,53698.0,2,3.3,9.0,89.7,No,No,Yes,Suburban,0
18,Female,3.17,25901.0,5,3.7,71.0,93.2,No,Yes,No,Rural,1
21,Male,3.72,39118.0,3,3.1,12.0,84.7,No,Yes,No,Urban,1
22,Male,3.69,6216.0,5,5.0,8.0,76.0,No,Yes,No,Urban,0
25,Female,3.4,27425.0,2,2.1,35.0,81.1,No,Yes,Yes,Urban,1
16,Female,2.07,42381.0,2,6.3,4.0,91.2,No,No,No,Suburban,0
18,Male,2.27,37499.0,5,5.1,29.0,87.7,No,No,No,Rural,0
18,Female,3.09,25875.0,6,8.6,10.0,78.6,No,Yes,No,Urban,1
18,Female,2.98,17689.0,3,6.0,134.0,84.1,Yes,No,No,Rural,1
20,Male,2.73,43391.0,8,5.8,72.0,94.2,Yes,No,No,Urban,1
24,Male,4.0,36580.0,7,9.4,2.0,89.6,No,No,No,Suburban,1
16,Female,3.06,50106.0,4,6.0,14.0,79.6,No,No,No,Urban,0
24,Male,3.3,22980.0,5,4.5,99.0,90.0,Yes,No,No,Urban,1
22,Female,3.54,58880.0,7,3.1,18.0,83.5,No,No,No,Suburban,0
22,Female,3.03,15405.0,3,8.2,21.0,82.8,No,Yes,No,Suburban,1
22,Male,4.0,10814.0,10,2.8,18.0,89.1,No,No,No,Urban,1
17,Female,2.48,87903.0,3,2.5,11.0,79.2,No,No,No,Suburban,0
23,Male,2.67,16255.0,5,2.5,8.0,84.5,No,No,No,Urban,0
18,Male,2.48,43659.0,3,3.3,13.0,96.4,No,Yes,No,Urban,1
21,Female,3.86,31864.0,6,5.1,29.0,100.0,Yes,Yes,No,Urban,1
22,Female,3.44,89271.0,3,4.4,4.0,74.3,No,No,No,Urban,0
22,Male,2.7,60423.0,5,6.2,33.0,81.0,No,No,No,Suburban,0
19,Female,2.52,11136.0,1,2.6,8.0,97.0,No,No,No,Rural,0
19,Female,3.76,106450.0,3,3.1,0.0,78.0,No,Yes,No,Suburban,0
20,Female,3.2,74756.0,6,5.3,27.0,87.0,No,No,No,Urban,1
16,Female,3.78,29013.0,4,2.9,167.0,100.0,No,Yes,Yes,Urban,1
23,Male,2.97,15263.0,3,2.0,199.0,82.2,No,Yes,No,Suburban,0
16,Male,3.28,45798.0,3,1.6,29.0,86.0,No,Yes,No,Suburban,0
20,Female,3.17,47595.0,1,4.9,9.0,77.7,No,Yes,No,Suburban,0
22,Male,2.66,7370.0,8,4.8,25.0,93.5,No,Yes,No,Rural,1
16,Female,2.92,43559.0,6,4.7,9.0,73.7,No,Yes,No,Urban,0
25,Male,2.35,70801.0,4,7.7,116.0,82.5,No,No,No,Rural,0
19,Male,3.27,41924.0,5,5.7,4.0,77.6,No,Yes,No,Suburban,1
16,Male,3.42,37233.0,1,5.0,12.0,85.4,No,No,No,Rural,1
22,Male,3.54,34064.0,6,8.0,11.0,100.0,No,No,No,Suburban,1
21,Male,3.37,20829.0,4,7.1,167.0,91.1,No,Yes,No,Rural,0
22,Female,2.93,80268.0,5,3.4,3.0,89.9,No,No,No,Suburban,0
23,Female,3.85,30257.0,5,6.8,3.0,90.4,No,No,No,Urban,1
20,Male,3.49,45772.0,4,8.9,133.0,87.8,No,Yes,No,Rural,1
24,Male,3.76,12794.0,1,8.9,24.0,98.3,No,Yes,Yes,Suburban,1
19,Female,3.8,36288.0,3,7.1,13.0,94.2,No,Yes,No,Urban,1
21,Male,2.93,55457.0,4,5.9,58.0,77.6,No,No,No,Rural,0
17,Female,3.21,29726.0,1,5.6,4.0,95.8,No,Yes,No,Urban,0
22,Female,3.43,30373.0,3,8.2,2.0,89.9,Yes,No,Yes,Urban,0
18,Female,2.37,39053.0,4,2.1,30.0,91.6,No,Yes,No,Suburban,0
22,Female,2.38,53972.0,3,7.8,16.0,71.9,No,No,No,Urban,0
24,Female,2.29,43340.0,1,5.3,25.0,88.0,No,Yes,No,Urban,0
24,Other,2.94,131529.0,4,3.0,11.0,86.9,No,No,No,Rural,0
25,Female,2.82,87966.0,4,2.4,10.0,82.5,No,No,No,Suburban,0
17,Male,2.21,25547.0,6,1.2,97.0,96.6,No,No,No,Urban,0
17,Male,3.08,77433.0,3,6.2,84.0,74.9,No,No,No,Urban,0
25,Male,2.95,7236.0,2,9.2,14.0,100.0,Yes,Yes,No,Urban,1
19,Male,3.65,31738.0,9,3.9,94.0,79.1,No,No,Yes,Suburban,1
16,Female,4.0,10311.0,1,3.1,28.0,91.8,No,No,No,Urban,1
18,Male,3.25,58070.0,3,7.7,37.0,89.7,No,Yes,No,Rural,1
24,Male,2.62,29735.0,3,5.2,10.0,97.3,No,No,No,Urban,0
19,Male,3.36,14476.0,2,7.8,2.0,100.0,No,No,No,Urban,1
16,Female,3.01,66246.0,6,2.9,166.0,84.5,No,No,No,Urban,0
23,Female,2.87,16273.0,3,6.4,32.0,89.4,No,No,No,Urban,0
17,Other,2.53,62075.0,4,9.0,34.0,84.6,No,No,No,Urban,0
19,Male,2.74,46778.0,4,2.7,41.0,80.3,Yes,No,No,Urban,0
16,Male,2.9,33931.0,4,4.3,11.0,88.3,No,No,No,Suburban,0
22,Other,3.44,72115.0,1,4.2,44.0,87.8,No,Yes,No,Suburban,0
20,Female,3.28,19015.0,1,6.6,35.0,88.1,No,No,No,Urban,0
24,Female,4.0,8455.0,2,7.8,21.0,85.0,No,Yes,Yes,Rural,1
19,Female,3.37,15416.0,2,3.5,38.0,90.7,No,Yes,No,Suburban,1
18,Male,3.23,130460.0,2,10.0,181.0,94.3,No,No,No,Urban,0
17,Female,2.83,21037.0,1,5.1,36.0,78.4,No,No,No,Urban,0
18,Female,2.43,28497.0,4,3.8,3.0,92.9,No,No,No,Urban,0
20,Female,2.69,100764.0,1,8.1,25.0,100.0,No,Yes,No,Urban,0
16,Female,2.62,28529.0,3,5.3,6.0,77.8,No,Yes,No,Suburban,0
20,Male,1.59,59169.0,1,4.2,3.0,89.2,No,No,No,Urban,0
24,Male,2.45,108158.0,3,3.8,16.0,91.6,No,No,No,Urban,0
23,Female,3.88,52887.0,8,9.6,36.0,94.3,No,No,No,Urban,1
22,Female,3.2,38356.0,9,2.8,63.0,95.2,No,No,Yes,Rural,1
24,Male,2.79,67676.0,2,7.5,11.0,97.6,No,No,No,Urban,0
23,Male,3.22,4900.0,1,3.2,73.0,89.1,No,No,No,Rural,1
22,Female,1.93,28247.0,5,3.6,24.0,80.0,No,No,No,Suburban,0
24,Male,3.16,88925.0,4,4.8,29.0,85.1,No,No,Yes,Suburban,0
17,Male,3.7,21254.0,5,6.0,30.0,99.5,No,No,No,Urban,1
24,Female,2.93,2630.0,4,1.4,36.0,81.0,No,Yes,No,Urban,1
18,Female,2.03,43194.0,5,3.8,25.0,92.2,No,No,No,Urban,0
23,Female,2.77,59643.0,1,7.3,8.0,94.8,No,Yes,Yes,Suburban,0
25,Female,3.7,31133.0,2,7.3,5.0,92.9,No,Yes,No,Suburban,1
20,Male,3.14,60170.0,3,4.4,2.0,95.4,No,No,No,Rural,1
16,Female,2.22,47001.0,3,2.4,55.0,87.7,No,Yes,No,Urban,1
19,Female,4.0,197448.0,1,5.5,32.0,87.2,Yes,No,No,Suburban,0
20,Female,2.31,68512.0,3,6.8,40.0,100.0,No,No,No,Suburban,0
25,Female,2.87,47032.0,5,5.4,94.0,100.0,No,No,No,Suburban,1
25,Male,2.43,6237.0,9,8.1,17.0,99.6,No,No,No,Urban,1
21,Male,2.43,22696.0,5,4.4,108.0,92.4,No,No,No,Suburban,1
25,Male,2.75,16573.0,1,2.1,39.0,83.4,No,No,No,Suburban,0
20,Male,3.35,99014.0,5,3.7,12.0,89.1,No,No,No,Rural,0
20,Other,3.71,14810.0,3,5.0,17.0,87.0,Yes,No,Yes,Suburban,1
24,Male,2.79,30744.0,5,3.5,198.0,96.8,No,Yes,No,Suburban,1
22,Female,2.44,50915.0,5,3.9,31.0,91.1,Yes,No,No,Urban,0
21,Male,3.26,26075.0,7,7.1,32.0,92.7,No,Yes,No,Urban,1
20,Male,3.28,29475.0,1,3.2,55.0,87.7,No,No,No,Suburban,0
23,Male,3.13,47033.0,2,2.1,18.0,68.0,No,No,No,Suburban,0
23,Male,3.15,21245.0,3,6.8,36.0,98.5,No,Yes,No,Urban,1
20,Female,2.94,43039.0,7,6.4,3.0,87.5,Yes,No,No,Rural,0
16,Other,3.05,66207.0,5,2.7,3.0,95.7,No,No,Yes,Rural,0
17,Male,2.9,23946.0,5,6.6,1.0,85.3,No,No,No,Urban,0
17,Other,3.59,16040.0,4,2.5,50.0,100.0,No,Yes,No,Suburban,1
20,Female,4.0,112963.0,6,3.4,110.0,83.7,No,No,No,Rural,1
22,Female,3.1,114006.0,10,2.6,196.0,87.4,No,No,No,Suburban,0
24,Male,3.0,37163.0,1,4.0,66.0,88.1,No,Yes,No,Suburban,0
18,Male,3.14,42121.0,5,6.2,84.0,75.9,No,No,No,Urban,0
23,Female,2.64,41854.0,3,5.6,32.0,91.3,No,No,No,Suburban,0
22,Female,3.42,28012.0,8,3.2,47.0,94.6,No,No,No,Urban,0
16,Male,3.24,36463.0,5,5.4,57.0,91.4,No,No,No,Urban,1
19,Female,2.77,6363.0,2,5.8,15.0,100.0,No,No,No,Suburban,1
19,Male,3.5,11955.0,2,7.1,34.0,80.9,No,Yes,No,Urban,1
24,Female,3.01,29612.0,6,5.8,14.0,74.2,No,No,No,Urban,0
25,Male,2.47,24125.0,7,6.6,42.0,78.5,No,No,No,Urban,1
24,Female,3.19,13627.0,6,5.1,16.0,88.7,No,No,No,Urban,0
21,Male,3.13,36371.0,3,3.2,127.0,97.6,No,No,No,Urban,0
20,Male,3.53,61381.0,7,5.4,49.0,89.4,Yes,No,Yes,Suburban,1
19,Female,3.46,21273.0,4,7.7,43.0,84.1,No,No,No,Rural,1
23,Male,2.94,4119.0,5,7.8,28.0,100.0,No,No,Yes,Suburban,1
16,Female,2.74,47049.0,3,0.0,49.0,87.1,No,Yes,Yes,Suburban,0
18,Female,3.0,30217.0,2,6.4,41.0,77.0,No,No,No,Urban,0
17,Male,3.2,68371.0,4,3.9,66.0,96.0,No,No,No,Rural,0
20,Male,3.27,11037.0,6,5.9,47.0,93.2,No,No,No,Urban,1
18,Female,3.17,15387.0,4,2.0,45.0,89.9,No,No,No,Rural,0
17,Female,2.95,28883.0,5,4.1,19.0,100.0,No,Yes,No,Rural,0
19,Female,3.55,18361.0,2,1.5,29.0,87.2,No,No,No,Rural,0
24,Male,2.63,82572.0,4,4.0,20.0,90.2,No,No,No,Rural,0
21,Female,4.0,11665.0,3,6.3,44.0,80.2,No,Yes,No,Rural,1
24,Female,3.42,28114.0,1,6.0,48.0,82.4,No,Yes,No,Rural,1
25,Female,2.38,129330.0,4,9.7,29.0,84.2,No,No,No,Suburban,0
25,Male,3.1,10807.0,3,3.9,5.0,93.5,No,No,Yes,Urban,0
19,Male,3.42,39061.0,3,3.1,126.0,82.6,No,Yes,No,Suburban,1
24,Female,2.81,30658.0,2,8.0,53.0,87.2,No,No,No,Suburban,1
25,Other,2.18,51989.0,4,1.2,116.0,86.2,No,No,No,Urban,0
25,Male,2.43,48376.0,6,5.4,15.0,87.6,No,Yes,No,Rural,1
19,Female,3.3,46216.0,7,6.1,60.0,81.9,No,Yes,Yes,Urban,1
18,Male,2.03,71524.0,1,0.0,6.0,86.3,No,No,Yes,Urban,0
21,Male,2.2,70298.0,2,2.6,13.0,78.8,No,Yes,No,Urban,0
25,Male,3.3,23882.0,2,2.0,40.0,87.7,No,No,No,Urban,1
25,Male,2.88,23155.0,5,6.8,51.0,87.8,No,Yes,No,Urban,0
21,Male,2.62,59530.0,6,3.6,12.0,88.6,No,Yes,No,Suburban,0
17,Male,2.73,43263.0,4,4.4,100.0,92.5,No,No,Yes,Suburban,0
20,Male,2.19,49138.0,1,1.5,29.0,100.0,No,No,No,Urban,0
23,Female,3.27,39488.0,5,3.2,45.0,74.7,No,Yes,No,Urban,0
21,Female,2.56,26616.0,3,3.3,5.0,85.0,No,No,No,Urban,0
19,Female,2.71,57473.0,2,4.5,62.0,80.7,No,No,Yes,Suburban,0
19,Male,3.19,20459.0,2,4.3,4.0,90.5,No,No,No,Suburban,1
16,Female,2.86,131137.0,1,8.2,29.0,93.7,No,No,No,Suburban,0
18,Male,2.61,123070.0,4,6.5,1.0,78.3,Yes,No,No,Rural,0
22,Female,1.91,150368.0,5,1.1,48.0,90.5,No,No,No,Urban,0
18,Female,3.2,45311.0,1,7.2,77.0,94.9,No,Yes,No,Urban,1
25,Male,3.04,29364.0,1,6.9,89.0,91.4,No,No,No,Suburban,1
16,Male,2.72,95456.0,1,5.1,53.0,85.3,No,Yes,No,Urban,1
21,Female,2.43,40143.0,7,7.2,49.0,93.4,No,Yes,No,Suburban,1
20,Female,3.01,68310.0,1,7.6,11.0,86.0,No,No,No,Suburban,0
24,Female,3.26,67989.0,8,3.9,38.0,95.2,No,No,No,Suburban,0
24,Other,3.05,20934.0,3,2.3,6.0,90.8,No,Yes,No,Urban,1
21,Female,3.9,56546.0,3,6.2,37.0,86.5,No,No,No,Urban,1
22,Male,3.39,65985.0,5,3.2,63.0,77.9,No,No,No,Urban,0
22,Female,2.94,36688.0,3,5.6,19.0,88.1,No,No,No,Suburban,0
21,Male,3.41,11835.0,9,2.7,95.0,79.4,No,No,No,Urban,1
17,Female,3.03,96911.0,4,7.1,59.0,79.3,No,Yes,No,Rural,0
20,Male,3.02,129265.0,3,3.3,36.0,85.2,No,No,No,Rural,0
18,Other,3.71,42012.0,6,4.5,68.0,87.4,No,Yes,No,Suburban,1
20,Female,2.51,31489.0,4,4.4,7.0,78.4,No,No,No,Suburban,0
22,Male,3.01,9929.0,2,1.9,37.0,86.7,No,No,No,Suburban,1
18,Male,3.65,43684.0,4,7.4,17.0,86.1,No,No,Yes,Suburban,1
18,Male,3.17,27800.0,3,7.8,52.0,83.2,No,Yes,No,Suburban,0
24,Female,2.8,9889.0,9,4.7,41.0,85.9,No,Yes,No,Urban,0
19,Female,2.06,72196.0,4,3.3,11.0,93.2,No,Yes,Yes,Urban,0
17,Male,1.75,58633.0,4,4.5,9.0,84.9,No,Yes,No,Rural,0
23,Male,4.0,25027.0,4,3.9,65.0,92.7,No,No,No,Rural,1
23,Female,3.17,113511.0,3,4.9,187.0,87.4,No,No,No,Urban,0
24,Male,2.68,37937.0,5,4.3,66.0,96.1,Yes,Yes,No,Suburban,0
23,Female,3.19,42579.0,3,3.0,94.0,94.5,No,No,No,Suburban,1
25,Male,2.48,34088.0,1,7.5,24.0,86.3,No,No,No,Suburban,0
21,Male,2.82,78868.0,3,4.5,0.0,82.6,No,Yes,Yes,Urban,0
18,Male,2.48,57197.0,3,9.2,58.0,91.9,No,Yes,No,Urban,0
24,Female,2.22,6295.0,6,5.2,133.0,83.8,Yes,No,Yes,Urban,0
18,Male,1.84,39993.0,1,4.1,7.0,75.5,No,No,No,Urban,0
18,Male,2.12,67567.0,4,4.4,6.0,93.9,Yes,Yes,No,Urban,0
24,Female,3.56,9913.0,3,4.2,1.0,83.1,No,No,No,Urban,1
24,Female,2.46,67088.0,7,4.8,64.0,71.4,No,Yes,No,Suburban,0
19,Male,3.29,58096.0,2,5.5,171.0,87.4,No,Yes,No,Urban,1
23,Male,3.53,17915.0,3,2.5,32.0,95.5,No,Yes,Yes,Suburban,1
25,Female,3.01,33220.0,2,2.8,69.0,83.3,No,No,No,Suburban,0
23,Male,2.84,13379.0,5,6.7,46.0,85.2,No,No,No,Rural,0
16,Female,3.07,25309.0,2,6.1,64.0,92.0,No,No,No,Suburban,0
22,Male,2.77,32813.0,3,1.5,38.0,84.4,No,No,No,Suburban,0
17,Male,3.66,61694.0,8,6.1,34.0,87.2,No,No,No,Urban,0
24,Male,4.0,70159.0,4,6.8,22.0,95.2,No,No,No,Suburban,1
16,Female,3.8,46654.0,1,5.6,12.0,93.4,No,Yes,Yes,Suburban,1
25,Male,1.82,31739.0,2,1.4,63.0,89.8,No,Yes,No,Urban,0
17,Male,2.76,65686.0,2,2.1,4.0,74.7,No,Yes,No,Rural,0
20,Male,3.0,42690.0,6,4.9,149.0,92.7,No,No,No,Urban,0
18,Female,3.25,50361.0,6,9.1,8.0,84.8,Yes,No,No,Rural,1
24,Male,2.05,72506.0,2,3.8,61.0,91.9,No,Yes,No,Suburban,0
19,Female,2.04,63046.0,4,6.3,12.0,75.9,No,Yes,Yes,Urban,0
23,Female,3.72,50121.0,4,3.6,13.0,95.5,No,No,No,Rural,0
16,Male,2.69,57158.0,5,8.7,97.0,81.3,No,No,No,Urban,0
20,Other,2.18,24918.0,5,5.1,49.0,91.4,No,Yes,No,Urban,0
25,Female,2.39,22310.0,9,2.3,300.0,95.5,No,No,No,Rural,0
25,Male,3.21,128135.0,2,3.2,9.0,91.1,No,Yes,Yes,Urban,1
18,Male,2.55,21332.0,3,3.0,71.0,91.1,No,Yes,No,Urban,1
19,Male,3.13,73003.0,2,5.3,19.0,88.7,No,Yes,No,Urban,1
20,Male,2.46,31396.0,2,3.5,9.0,78.2,No,No,No,Urban,0
21,Female,2.04,61390.0,1,3.9,2.0,98.6,Yes,Yes,No,Suburban,1
21,Female,3.78,5601.0,4,9.3,22.0,96.8,Yes,No,No,Urban,1
17,Female,3.22,12475.0,3,3.7,2.0,84.9,No,No,No,Urban,0
23,Male,2.82,75844.0,3,5.4,25.0,60.6,No,Yes,No,Rural,0
18,Male,2.71,8920.0,5,4.4,20.0,96.1,No,No,No,Suburban,0
19,Male,3.81,25215.0,6,4.9,115.0,73.4,No,Yes,No,Urban,1
24,Female,3.33,98270.0,3,6.5,82.0,92.3,Yes,No,No,Rural,1
22,Male,3.63,70216.0,3,0.2,43.0,82.2,No,No,No,Rural,0
19,Female,2.68,30116.0,6,5.3,105.0,91.8,No,Yes,No,Suburban,1
25,Female,3.03,21406.0,1,4.2,32.0,79.9,No,No,No,Suburban,0
19,Male,3.22,108090.0,5,5.4,4.0,88.0,No,No,No,Urban,0
21,Female,2.7,22956.0,1,4.6,36.0,74.3,No,No,No,Suburban,0
18,Female,2.95,48869.0,4,4.6,66.0,88.1,No,Yes,No,Urban,0
17,Female,2.68,92771.0,1,5.7,9.0,88.0,No,Yes,No,Rural,0
20,Male,3.22,54861.0,2,3.8,3.0,93.7,No,Yes,No,Urban,0
21,Male,2.27,92923.0,6,9.3,13.0,84.2,No,No,No,Urban,0
24,Female,3.31,29190.0,3,2.9,90.0,90.3,No,No,Yes,Rural,0
19,Male,3.17,16495.0,2,8.2,110.0,84.8,No,No,Yes,Suburban,1
24,Female,2.89,63116.0,6,2.3,3.0,91.6,No,Yes,No,Urban,1
22,Male,3.25,86210.0,4,4.4,5.0,91.1,No,No,No,Urban,0
16,Female,2.8,57237.0,1,5.7,41.0,95.0,No,No,No,Suburban,0
23,Female,2.63,19000.0,3,2.9,60.0,78.6,No,No,No,Suburban,0
21,Male,3.3,164082.0,6,2.8,23.0,87.3,No,No,Yes,Urban,0
19,Male,3.32,13401.0,4,4.4,23.0,90.3,No,No,No,Rural,0
20,Female,2.72,45294.0,3,7.0,49.0,100.0,No,No,Yes,Urban,0
19,Male,2.67,92498.0,3,5.2,36.0,100.0,No,No,Yes,Rural,0
22,Female,2.9,42202.0,1,9.2,39.0,77.1,No,No,No,Suburban,0
21,Female,2.7,63794.0,2,6.2,3.0,83.1,No,No,No,Urban,0
20,Male,3.84,8251.0,3,4.0,28.0,68.0,No,Yes,No,Urban,1
18,Female,3.17,62076.0,2,0.0,4.0,100.0,No,Yes,No,Suburban,0
19,Female,3.01,18070.0,3,1.6,20.0,90.5,No,No,Yes,Urban,0
20,Female,2.49,45822.0,1,4.4,18.0,92.6,No,Yes,No,Urban,0
20,Male,3.41,13042.0,8,1.6,25.0,85.5,No,Yes,No,Suburban,1
19,Male,2.66,66204.0,4,4.6,5.0,88.0,No,Yes,No,Urban,0
21,Male,2.64,56601.0,2,5.5,63.0,97.0,No,No,No,Suburban,0
18,Female,3.42,45418.0,4,4.4,8.0,79.6,No,No,No,Urban,1
21,Female,3.21,77270.0,4,4.4,121.0,79.0,No,Yes,No,Urban,0
17,Female,1.62,60602.0,5,9.3,50.0,86.1,No,No,No,Urban,0
20,Male,2.91,12645.0,3,5.1,73.0,88.1,No,No,No,Rural,1
23,Female,3.07,75823.0,2,4.7,14.0,92.4,Yes,Yes,No,Rural,1
24,Female,2.81,61255.0,4,2.8,44.0,88.2,No,Yes,No,Suburban,0
22,Female,3.09,21327.0,4,5.0,77.0,81.2,No,No,No,Urban,0
23,Male,2.0,40845.0,4,3.9,20.0,85.0,No,No,No,Rural,0
16,Female,1.44,28269.0,1,9.0,69.0,89.4,Yes,Yes,No,Urban,0
19,Male,2.46,138979.0,1,6.3,57.0,93.3,No,Yes,No,Suburban,0
22,Male,3.16,16230.0,6,8.1,99.0,96.0,No,Yes,No,Suburban,1
24,Female,1.23,29353.0,3,5.5,9.0,85.8,No,No,No,Suburban,0
21,Female,2.54,38778.0,6,7.7,7.0,82.3,No,No,No,Suburban,0
24,Male,1.94,44351.0,3,2.8,93.0,80.8,No,Yes,No,Suburban,0
18,Female,2.87,30134.0,3,5.5,17.0,97.3,No,Yes,No,Suburban,0
17,Other,4.0,43486.0,6,3.1,24.0,84.5,No,No,Yes,Urban,1
16,Male,2.88,57363.0,5,4.0,57.0,81.9,No,No,No,Rural,0
21,Female,2.94,23129.0,5,5.1,6.0,89.3,No,No,No,Suburban,1
22,Male,3.46,30171.0,6,2.9,34.0,100.0,Yes,Yes,Yes,Rural,1
18,Male,3.01,119871.0,2,1.8,16.0,80.6,No,No,No,Suburban,0
23,Male,2.88,76977.0,4,7.2,8.0,92.7,No,No,No,Rural,0
23,Female,3.51,75756.0,7,1.3,141.0,84.4,No,Yes,No,Urban,1
19,Male,3.26,12093.0,5,8.7,4.0,88.9,No,No,No,Urban,0
18,Male,3.16,132429.0,3,3.2,30.0,94.5,No,No,No,Urban,0
23,Female,2.92,37700.0,5,6.2,60.0,97.7,No,Yes,No,Urban,1
22,Female,2.81,81492.0,3,6.4,12.0,83.8,No,No,Yes,Rural,0
17,Female,3.5,46142.0,4,2.6,26.0,94.0,No,No,No,Urban,1
18,Female,2.81,8036.0,3,6.0,71.0,89.9,No,No,Yes,Urban,0
20,Male,3.68,31340.0,1,5.4,95.0,91.2,No,No,No,Urban,1
21,Male,2.42,77740.0,2,6.4,43.0,97.9,No,No,No,Urban,0
17,Female,3.79,79233.0,5,7.7,48.0,82.3,No,No,No,Suburban,1
25,Female,3.26,47502.0,6,6.8,76.0,94.2,Yes,Yes,No,Urban,1
19,Male,2.47,15719.0,2,3.1,50.0,89.3,No,Yes,No,Urban,1
19,Male,3.28,83028.0,4,4.7,4.0,97.5,No,No,No,Urban,1
16,Male,2.64,23101.0,3,3.2,5.0,91.3,Yes,Yes,No,Rural,0
24,Male,3.02,45852.0,5,3.7,22.0,86.8,No,Yes,No,Urban,0
18,Other,2.73,59806.0,7,6.1,49.0,95.0,No,No,No,Suburban,0
25,Female,2.93,63811.0,5,6.3,4.0,83.5,No,Yes,No,Suburban,0
20,Male,3.52,58359.0,3,6.3,10.0,84.8,No,Yes,No,Urban,1
24,Female,3.29,20253.0,2,5.6,36.0,82.0,No,Yes,No,Suburban,0
17,Female,2.38,29175.0,5,6.0,27.0,83.0,No,No,No,Urban,0
17,Male,2.41,19777.0,7,4.0,55.0,66.1,No,No,No,Urban,0
24,Male,3.15,67236.0,2,8.0,38.0,83.9,No,No,No,Urban,0
24,Female,3.19,61086.0,2,6.5,21.0,87.4,No,Yes,No,Rural,0
21,Male,2.63,22597.0,2,5.0,64.0,94.1,No,Yes,No,Suburban,0
16,Female,3.88,74065.0,2,7.5,43.0,80.6,No,No,No,Urban,1
25,Female,3.45,73782.0,2,3.9,15.0,84.0,No,No,No,Urban,0
19,Female,2.66,90635.0,2,5.3,48.0,86.6,No,No,No,Suburban,0
25,Other,2.6,59632.0,2,7.0,26.0,94.1,No,No,No,Urban,0
24,Female,2.87,62271.0,7,2.3,19.0,89.4,No,Yes,No,Urban,0
24,Female,2.82,30838.0,6,9.9,57.0,91.0,No,No,No,Urban,1
22,Male,3.69,36684.0,7,3.7,41.0,95.1,No,No,No,Urban,1
22,Female,3.54,84966.0,2,4.0,14.0,92.0,No,No,No,Urban,0
21,Female,3.02,25995.0,3,5.0,10.0,83.2,No,Yes,No,Urban,0
16,Female,3.37,21018.0,3,6.6,17.0,100.0,No,Yes,No,Suburban,1
19,Female,3.45,62705.0,2,6.8,58.0,72.8,No,No,No,Rural,0
23,Male,3.03,6711.0,5,8.3,7.0,95.2,No,Yes,No,Suburban,0
24,Female,3.22,24807.0,2,4.9,28.0,91.5,No,Yes,Yes,Rural,1
21,Female,3.33,92931.0,7,5.7,41.0,98.0,No,Yes,No,Suburban,0
23,Female,3.27,105207.0,7,1.6,25.0,86.1,No,No,No,Suburban,1
16,Female,2.57,79378.0,5,2.6,2.0,84.0,No,No,No,Rural,0
20,Female,2.63,44389.0,6,4.8,20.0,79.2,No,No,No,Suburban,0
21,Female,2.84,21133.0,6,5.8,30.0,79.5,No,No,Yes,Urban,0
24,Male,2.61,12679.0,6,4.9,65.0,86.7,No,Yes,No,Suburban,1
19,Male,2.19,32622.0,8,6.2,8.0,81.3,No,Yes,No,Urban,1
18,Female,3.37,12891.0,4,4.9,4.0,82.3,No,Yes,No,Urban,1
19,Female,3.19,128992.0,3,4.5,11.0,79.5,No,No,No,Urban,0
17,Female,2.26,31361.0,5,10.0,35.0,96.3,No,No,Yes,Urban,0
21,Male,2.87,34314.0,4,4.4,24.0,82.2,No,Yes,No,Rural,1
22,Male,2.9,70943.0,5,7.2,114.0,91.2,No,No,No,Rural,0
24,Male,3.1,10867.0,4,2.1,11.0,87.0,No,No,No,Suburban,1
25,Female,2.4,35028.0,3,5.3,45.0,90.8,No,No,Yes,Urban,0
16,Female,2.26,41788.0,7,3.5,8.0,85.9,No,No,No,Urban,0
18,Other,3.29,13236.0,3,9.4,7.0,94.2,No,Yes,No,Urban,1
19,Male,2.16,19908.0,7,3.8,31.0,92.9,No,No,Yes,Suburban,0
18,Female,2.87,26397.0,3,4.9,36.0,97.7,No,Yes,No,Suburban,0
24,Female,2.82,81388.0,4,3.2,61.0,82.7,No,Yes,Yes,Urban,0
17,Male,2.93,103138.0,3,3.1,71.0,81.2,No,Yes,No,Suburban,0
16,Other,3.14,57359.0,7,4.8,20.0,84.9,No,Yes,No,Urban,0
24,Female,3.88,39546.0,5,5.8,50.0,88.9,No,Yes,No,Suburban,1
25,Male,2.12,93105.0,5,7.3,52.0,92.2,No,No,No,Rural,0
18,Male,3.48,74355.0,6,3.7,69.0,83.0,No,No,No,Urban,0
19,Female,1.62,154104.0,1,3.7,25.0,89.6,No,No,No,Rural,0
21,Female,3.77,9128.0,3,7.8,29.0,86.5,No,No,No,Rural,1
21,Female,1.88,42827.0,4,8.5,74.0,85.9,No,No,No,Urban,0
25,Female,4.0,27543.0,8,4.8,122.0,87.9,No,Yes,No,Urban,1
20,Male,2.79,10745.0,5,6.0,79.0,100.0,No,Yes,No,Suburban,1
16,Female,3.71,43155.0,1,8.7,49.0,94.3,No,No,No,Rural,1
20,Female,3.6,144238.0,4,10.0,12.0,96.4,No,No,No,Suburban,0
21,Male,2.76,17070.0,5,5.9,74.0,90.9,No,Yes,No,Urban,1
21,Female,2.8,190441.0,2,6.7,21.0,100.0,No,No,Yes,Urban,0
21,Male,2.54,75525.0,3,5.3,55.0,95.1,No,No,No,Urban,0
25,Male,3.43,95532.0,4,1.7,8.0,76.6,No,No,No,Urban,0
24,Male,2.77,95077.0,7,5.8,100.0,93.8,No,No,No,Suburban,0
18,Female,2.55,57582.0,7,8.0,0.0,90.7,No,No,No,Rural,0
19,Male,3.3,31086.0,6,3.3,11.0,93.0,No,No,No,Rural,1
22,Male,2.51,12812.0,3,0.9,58.0,76.0,No,Yes,No,Urban,1
20,Female,2.82,17282.0,8,6.3,2.0,76.3,No,No,No,Rural,1
20,Male,3.06,62868.0,3,1.1,64.0,87.2,No,No,No,Urban,0
17,Female,2.65,32085.0,3,1.5,23.0,74.0,Yes,No,No,Urban,0
18,Female,2.73,19113.0,2,1.4,3.0,93.6,Yes,Yes,No,Urban,1
23,Male,3.84,51044.0,3,0.6,37.0,89.2,Yes,Yes,No,Suburban,1
24,Male,2.89,55242.0,3,7.3,45.0,100.0,No,No,No,Urban,1
23,Other,2.8,71161.0,2,5.3,53.0,91.0,Yes,Yes,No,Suburban,1
19,Male,2.9,22634.0,5,9.5,28.0,93.6,No,Yes,No,Urban,1
17,Male,3.25,39436.0,5,6.6,15.0,92.6,No,No,No,Urban,1
17,Female,2.43,23174.0,1,9.5,7.0,88.6,No,No,No,Urban,1
19,Female,3.23,14854.0,2,3.6,1.0,88.9,No,No,No,Urban,1
21,Female,3.14,85209.0,3,5.8,18.0,87.5,Yes,No,No,Urban,1
24,Female,2.02,81414.0,4,2.2,63.0,68.9,No,No,No,Urban,0
24,Female,3.99,9471.0,1,4.4,25.0,97.0,No,No,Yes,Suburban,1
16,Female,3.8,44679.0,10,8.2,105.0,97.1,No,No,No,Urban,1
23,Female,2.56,93460.0,2,4.9,21.0,94.9,No,Yes,No,Suburban,0
18,Female,2.38,72838.0,3,4.5,114.0,88.7,No,Yes,No,Urban,0
17,Female,3.13,20630.0,3,5.0,123.0,86.9,No,No,No,Urban,0
21,Female,2.22,100314.0,6,5.3,11.0,78.9,No,No,No,Rural,0
16,Male,3.75,93533.0,7,5.3,35.0,78.0,No,No,Yes,Urban,0
19,Female,2.74,53937.0,3,7.9,42.0,83.2,No,No,No,Urban,0
21,Female,3.89,35230.0,2,3.4,50.0,89.6,No,No,No,Suburban,0
18,Male,2.55,20379.0,4,4.5,146.0,91.0,No,No,No,Rural,0
21,Male,2.94,42917.0,3,5.2,41.0,83.9,No,No,No,Rural,0
20,Female,3.7,109818.0,8,3.0,10.0,77.6,No,No,No,Urban,0
23,Male,2.82,21046.0,5,4.0,18.0,82.7,No,Yes,No,Urban,0
17,Male,3.15,116183.0,5,6.7,41.0,87.0,No,No,No,Urban,0
16,Male,3.6,70484.0,3,3.2,3.0,75.5,No,No,No,Urban,0
21,Male,2.69,42892.0,1,10.0,129.0,89.5,No,No,No,Urban,0
18,Female,2.31,94078.0,2,8.6,86.0,100.0,Yes,Yes,No,Suburban,0
23,Male,2.2,41969.0,4,5.4,33.0,81.6,No,Yes,No,Rural,0
16,Male,3.32,37308.0,6,6.3,18.0,100.0,No,Yes,No,Urban,1
21,Female,3.21,82764.0,2,6.7,28.0,82.4,No,Yes,No,Suburban,0
25,Male,3.58,1656.0,6,6.2,68.0,86.2,No,No,No,Urban,1
16,Male,2.85,44222.0,3,5.2,49.0,91.9,No,No,No,Rural,0
19,Female,2.21,42060.0,5,10.0,26.0,87.6,Yes,No,No,Suburban,0
24,Female,1.71,27023.0,4,3.4,36.0,74.4,No,No,Yes,Suburban,0
21,Female,4.0,36737.0,4,4.1,32.0,90.0,No,Yes,No,Rural,1
17,Female,3.29,125316.0,3,5.2,9.0,88.6,No,No,Yes,Suburban,0
18,Female,3.08,3743.0,3,6.4,13.0,85.9,Yes,Yes,No,Rural,1
23,Male,3.15,20520.0,4,9.4,87.0,88.6,No,No,No,Suburban,1
24,Female,2.21,23812.0,3,5.0,24.0,91.5,No,Yes,No,Urban,0
19,Female,2.56,39636.0,8,6.3,18.0,80.9,No,Yes,No,Suburban,0
20,Male,3.96,34972.0,3,5.8,28.0,92.3,No,No,No,Urban,1
23,Female,3.36,49287.0,3,4.8,122.0,83.1,No,No,No,Rural,0
17,Male,2.58,6091.0,8,7.7,12.0,100.0,No,No,Yes,Urban,0
18,Female,2.33,48747.0,3,5.9,81.0,96.3,No,Yes,No,Suburban,0
23,Female,2.72,124690.0,7,7.2,12.0,80.0,No,Yes,No,Urban,0
17,Female,2.83,44187.0,1,4.4,48.0,97.8,No,Yes,No,Urban,0
23,Male,4.0,35910.0,6,3.8,21.0,91.3,No,No,No,Urban,1
20,Female,2.9,40403.0,7,4.2,230.0,92.2,No,No,No,Urban,0
25,Female,2.35,32377.0,3,5.7,6.0,86.5,No,No,No,Urban,0
16,Male,2.97,70449.0,3,7.5,23.0,85.3,No,No,No,Suburban,0
25,Male,3.15,54408.0,2,9.6,102.0,85.8,No,No,No,Urban,1
18,Female,2.3,51816.0,3,5.4,13.0,80.4,No,Yes,No,Rural,0
16,Male,3.22,94068.0,7,9.1,1.0,73.0,No,No,No,Urban,0
23,Female,3.66,70951.0,1,6.4,23.0,82.9,No,No,No,Urban,0
21,Female,3.08,3750.0,7,3.5,30.0,82.9,No,No,Yes,Urban,1
24,Male,2.56,31840.0,2,5.3,24.0,79.3,No,Yes,No,Suburban,1
17,Female,2.71,14151.0,3,6.7,6.0,92.7,No,No,No,Urban,0
16,Male,2.09,23149.0,2,6.9,25.0,90.0,No,No,No,Rural,0
21,Female,2.93,27415.0,1,3.9,18.0,83.3,No,No,No,Suburban,0
24,Female,3.17,22507.0,6,4.2,7.0,85.5,No,No,No,Urban,0
20,Male,2.51,73095.0,2,4.3,49.0,89.8,No,Yes,No,Rural,0
23,Female,4.0,65253.0,6,4.6,110.0,82.2,Yes,No,No,Suburban,1
25,Female,3.44,31733.0,5,5.7,71.0,67.6,No,No,No,Urban,0
24,Other,2.01,63594.0,6,9.2,93.0,97.6,No,No,No,Urban,0
21,Male,2.03,58094.0,2,4.1,17.0,87.1,No,No,No,Suburban,0
22,Female,2.46,46820.0,5,1.4,69.0,90.2,No,Yes,No,Urban,0
21,Female,3.87,38588.0,2,1.3,14.0,89.4,No,Yes,No,Suburban,1
22,Male,3.49,78182.0,3,6.8,73.0,76.5,Yes,Yes,No,Urban,1
21,Female,3.89,42022.0,6,3.8,56.0,82.5,No,Yes,No,Urban,1
21,Male,3.01,50734.0,3,5.6,85.0,87.9,No,No,Yes,Suburban,0
20,Female,2.88,48329.0,5,3.4,13.0,86.4,No,No,No,Urban,0
22,Male,2.31,28226.0,1,4.7,17.0,78.9,No,Yes,No,Rural,0
23,Other,3.19,27021.0,2,4.3,5.0,90.7,No,Yes,Yes,Rural,1
25,Male,2.89,36703.0,3,3.5,22.0,92.6,No,No,No,Urban,0
22,Male,2.87,72231.0,4,7.7,35.0,85.0,No,No,No,Urban,0
17,Female,3.89,39564.0,5,7.9,44.0,96.0,No,No,No,Urban,1
21,Female,2.93,7666.0,2,6.4,2.0,92.3,No,Yes,No,Urban,1
19,Female,3.73,54241.0,3,9.5,4.0,91.1,No,No,No,Rural,1
16,Female,2.13,29226.0,3,2.1,100.0,84.0,No,No,No,Suburban,0
16,Male,4.0,22310.0,4,4.5,41.0,86.6,Yes,No,No,Urban,1
21,Female,2.79,67727.0,6,4.2,5.0,94.7,No,No,No,Suburban,0
25,Male,3.39,67407.0,1,6.6,86.0,76.4,No,No,No,Urban,0
21,Male,3.48,47104.0,6,2.2,38.0,76.9,No,No,Yes,Rural,0
20,Female,2.73,34784.0,2,6.5,106.0,84.7,No,No,No,Rural,0
16,Female,3.45,30169.0,2,1.8,70.0,87.8,No,No,No,Suburban,0
22,Male,3.48,14313.0,5,6.6,90.0,87.2,No,No,Yes,Urban,0
16,Male,2.61,3825.0,4,7.5,78.0,92.2,Yes,Yes,No,Urban,1
24,Female,2.61,31816.0,4,2.5,1.0,89.9,No,Yes,No,Suburban,0
24,Male,3.02,32350.0,3,4.2,5.0,88.2,No,No,No,Suburban,0
25,Male,2.94,21057.0,3,7.6,179.0,85.6,No,No,No,Rural,1
18,Male,3.77,93795.0,3,8.1,14.0,94.5,No,No,No,Urban,0
17,Male,3.39,28421.0,5,1.9,38.0,97.6,No,Yes,No,Urban,1
18,Male,2.96,46705.0,3,5.8,16.0,85.6,No,Yes,No,Suburban,1
23,Other,3.33,53607.0,6,6.4,14.0,91.1,No,No,No,Suburban,1
18,Male,1.87,58750.0,2,5.0,11.0,85.9,No,Yes,No,Suburban,0
24,Female,2.66,25683.0,4,8.2,8.0,78.3,No,No,Yes,Suburban,0
17,Female,3.16,34085.0,3,3.8,5.0,74.7,No,No,No,Suburban,1
16,Female,3.61,43476.0,1,4.1,155.0,97.4,No,Yes,Yes,Urban,1
18,Female,3.11,25807.0,3,3.5,19.0,94.4,No,No,No,Urban,0
23,Female,3.8,88065.0,4,5.5,23.0,91.2,No,No,Yes,Rural,1
22,Female,3.48,160190.0,3,4.4,3.0,96.0,No,No,No,Suburban,0
19,Female,2.73,52567.0,4,6.9,112.0,81.6,No,No,No,Suburban,1
22,Female,2.92,52213.0,5,4.2,28.0,95.1,Yes,No,No,Suburban,0
22,Female,3.22,84002.0,1,4.6,68.0,90.8,No,No,No,Urban,0
21,Female,2.75,72521.0,3,5.6,15.0,84.6,No,No,No,Rural,0
21,Male,3.84,42155.0,1,3.3,64.0,69.6,No,Yes,Yes,Rural,1
17,Female,2.39,119492.0,4,7.4,90.0,76.6,No,No,No,Urban,0
18,Female,3.17,26800.0,3,6.6,21.0,100.0,Yes,No,No,Urban,1
21,Male,3.4,68172.0,3,6.6,103.0,100.0,No,No,No,Urban,1
17,Female,2.83,33872.0,4,2.9,38.0,76.7,No,No,No,Urban,0
20,Male,2.7,56853.0,6,8.5,1.0,72.0,No,No,No,Rural,0
17,Male,2.96,31385.0,7,1.0,35.0,98.4,No,No,No,Suburban,0
23,Female,3.45,117017.0,4,6.7,47.0,87.4,No,No,No,Urban,0
17,Male,2.73,86706.0,4,5.4,22.0,82.2,No,No,Yes,Suburban,0
16,Male,2.41,54883.0,2,6.6,24.0,78.1,No,Yes,Yes,Rural,0
22,Male,3.63,73311.0,6,4.6,11.0,78.1,No,Yes,No,Rural,1
18,Female,3.22,21144.0,4,5.3,35.0,98.4,No,No,No,Suburban,1
19,Male,3.55,12164.0,5,6.7,12.0,90.0,No,No,No,Urban,1
19,Female,3.42,26021.0,3,5.1,3.0,73.7,No,No,No,Suburban,0
18,Female,4.0,114902.0,3,5.6,23.0,82.4,No,No,No,Urban,1
23,Female,3.61,31296.0,5,5.7,77.0,100.0,No,No,No,Suburban,1
22,Female,2.6,76433.0,7,10.0,20.0,90.4,No,No,No,Urban,0
18,Female,3.26,36181.0,7,1.6,22.0,76.8,No,No,No,Suburban,0
22,Male,2.69,37843.0,5,8.0,37.0,82.8,No,Yes,No,Rural,1
23,Female,2.75,31636.0,2,6.1,21.0,87.1,No,No,No,Suburban,0
21,Female,2.22,30037.0,7,5.8,5.0,95.6,No,No,No,Urban,0
21,Male,2.84,72833.0,4,2.3,4.0,87.2,No,Yes,No,Rural,0
25,Male,3.3,30399.0,3,7.7,70.0,99.0,No,No,Yes,Suburban,1
20,Female,2.96,29766.0,3,2.6,75.0,90.1,Yes,No,Yes,Urban,0
19,Male,2.4,42507.0,6,8.4,74.0,69.7,No,Yes,No,Urban,0
21,Female,2.16,34142.0,6,3.9,70.0,92.3,No,Yes,No,Suburban,1
24,Male,4.0,22618.0,1,8.4,30.0,86.5,Yes,Yes,No,Urban,1
23,Female,3.18,67579.0,5,3.6,78.0,84.0,No,No,No,Urban,0
16,Male,2.55,49561.0,3,3.1,75.0,91.2,No,No,Yes,Suburban,0
20,Female,3.25,28934.0,5,4.9,3.0,86.0,No,No,No,Rural,0
23,Male,4.0,22672.0,5,3.5,34.0,89.6,No,No,Yes,Rural,1
18,Male,3.34,85101.0,3,4.6,39.0,83.8,No,No,No,Suburban,1
25,Male,1.47,15700.0,2,8.8,34.0,83.5,No,No,No,Rural,0
24,Female,4.0,61777.0,6,3.9,20.0,96.9,No,Yes,No,Suburban,1
24,Female,1.98,7373.0,4,5.5,40.0,88.9,Yes,No,No,Rural,0
16,Female,2.89,45553.0,3,8.6,63.0,91.3,Yes,Yes,No,Urban,1
21,Male,2.38,46464.0,7,5.6,37.0,83.4,No,No,No,Urban,0
21,Female,2.59,13339.0,3,7.6,14.0,96.5,No,No,No,Rural,0
22,Male,3.16,14344.0,6,6.3,78.0,89.6,No,No,No,Suburban,1
24,Male,1.86,47596.0,4,7.3,5.0,85.3,No,No,No,Rural,0
19,Female,2.95,13961.0,3,5.0,83.0,98.1,No,No,No,Suburban,1
21,Female,3.63,96899.0,5,6.4,19.0,85.3,No,Yes,No,Urban,1
22,Female,2.54,29219.0,6,9.1,32.0,89.4,No,Yes,No,Suburban,1
23,Male,2.24,107809.0,4,4.4,13.0,78.4,No,No,No,Suburban,0
23,Male,2.92,93096.0,1,6.0,67.0,83.0,No,Yes,No,Suburban,0
19,Female,2.81,38951.0,10,3.6,1.0,94.2,No,Yes,Yes,Urban,1
25,Male,2.67,48698.0,1,7.4,114.0,87.6,No,No,No,Suburban,0
16,Male,2.35,81801.0,5,1.4,49.0,88.7,No,No,No,Urban,0
20,Other,3.29,18032.0,4,4.5,22.0,87.3,No,Yes,No,Rural,1
22,Female,3.33,31256.0,3,7.3,16.0,87.6,No,No,No,Rural,1
16,Male,2.41,106083.0,1,4.8,11.0,83.7,No,No,No,Suburban,0
20,Male,2.49,75687.0,5,1.2,6.0,84.2,No,No,Yes,Urban,0
21,Female,3.08,35506.0,7,3.4,54.0,85.6,No,No,Yes,Suburban,0
22,Male,2.47,48995.0,2,3.6,18.0,85.7,No,No,No,Rural,0
17,Male,3.1,25396.0,4,8.6,11.0,91.7,No,Yes,No,Urban,1
18,Male,3.81,33301.0,5,6.9,26.0,91.4,No,No,No,Rural,0
18,Female,2.97,61124.0,5,7.1,5.0,98.5,No,No,No,Urban,0
22,Female,2.33,33386.0,7,2.4,47.0,93.5,No,Yes,No,Urban,1
19,Male,3.22,67738.0,3,5.1,150.0,80.9,No,Yes,No,Rural,1
21,Male,2.9,13971.0,4,8.5,71.0,82.6,No,No,No,Urban,1
23,Female,2.92,60655.0,5,7.1,12.0,95.4,Yes,No,No,Urban,0
23,Female,3.26,19802.0,2,4.0,19.0,93.3,No,No,No,Urban,0
17,Female,3.38,38168.0,8,6.8,44.0,96.3,No,No,Yes,Suburban,1
25,Male,3.02,24210.0,8,2.3,78.0,88.0,No,Yes,No,Suburban,1
17,Female,2.97,60765.0,3,3.2,15.0,85.9,No,Yes,No,Suburban,0
16,Female,4.0,15266.0,8,1.0,15.0,90.7,No,Yes,No,Rural,1
16,Female,3.66,68277.0,5,4.9,21.0,77.0,No,No,Yes,Urban,0
18,Male,3.46,42190.0,4,6.5,54.0,86.4,No,Yes,No,Rural,0
24,Female,3.07,35833.0,2,3.0,10.0,100.0,No,Yes,No,Urban,1
18,Male,2.45,26825.0,3,4.9,54.0,85.4,No,No,No,Urban,0
22,Male,3.62,30838.0,8,3.3,30.0,87.9,No,No,No,Urban,1
20,Male,3.08,91767.0,4,3.8,85.0,86.4,No,Yes,No,Rural,0
16,Female,2.68,26400.0,4,2.8,20.0,100.0,Yes,Yes,No,Suburban,1
20,Male,2.87,92202.0,2,7.8,10.0,78.5,No,No,No,Suburban,0
16,Female,2.47,111484.0,5,3.6,13.0,93.4,No,Yes,No,Suburban,0
20,Female,3.58,35245.0,4,4.6,164.0,84.8,No,Yes,Yes,Suburban,1
21,Female,3.38,12156.0,5,4.0,38.0,82.8,No,Yes,No,Urban,1
21,Male,3.1,77955.0,1,5.8,26.0,74.6,No,No,No,Rural,0
18,Female,2.98,77392.0,4,10.0,64.0,100.0,No,No,No,Suburban,0
23,Male,2.63,93054.0,5,10.0,51.0,93.8,No,No,No,Urban,0
21,Male,1.83,40138.0,6,4.6,6.0,77.4,No,No,No,Suburban,0
18,Male,2.22,52402.0,4,6.0,23.0,77.9,No,No,No,Rural,0
20,Male,2.59,30547.0,2,7.2,39.0,82.8,No,No,No,Suburban,0
17,Female,2.51,29568.0,3,7.9,46.0,92.0,No,Yes,No,Suburban,1
25,Male,3.16,50583.0,6,6.5,44.0,87.0,No,Yes,No,Rural,1
23,Male,3.45,82285.0,5,7.5,101.0,80.7,No,No,No,Rural,0
18,Other,2.93,70901.0,6,6.0,47.0,87.4,No,Yes,No,Urban,0
22,Male,3.77,43508.0,4,3.7,21.0,98.1,No,Yes,Yes,Rural,1
22,Male,2.57,86721.0,5,7.5,4.0,92.8,No,Yes,No,Rural,0
22,Male,2.93,15591.0,2,5.4,15.0,73.5,No,Yes,No,Rural,0
16,Male,2.97,170164.0,3,5.9,82.0,79.6,No,No,No,Suburban,0
24,Female,3.6,17040.0,5,2.1,25.0,87.0,No,No,Yes,Urban,1
25,Male,3.06,41045.0,6,3.4,36.0,89.1,No,Yes,No,Suburban,1
25,Male,3.07,50047.0,5,4.3,7.0,98.5,No,No,Yes,Suburban,0
25,Female,2.09,51356.0,4,6.3,1.0,87.9,No,Yes,No,Urban,0
25,Male,2.51,81256.0,7,9.1,0.0,92.3,No,No,No,Rural,0
23,Female,3.6,22210.0,4,6.8,12.0,70.5,No,No,No,Suburban,0
16,Other,1.86,53697.0,3,4.7,62.0,84.8,No,No,No,Urban,0
20,Male,3.74,67153.0,6,2.9,99.0,93.6,No,Yes,No,Urban,1
18,Male,3.27,88818.0,4,7.9,1.0,100.0,No,No,Yes,Suburban,0
18,Male,2.59,34966.0,6,5.8,39.0,77.3,No,Yes,No,Urban,0
24,Male,2.54,46936.0,1,0.0,59.0,86.6,No,Yes,No,Suburban,0
24,Female,4.0,42625.0,2,7.4,7.0,73.9,No,No,No,Suburban,0
21,Female,3.78,65037.0,7,5.9,5.0,86.4,No,No,Yes,Suburban,1
23,Male,2.93,65318.0,3,0.4,246.0,96.3,No,Yes,No,Rural,0
17,Male,3.07,33927.0,1,6.5,23.0,95.4,No,No,No,Rural,1
18,Male,2.64,42060.0,6,5.3,55.0,87.6,No,No,No,Suburban,0
24,Other,3.07,44255.0,2,2.2,81.0,85.9,No,No,No,Rural,0
20,Female,2.63,19430.0,1,9.6,132.0,100.0,No,Yes,No,Urban,1
21,Male,2.96,55709.0,3,6.1,6.0,86.3,No,Yes,No,Rural,0
20,Female,4.0,54267.0,5,4.0,34.0,83.6,No,No,No,Suburban,1
18,Male,2.95,19594.0,6,3.4,65.0,83.5,No,No,No,Rural,0
24,Female,2.42,58211.0,4,4.7,11.0,76.2,No,No,No,Suburban,0
23,Female,2.25,185203.0,6,4.8,43.0,91.5,No,Yes,No,Suburban,0
22,Female,3.07,24228.0,1,6.4,7.0,93.2,No,Yes,No,Suburban,1
19,Male,2.58,19432.0,2,4.6,69.0,92.9,No,Yes,No,Rural,0
22,Male,3.14,66597.0,2,4.2,26.0,94.2,No,Yes,No,Rural,1
25,Other,2.11,33773.0,3,5.5,22.0,83.2,No,No,No,Urban,0
22,Male,3.38,81422.0,4,4.1,7.0,86.7,Yes,Yes,No,Suburban,1
20,Male,2.42,40679.0,3,4.9,18.0,97.2,No,No,No,Suburban,0
18,Female,3.03,28011.0,4,8.1,37.0,84.2,No,No,No,Urban,0
21,Female,2.81,40214.0,5,4.0,63.0,83.5,No,No,No,Urban,0
19,Female,3.95,65307.0,9,4.7,16.0,95.9,No,No,No,Rural,1
22,Female,3.09,63853.0,1,3.3,17.0,81.6,Yes,No,No,Rural,0
16,Female,4.0,14187.0,6,7.4,7.0,78.8,No,Yes,No,Urban,1
17,Male,3.31,65183.0,6,1.3,87.0,79.6,No,No,No,Urban,1
23,Female,3.78,45150.0,6,3.2,29.0,100.0,No,Yes,No,Urban,1
19,Female,2.89,47740.0,7,6.6,14.0,96.0,No,Yes,No,Urban,1
20,Female,3.19,55737.0,5,4.7,94.0,93.0,No,No,No,Rural,1
21,Male,3.67,19142.0,4,6.9,34.0,80.5,No,Yes,No,Urban,1
20,Male,3.5,13689.0,6,4.6,9.0,92.0,No,Yes,Yes,Suburban,1
23,Female,3.29,14605.0,3,3.5,13.0,100.0,No,No,No,Rural,1
18,Male,2.82,78225.0,3,4.7,6.0,90.9,Yes,No,No,Suburban,0
23,Male,2.91,77809.0,1,2.2,67.0,79.1,No,No,No,Rural,0
18,Female,3.63,5130.0,3,3.2,44.0,92.3,No,No,No,Urban,1
19,Female,3.74,41994.0,7,7.0,30.0,86.7,No,No,No,Rural,1
21,Male,2.67,29921.0,6,4.4,49.0,89.1,No,No,Yes,Rural,1
24,Male,2.59,21127.0,1,4.9,20.0,80.3,No,No,No,Suburban,0
18,Male,2.5,88157.0,7,5.3,53.0,81.9,No,No,No,Rural,0
21,Female,3.46,99402.0,2,1.5,41.0,84.2,No,No,No,Rural,0
16,Female,2.49,49309.0,4,1.6,36.0,81.8,No,No,No,Rural,0
16,Male,3.45,28600.0,4,5.8,8.0,87.5,No,No,No,Suburban,1
23,Male,3.3,32500.0,1,4.1,34.0,82.5,No,No,No,Rural,0
23,Male,2.7,18398.0,4,4.5,91.0,100.0,No,Yes,No,Urban,0
19,Male,3.86,32117.0,4,6.4,21.0,91.9,No,Yes,No,Suburban,1
22,Male,2.2,23336.0,4,2.9,8.0,94.1,No,Yes,No,Rural,0
19,Female,3.91,95315.0,6,3.8,16.0,86.9,No,No,Yes,Rural,1
18,Male,3.18,9668.0,3,4.2,26.0,72.0,No,Yes,Yes,Rural,1
20,Male,1.86,72575.0,2,5.7,35.0,94.7,No,Yes,No,Urban,0
19,Male,3.88,22147.0,5,4.2,15.0,87.1,No,Yes,No,Rural,1
24,Male,3.53,64799.0,3,3.6,9.0,91.3,Yes,No,No,Suburban,1
20,Male,2.76,39033.0,3,8.7,39.0,87.4,No,Yes,Yes,Rural,1
19,Male,2.47,73312.0,3,5.1,26.0,70.2,No,No,No,Suburban,0
21,Male,2.14,15203.0,4,6.4,16.0,84.6,Yes,No,No,Urban,1
23,Male,4.0,27647.0,3,1.0,24.0,81.4,No,Yes,No,Rural,1
18,Female,2.49,33950.0,5,2.2,10.0,89.7,No,Yes,No,Suburban,0
25,Male,2.31,44839.0,4,6.3,63.0,91.7,No,No,No,Urban,0
20,Female,3.15,44380.0,8,4.5,2.0,100.0,No,No,No,Urban,1
22,Female,2.1,18256.0,3,4.2,38.0,91.7,Yes,No,No,Urban,0
25,Male,2.46,14298.0,5,2.9,27.0,83.5,No,No,No,Urban,0
20,Male,3.55,35465.0,2,7.1,77.0,84.6,No,Yes,Yes,Urban,1
17,Male,3.26,40922.0,2,6.4,67.0,92.1,No,Yes,Yes,Suburban,0
23,Male,2.79,34089.0,5,4.9,62.0,94.8,No,No,No,Urban,1
16,Female,3.01,9643.0,1,5.5,3.0,78.0,No,Yes,Yes,Urban,1
20,Male,2.76,42159.0,2,4.3,66.0,86.0,Yes,Yes,No,Suburban,1
25,Female,2.97,57652.0,6,3.5,18.0,86.8,No,No,No,Urban,0
20,Female,2.58,49252.0,3,3.9,22.0,75.1,No,No,No,Urban,0
22,Female,2.68,38047.0,3,6.7,1.0,93.8,No,Yes,No,Urban,1
21,Female,2.66,46590.0,6,4.1,28.0,89.8,Yes,No,No,Suburban,0
18,Female,2.6,23999.0,4,5.1,9.0,86.4,No,No,No,Rural,0
19,Female,3.57,88209.0,2,4.1,60.0,89.9,No,No,No,Rural,0
21,Other,3.42,29492.0,2,7.1,84.0,93.2,Yes,No,No,Urban,1
17,Male,2.49,58851.0,3,3.6,13.0,100.0,No,No,No,Suburban,0
20,Male,2.34,106513.0,8,8.4,23.0,93.2,No,No,No,Suburban,0
20,Male,2.91,36986.0,6,3.7,29.0,78.8,No,No,Yes,Urban,0
24,Male,4.0,75378.0,2,3.7,71.0,100.0,No,Yes,No,Urban,1
17,Female,2.43,29001.0,4,9.4,8.0,79.0,No,No,Yes,Suburban,0
24,Male,2.91,75813.0,2,2.7,31.0,91.1,No,No,No,Rural,0
20,Female,3.05,95431.0,2,4.9,149.0,86.3,No,No,No,Urban,0
22,Female,2.94,22558.0,4,7.2,22.0,87.1,No,No,No,Urban,0
21,Male,2.75,70676.0,3,1.6,22.0,91.0,No,Yes,No,Urban,0
18,Female,3.64,108985.0,7,5.6,62.0,91.6,No,No,No,Suburban,0
25,Male,3.25,51859.0,2,1.6,29.0,99.0,No,No,No,Urban,0
18,Female,3.47,84565.0,4,5.1,36.0,82.7,No,No,No,Suburban,0
16,Female,3.32,96798.0,3,9.5,40.0,91.2,No,Yes,No,Urban,1
23,Male,3.49,77302.0,6,0.0,4.0,92.9,No,No,No,Rural,0
22,Female,3.87,24444.0,3,4.8,21.0,100.0,No,No,Yes,Suburban,1
24,Male,3.73,56616.0,4,4.0,19.0,92.0,No,Yes,No,Suburban,1
20,Female,4.0,61259.0,3,2.8,35.0,78.8,Yes,No,No,Suburban,1
16,Female,3.67,8482.0,5,1.6,11.0,99.0,Yes,No,No,Suburban,1
16,Male,2.63,39134.0,3,7.4,9.0,84.5,No,Yes,No,Suburban,1
20,Female,3.47,46774.0,5,5.4,36.0,81.1,No,No,No,Rural,1
18,Female,3.39,58337.0,3,0.9,43.0,98.6,No,No,No,Rural,1
25,Female,4.0,19770.0,3,2.9,26.0,89.1,No,Yes,No,Suburban,1
17,Female,2.47,36980.0,5,3.8,20.0,86.4,No,Yes,No,Urban,0
24,Female,3.31,49246.0,10,1.5,14.0,100.0,No,No,No,Rural,0
18,Male,2.63,31724.0,3,5.2,35.0,83.9,No,No,No,Rural,0
17,Female,3.28,8290.0,5,5.6,34.0,83.8,No,No,No,Urban,1
18,Female,2.88,90825.0,3,5.5,47.0,92.0,No,No,No,Suburban,0
17,Male,3.26,133366.0,2,9.4,0.0,69.9,No,No,No,Suburban,0
20,Male,2.22,53728.0,3,2.9,18.0,89.3,No,No,No,Suburban,0
19,Male,3.44,54398.0,7,4.0,15.0,88.6,No,Yes,No,Suburban,1
21,Male,3.11,41172.0,3,3.8,18.0,81.2,No,Yes,No,Urban,0
21,Male,3.08,14463.0,4,6.9,11.0,87.9,No,No,Yes,Suburban,0
16,Male,4.0,10707.0,5,6.6,85.0,90.1,No,No,No,Urban,1
17,Female,2.79,2763.0,4,2.5,3.0,87.7,No,Yes,No,Rural,0
17,Male,3.19,86438.0,4,8.2,2.0,94.5,No,No,No,Rural,1
17,Male,3.06,124378.0,6,3.0,11.0,90.2,No,Yes,No,Urban,1
16,Female,3.11,57242.0,3,6.9,0.0,86.6,No,No,No,Urban,0
19,Male,4.0,31434.0,5,6.7,7.0,93.6,No,No,No,Suburban,1
21,Male,3.04,36966.0,2,5.9,3.0,90.1,No,No,Yes,Suburban,1
19,Female,2.69,62761.0,6,4.3,40.0,100.0,No,No,No,Suburban,0
19,Other,4.0,83594.0,2,4.3,2.0,96.2,No,No,No,Rural,1
20,Female,2.83,41711.0,4,6.1,65.0,83.8,No,Yes,No,Suburban,0
21,Male,2.12,33458.0,2,6.2,32.0,74.2,No,No,No,Suburban,0
19,Male,2.59,19513.0,5,6.6,58.0,82.6,No,Yes,Yes,Suburban,0
18,Other,2.31,28864.0,2,6.6,43.0,71.7,No,No,No,Rural,0
20,Female,2.01,60263.0,2,5.8,37.0,93.3,No,Yes,No,Suburban,0
16,Female,2.8,51422.0,3,8.1,65.0,85.7,No,No,No,Suburban,1
20,Female,2.96,48529.0,3,3.7,11.0,81.9,No,Yes,No,Rural,0
25,Male,3.65,20113.0,3,5.1,35.0,92.8,Yes,Yes,No,Urban,1
19,Male,3.35,35625.0,1,3.8,26.0,85.0,Yes,No,Yes,Suburban,0
17,Female,3.32,71288.0,6,10.0,3.0,91.2,No,Yes,No,Suburban,1
23,Female,2.51,103611.0,1,6.7,15.0,85.9,No,No,No,Suburban,0
17,Male,3.49,68981.0,8,7.2,40.0,88.6,No,No,No,Rural,1
17,Female,3.77,83389.0,6,6.0,4.0,98.3,No,No,No,Rural,1
17,Male,3.22,8524.0,6,4.9,31.0,95.3,No,No,No,Urban,1
24,Female,3.23,92664.0,3,10.0,20.0,99.5,No,Yes,No,Rural,1
25,Male,2.3,56712.0,6,7.7,63.0,90.8,No,No,No,Suburban,0
21,Female,3.58,48855.0,1,4.3,79.0,73.5,Yes,No,No,Urban,1
22,Male,3.98,52253.0,3,4.4,1.0,82.5,No,Yes,No,Urban,1
22,Female,3.18,116460.0,1,5.5,16.0,75.1,No,No,No,Urban,0
22,Female,2.67,30515.0,2,3.8,82.0,95.3,No,No,No,Rural,0
21,Male,2.91,52288.0,3,4.2,16.0,88.1,No,No,No,Suburban,0
25,Female,2.77,38758.0,3,1.7,30.0,98.1,No,Yes,No,Suburban,0
23,Female,2.8,21025.0,3,0.0,14.0,96.3,No,Yes,Yes,Urban,0
16,Female,3.36,12254.0,2,9.3,7.0,87.0,No,No,No,Suburban,1
19,Male,3.15,20749.0,4,3.9,80.0,100.0,No,No,No,Rural,0
25,Female,3.55,25145.0,3,4.3,62.0,95.7,No,No,No,Rural,0
20,Female,3.2,39992.0,3,5.2,27.0,88.7,No,Yes,No,Suburban,1
18,Female,2.52,83390.0,4,6.5,23.0,91.5,No,No,No,Suburban,0
24,Male,2.72,20801.0,4,6.7,2.0,99.3,No,No,Yes,Suburban,0
22,Female,2.69,24800.0,2,7.3,36.0,91.6,No,No,No,Rural,0
21,Male,2.9,114929.0,2,6.3,21.0,82.7,No,Yes,No,Suburban,1
20,Male,3.99,31245.0,10,4.4,18.0,78.6,No,No,No,Urban,1
17,Male,4.0,27190.0,2,7.8,71.0,85.9,No,No,No,Suburban,1
19,Male,3.46,27980.0,4,4.6,13.0,82.6,No,Yes,No,Urban,1
20,Male,3.07,46225.0,4,7.3,8.0,89.6,Yes,No,No,Suburban,1
25,Male,2.25,40316.0,5,1.6,6.0,83.9,No,Yes,No,Rural,0
19,Female,3.12,25723.0,4,7.9,67.0,84.9,No,No,No,Suburban,1
17,Female,2.57,32571.0,2,3.0,5.0,97.7,No,No,No,Urban,0
20,Male,3.9,72740.0,4,1.8,15.0,100.0,No,No,No,Urban,0
25,Female,2.12,50422.0,2,2.1,115.0,81.8,No,No,No,Rural,0
20,Female,3.21,97478.0,3,5.4,125.0,85.1,No,No,No,Suburban,0
19,Female,2.52,35069.0,4,10.0,34.0,86.2,No,Yes,No,Rural,0
22,Female,2.99,72561.0,5,4.6,25.0,90.5,No,No,No,Suburban,1
22,Other,3.37,74212.0,2,4.8,94.0,90.8,No,Yes,No,Urban,0
18,Female,3.56,24531.0,4,6.7,11.0,83.9,Yes,No,No,Suburban,1
25,Other,2.97,54978.0,5,3.7,16.0,92.1,No,Yes,No,Urban,0
21,Female,3.42,44001.0,1,4.7,8.0,84.3,No,No,No,Urban,0
16,Male,2.64,9013.0,1,4.2,32.0,85.0,No,No,Yes,Urban,0
20,Female,3.14,12859.0,5,9.3,154.0,80.7,No,No,No,Urban,0
25,Female,3.55,47438.0,5,5.2,25.0,96.3,No,Yes,No,Suburban,0
19,Female,3.18,9747.0,4,6.6,83.0,95.3,No,Yes,No,Urban,1
21,Female,2.71,7737.0,3,3.4,40.0,90.8,No,Yes,No,Suburban,0
22,Male,2.85,43266.0,4,2.5,9.0,93.3,Yes,Yes,No,Urban,0
23,Male,3.56,4631.0,2,6.5,41.0,96.9,No,No,No,Rural,1
24,Female,2.4,18220.0,3,5.6,55.0,94.0,No,Yes,No,Suburban,0
17,Female,2.48,43129.0,3,7.3,21.0,93.8,No,No,No,Suburban,1
21,Female,3.33,38121.0,1,3.0,6.0,84.6,Yes,No,No,Suburban,1
21,Female,2.76,38106.0,4,4.8,86.0,76.0,No,No,No,Urban,0
17,Female,2.2,62030.0,5,2.2,4.0,81.7,No,No,No,Urban,0
22,Female,3.74,79588.0,6,3.9,51.0,100.0,No,Yes,Yes,Urban,1
17,Male,2.4,84898.0,10,1.8,30.0,86.1,No,No,Yes,Urban,0
20,Female,2.89,121345.0,5,4.4,13.0,100.0,No,No,No,Suburban,0
19,Male,2.66,5280.0,4,7.9,54.0,92.3,No,No,No,Suburban,1
17,Female,2.84,23206.0,6,3.1,42.0,87.8,No,No,No,Suburban,0
24,Male,2.51,17222.0,5,3.1,44.0,80.8,No,Yes,No,Rural,0
18,Female,3.39,123772.0,1,4.6,21.0,82.4,No,Yes,No,Urban,0
18,Male,3.06,43780.0,4,4.6,10.0,86.9,No,No,No,Urban,0
24,Male,3.54,39493.0,2,6.7,50.0,86.9,No,Yes,No,Urban,1
24,Female,2.66,29920.0,4,2.1,6.0,92.4,No,Yes,No,Urban,0
16,Female,4.0,28713.0,6,0.0,12.0,82.6,No,No,No,Suburban,1
18,Male,1.95,28579.0,3,5.1,1.0,82.9,No,No,No,Urban,0
23,Female,2.13,30469.0,4,8.7,35.0,95.0,No,Yes,No,Urban,0
23,Male,3.96,28239.0,4,4.6,13.0,100.0,No,No,Yes,Urban,1
25,Male,3.26,105700.0,5,5.9,12.0,88.7,Yes,No,No,Suburban,1
21,Male,3.19,150342.0,4,4.8,7.0,91.5,No,No,No,Suburban,0
16,Female,3.24,144696.0,3,6.6,16.0,86.8,No,No,No,Rural,0
24,Female,3.31,8635.0,7,4.4,12.0,87.5,No,No,No,Rural,1
17,Female,3.16,25453.0,6,4.8,50.0,86.3,No,No,No,Suburban,1
17,Female,2.47,6692.0,3,8.6,11.0,85.2,No,Yes,No,Rural,0
22,Female,3.45,148014.0,2,7.5,57.0,92.4,No,Yes,No,Urban,0
22,Female,3.36,53852.0,2,3.5,81.0,92.9,No,Yes,No,Rural,0
16,Other,3.79,71280.0,2,3.5,31.0,86.0,Yes,Yes,No,Suburban,1
17,Male,3.97,37231.0,10,3.7,39.0,83.4,No,No,Yes,Rural,1
21,Male,3.18,39615.0,2,2.5,113.0,84.2,No,No,No,Urban,1
18,Male,2.32,90835.0,4,3.8,21.0,93.2,No,Yes,Yes,Suburban,0
22,Female,3.97,43479.0,5,4.7,9.0,81.6,No,No,No,Urban,1
20,Female,2.44,44775.0,5,3.3,65.0,79.9,No,Yes,No,Suburban,0
21,Male,3.19,67308.0,5,6.1,13.0,90.3,No,Yes,No,Urban,1
20,Female,2.86,61975.0,4,1.3,85.0,87.5,No,Yes,No,Rural,0
19,Female,2.76,42415.0,3,2.4,16.0,86.9,Yes,Yes,No,Rural,1
19,Male,3.42,29352.0,5,6.5,55.0,94.7,No,No,No,Urban,1
22,Male,3.13,27670.0,5,9.2,27.0,87.6,No,Yes,No,Rural,1
21,Male,3.28,85756.0,6,5.6,13.0,82.8,No,No,No,Urban,0
21,Male,2.55,45465.0,3,3.2,3.0,89.4,No,No,No,Suburban,1
21,Female,2.9,22796.0,5,2.6,57.0,82.8,Yes,Yes,No,Rural,1
18,Female,2.58,76674.0,5,4.2,59.0,95.1,No,No,Yes,Rural,0
25,Male,2.89,41851.0,2,7.8,17.0,88.2,No,No,No,Urban,0
21,Male,2.93,8303.0,2,6.1,12.0,79.8,No,No,No,Urban,1
23,Male,4.0,23903.0,7,2.3,1.0,89.2,No,Yes,Yes,Urban,1
24,Male,2.86,41953.0,5,5.8,8.0,81.6,No,No,Yes,Urban,1
25,Male,1.83,10251.0,6,8.2,20.0,96.2,No,No,No,Urban,0
22,Female,3.77,52036.0,2,7.6,16.0,87.2,No,Yes,No,Suburban,1
23,Female,3.25,58392.0,7,7.9,13.0,93.0,No,No,No,Suburban,0
20,Female,2.93,81286.0,3,6.8,60.0,83.1,No,No,No,Urban,0
23,Male,2.76,48466.0,4,2.2,2.0,86.5,No,Yes,No,Urban,0
19,Female,2.48,24973.0,2,3.2,3.0,91.3,No,No,No,Urban,1
23,Male,4.0,8584.0,8,8.8,15.0,86.7,No,Yes,No,Suburban,1
16,Male,3.03,8194.0,2,4.3,16.0,80.9,No,No,No,Urban,0
25,Female,2.04,36593.0,5,0.8,17.0,93.7,No,Yes,No,Suburban,0
18,Female,3.18,36574.0,2,6.3,24.0,90.3,No,No,No,Urban,1
22,Male,3.66,9884.0,4,7.3,9.0,79.4,No,Yes,Yes,Rural,1
16,Female,3.09,51114.0,2,4.8,28.0,85.1,Yes,No,No,Suburban,1
17,Female,2.5,29711.0,9,6.2,44.0,81.4,No,Yes,No,Urban,0
25,Female,2.45,18620.0,3,3.2,100.0,84.1,Yes,No,No,Urban,0
24,Female,2.5,14484.0,4,4.0,58.0,84.4,No,Yes,No,Suburban,0
18,Male,3.84,106324.0,2,1.0,44.0,86.1,No,No,No,Rural,0
17,Female,2.96,7259.0,1,2.6,7.0,76.6,No,Yes,No,Suburban,1
24,Male,2.08,125290.0,4,8.2,16.0,84.7,Yes,No,No,Suburban,0
25,Male,3.21,19573.0,4,0.0,21.0,95.7,No,Yes,No,Urban,0
17,Female,3.08,132922.0,3,4.1,37.0,100.0,No,No,No,Suburban,0
22,Female,2.75,9050.0,4,3.8,17.0,78.9,Yes,No,Yes,Rural,0
18,Male,2.44,54454.0,4,6.3,47.0,96.6,No,No,No,Suburban,0
23,Female,2.41,93263.0,4,0.3,38.0,100.0,No,Yes,No,Urban,0
20,Female,3.6,94628.0,2,3.3,77.0,86.4,No,Yes,No,Suburban,0
17,Female,3.14,54257.0,7,3.7,65.0,92.1,Yes,No,No,Suburban,1
19,Male,3.26,48970.0,6,5.9,133.0,96.1,No,No,No,Rural,1
21,Male,3.13,11382.0,6,5.0,93.0,84.5,No,No,No,Suburban,1
23,Male,3.18,77001.0,5,1.4,32.0,95.6,No,Yes,No,Rural,0
16,Male,2.74,87291.0,5,4.3,12.0,86.5,No,No,No,Suburban,0
25,Male,2.89,42625.0,6,3.3,23.0,95.7,No,No,No,Urban,0
22,Male,3.64,47714.0,9,6.0,34.0,100.0,No,No,No,Urban,1
24,Male,3.78,197744.0,5,4.5,21.0,98.1,No,No,No,Urban,0
25,Male,2.33,12516.0,3,8.8,1.0,85.5,No,Yes,Yes,Urban,1
17,Female,2.89,55363.0,1,3.5,2.0,92.8,No,Yes,Yes,Rural,0
16,Female,3.46,75714.0,7,3.8,6.0,84.3,No,No,No,Suburban,0
23,Male,4.0,8007.0,5,3.8,28.0,78.9,No,No,No,Urban,1
17,Female,3.98,8839.0,4,4.6,7.0,86.2,No,No,No,Urban,1
17,Male,2.56,22745.0,3,6.9,9.0,94.5,No,Yes,Yes,Rural,1
20,Male,3.7,24333.0,1,4.0,68.0,85.8,No,No,No,Urban,1
25,Female,3.03,21390.0,4,4.1,14.0,99.6,No,No,No,Suburban,1
23,Male,3.57,25079.0,2,5.8,163.0,88.6,No,Yes,No,Rural,1
21,Male,3.43,25649.0,7,2.9,7.0,79.4,No,Yes,No,Suburban,1
17,Male,2.3,42145.0,4,6.4,3.0,85.8,No,Yes,No,Suburban,0
19,Female,3.3,19080.0,5,4.2,22.0,82.9,No,Yes,No,Suburban,1
22,Female,3.55,33439.0,8,3.0,43.0,98.5,No,Yes,No,Suburban,1
17,Male,2.99,40581.0,2,1.0,14.0,92.0,No,No,Yes,Suburban,0
21,Male,2.86,29902.0,3,2.6,136.0,87.5,No,No,Yes,Suburban,0
16,Male,2.14,55280.0,8,4.5,45.0,94.0,No,Yes,No,Suburban,0
19,Female,3.38,102372.0,5,4.8,151.0,81.8,No,No,No,Rural,0
18,Male,3.11,12070.0,3,4.4,91.0,78.9,No,No,No,Rural,1
22,Female,2.49,17758.0,4,1.7,1.0,78.0,No,No,No,Urban,0
25,Female,2.82,68982.0,4,4.5,69.0,73.4,No,Yes,No,Rural,0
17,Male,3.08,50417.0,4,1.6,6.0,79.5,No,Yes,No,Urban,0
23,Female,2.69,72737.0,5,2.2,105.0,92.5,No,Yes,No,Urban,0
22,Male,3.0,65904.0,8,7.4,39.0,93.8,No,Yes,No,Urban,0
25,Male,2.04,24858.0,4,4.7,6.0,81.1,No,No,No,Urban,0
25,Male,3.74,107572.0,3,5.9,69.0,71.9,No,Yes,No,Urban,0
17,Male,3.01,109313.0,2,8.1,67.0,84.8,No,Yes,No,Rural,0
23,Female,2.4,18266.0,6,4.8,43.0,92.0,No,Yes,No,Suburban,1
21,Other,1.65,98056.0,4,7.0,17.0,94.7,No,No,Yes,Urban,0
17,Male,3.57,104933.0,4,5.8,70.0,89.9,No,No,No,Suburban,0
18,Male,3.31,130252.0,2,3.3,15.0,79.9,No,No,No,Suburban,0
25,Female,3.12,66839.0,1,4.6,5.0,93.8,Yes,No,No,Rural,0
21,Male,3.48,31921.0,4,3.3,15.0,91.2,No,No,No,Urban,1
19,Male,3.47,23522.0,1,6.3,29.0,93.9,No,No,No,Suburban,1
19,Other,3.11,31929.0,6,7.1,133.0,80.9,No,Yes,Yes,Urban,1
24,Female,2.86,13784.0,6,1.9,25.0,92.1,No,No,No,Urban,0
18,Female,2.77,56124.0,4,3.0,81.0,94.9,No,No,No,Urban,0
17,Male,3.23,36375.0,5,4.1,40.0,77.2,No,No,No,Rural,0
21,Male,3.77,11470.0,5,3.1,24.0,83.1,No,No,No,Urban,1
25,Male,2.94,23956.0,8,4.4,1.0,75.8,Yes,No,Yes,Suburban,1
17,Female,3.81,92763.0,6,5.7,58.0,81.5,No,No,No,Urban,0
18,Male,3.21,56869.0,2,7.8,13.0,87.2,No,Yes,No,Urban,0
20,Male,3.21,21745.0,5,3.8,52.0,76.4,No,No,No,Urban,0
17,Male,4.0,128050.0,6,3.7,23.0,96.9,No,Yes,Yes,Urban,0
22,Female,3.91,51582.0,8,5.7,33.0,97.0,Yes,No,Yes,Suburban,1
18,Female,3.92,15193.0,6,4.8,48.0,87.0,No,Yes,No,Rural,1
17,Female,2.56,32059.0,4,1.5,85.0,82.7,No,No,No,Suburban,0
18,Male,4.0,10722.0,3,3.0,43.0,87.6,No,No,No,Rural,1
25,Female,2.95,107454.0,4,4.2,27.0,99.7,No,No,Yes,Urban,0
25,Male,2.87,74379.0,2,6.6,18.0,93.0,No,No,No,Urban,0
21,Male,1.81,22539.0,4,7.4,29.0,73.6,No,No,No,Urban,0
20,Male,3.18,6250.0,5,2.6,7.0,70.0,No,No,No,Urban,0
24,Female,2.4,73549.0,2,3.2,39.0,80.8,No,No,No,Urban,0
17,Male,3.22,50390.0,3,6.8,4.0,87.7,No,No,No,Rural,0
22,Other,2.36,96859.0,1,3.9,73.0,74.4,No,No,No,Suburban,0
22,Male,3.99,4026.0,1,5.7,14.0,86.4,No,No,No,Urban,1
23,Male,3.3,68668.0,5,4.5,58.0,74.6,No,No,No,Urban,0
18,Female,4.0,39455.0,4,5.0,12.0,88.1,No,No,No,Urban,1
23,Female,2.44,163641.0,6,4.0,15.0,89.7,No,Yes,No,Urban,0
22,Male,3.85,14113.0,6,7.4,27.0,100.0,No,Yes,No,Urban,1
24,Female,2.01,79051.0,3,1.5,66.0,86.9,No,No,No,Urban,0
17,Male,3.11,69870.0,4,4.0,4.0,85.2,No,No,No,Urban,0
22,Male,2.65,11283.0,4,7.2,2.0,98.7,No,No,No,Urban,1
24,Female,2.75,33155.0,4,4.4,111.0,93.2,No,Yes,No,Rural,1
18,Female,2.72,63334.0,5,4.7,49.0,88.3,No,No,No,Suburban,0
23,Male,2.5,22627.0,5,7.0,13.0,85.6,No,No,No,Urban,1
16,Male,2.31,23196.0,3,5.9,77.0,100.0,No,No,No,Urban,0
23,Female,2.76,85450.0,3,6.8,61.0,82.1,No,No,No,Rural,0
22,Male,3.06,139709.0,4,7.5,21.0,76.2,No,No,No,Urban,0
17,Female,3.64,80454.0,5,1.7,19.0,86.5,No,No,Yes,Urban,0
16,Female,3.16,12231.0,3,3.9,8.0,85.5,No,Yes,No,Urban,1
23,Female,3.64,1546.0,6,3.1,0.0,97.6,No,Yes,No,Rural,1
18,Male,2.19,16057.0,6,5.6,8.0,89.2,No,No,No,Urban,0
20,Female,2.76,68197.0,3,7.2,3.0,95.3,No,No,No,Suburban,0
16,Male,3.39,74057.0,1,0.0,1.0,67.5,No,No,No,Urban,0
25,Male,3.19,30659.0,8,1.4,64.0,85.3,No,Yes,No,Urban,1
21,Male,2.53,15827.0,2,0.3,43.0,99.8,No,No,No,Urban,0
25,Male,3.51,32934.0,1,3.0,30.0,79.4,Yes,No,No,Suburban,1
17,Female,2.71,7815.0,7,4.9,41.0,85.8,No,Yes,Yes,Suburban,1
18,Female,2.57,52883.0,7,8.4,17.0,94.7,No,No,No,Suburban,0
22,Female,3.27,48601.0,2,1.9,19.0,84.0,No,No,No,Urban,0
22,Female,3.0,14879.0,1,10.0,8.0,94.3,No,No,No,Suburban,0
23,Female,2.71,81441.0,2,6.0,1.0,83.2,No,Yes,No,Urban,0
25,Female,2.69,43483.0,9,6.0,14.0,87.7,No,Yes,No,Urban,1
24,Female,2.41,20979.0,1,6.4,12.0,93.4,No,No,Yes,Rural,1
17,Female,2.78,54440.0,4,1.7,1.0,79.3,No,No,No,Suburban,0
19,Female,3.61,160928.0,3,3.5,37.0,81.5,Yes,No,Yes,Suburban,0
25,Male,3.13,8375.0,3,2.5,4.0,95.3,No,No,No,Urban,0
21,Other,3.53,168777.0,10,6.2,1.0,81.7,No,No,No,Urban,0
24,Male,3.28,43093.0,2,2.8,22.0,89.0,No,No,No,Rural,0
21,Male,2.66,63960.0,4,4.3,43.0,95.8,No,No,No,Urban,1
16,Female,2.09,67466.0,2,3.3,13.0,88.7,No,Yes,Yes,Suburban,0
20,Male,2.49,21558.0,3,7.9,84.0,90.2,No,No,No,Rural,1
24,Male,2.63,30111.0,5,3.4,1.0,100.0,No,No,No,Rural,0
22,Male,2.59,103686.0,7,2.4,51.0,100.0,No,No,No,Urban,0
17,Male,3.54,116657.0,3,5.8,26.0,89.1,No,Yes,Yes,Urban,1
18,Female,3.53,36466.0,5,4.6,49.0,84.6,No,Yes,No,Urban,1
24,Female,4.0,143420.0,1,7.9,17.0,94.7,No,Yes,No,Suburban,1
25,Male,2.58,39576.0,8,5.5,83.0,81.8,No,Yes,No,Suburban,1
23,Other,3.88,75896.0,6,5.4,7.0,98.5,No,No,No,Suburban,1
16,Female,3.88,23125.0,3,6.7,2.0,83.6,Yes,No,No,Urban,1
